poi_id,otm_xid,name,display_name_en,kinds,category_clean,wikidata,wikipedia_url,lat,lon,query_area,dist_from_query_center_m,rate,address_raw,preview_image,source,needs_review,candidate_count_same_key,wiki_title,wiki_match_method,wiki_match_score,wiki_has_page,wiki_pageviews_total,wiki_pageviews_avg,wiki_pageviews_max,wiki_days_observed,wiki_popularity_score,wiki_review_decision,wiki_identity_valid,wiki_pageview_available,wiki_review_notes,wiki_title_original,text_combined_raw,text_combined_norm,name_norm,is_mosque,is_church,is_synagogue,is_cathedral,is_palace,is_museum,is_monument,is_cemetery,is_fortress,is_tower,is_hamam,is_bridge,is_tekke_or_dergah,is_tomb,is_fountain,is_gate,subtype_flag_count,has_possible_duplicate,possible_duplicate_group,possible_duplicate_count,exclude_from_part_b,exclude_from_recommendation,exclusion_reason,exclusion_scope,family_iconic_landmark,family_religious_monumental,family_museum_cultural,family_viewpoint_scenic,family_palatial_imperial,family_neighborhood_heritage
otm_N7294561685,N7294561685,Chora Mosque / Kariye Museum,Chora Mosque / Kariye Museum,"religion,mosques,churches,cultural,museums,interesting_places,other_museums,other_churches",museum,Q849489,https://en.wikipedia.org/wiki/Chora%20Church,41.031097412109375,28.93909072875977,Balat / Fener,905.67963045,7,"{'city': 'Derviş Ali Mahallesi', 'road': 'Kariye Cami Sokak', 'town': 'Fatih', 'house': 'Kariye Müzesi', 'state': 'Marmara Bölgesi', 'country': 'Türkiye', 'postcode': '34087', 'country_code': 'tr', 'house_number': '18'}",https://upload.wikimedia.org/wikipedia/commons/thumb/1/1a/KariyeCamii-Aussenansicht.jpg/293px-KariyeCamii-Aussenansicht.jpg,opentripmap,0,2,Chora Church,from_url,1.0,1,20025.0,54.863013698630134,230.0,365,0.0123820612530213,,1,1,,Chora Church,"Chora Mosque / Kariye Museum Chora Mosque / Kariye Museum religion,mosques,churches,cultural,museums,interesting_places,other_museums,other_churches museum Chora Church","chora mosque kariye museum chora mosque kariye museum religion,mosques,churches,cultural,museums,interesting places,other museums,other churches museum chora church",chora kariye,1,1,0,0,0,1,0,0,0,0,0,0,0,0,0,0,3,0,,0,0,0,,,1,1,1,0,0,0
otm_R1555271,R1555271,Hagia Sophia,Hagia Sophia,"religion,mosques,churches,cultural,museums,interesting_places,other_museums,catholic_churches",museum,Q12506,https://en.wikipedia.org/wiki/Hagia%20Sophia,41.008506774902344,28.980009078979492,Hagia Sophia / Basilica Cistern,57.237152,7,"{'city': 'Cankurtaran Mahallesi', 'road': 'Bab-I Hümayun Caddesi', 'town': 'Fatih', 'state': 'Marmara Bölgesi', 'country': 'Türkiye', 'postcode': '34122', 'country_code': 'tr', 'neighbourhood': 'Cankurtaran'}",https://upload.wikimedia.org/wikipedia/commons/thumb/2/22/Hagia_Sophia_Mars_2013.jpg/400px-Hagia_Sophia_Mars_2013.jpg,opentripmap,0,2,Hagia Sophia,from_url,1.0,1,1300243.0,3562.309589041096,9331.0,365,0.8039794491791358,,1,1,,Hagia Sophia,"Hagia Sophia Hagia Sophia religion,mosques,churches,cultural,museums,interesting_places,other_museums,catholic_churches museum Hagia Sophia","hagia sophia hagia sophia religion,mosques,churches,cultural,museums,interesting places,other museums,catholic churches museum hagia sophia",hagia sophia,1,1,0,0,0,1,0,0,0,0,0,0,0,0,0,0,3,0,,0,0,0,,,1,1,1,0,0,0
otm_N415157636,N415157636,Serpent Column,Serpent Column,"historic,monuments_and_memorials,burial_places,urban_environment,cultural,interesting_places,other_burial_places,sculptures,monuments",historic,Q588892,https://en.wikipedia.org/wiki/Serpent%20Column,41.00566101074219,28.9751033782959,Sultanahmet Core,145.71910027,7,"{'city': 'Binbirdirek Mahallesi', 'town': 'Fatih', 'state': 'Marmara Bölgesi', 'country': 'Türkiye', 'postcode': '34122', 'pedestrian': 'Sultanahmet Meydanı', 'country_code': 'tr'}",https://upload.wikimedia.org/wikipedia/commons/thumb/2/2d/Snake_column_Hippodrome_Constantinople_2007.jpg/199px-Snake_column_Hippodrome_Constantinople_2007.jpg,opentripmap,0,1,Serpent Column,from_url,1.0,1,38432.0,105.2931506849315,432.0,365,0.0237636643234015,,1,1,,Serpent Column,"Serpent Column Serpent Column historic,monuments_and_memorials,burial_places,urban_environment,cultural,interesting_places,other_burial_places,sculptures,monuments historic Serpent Column","serpent column serpent column historic,monuments and memorials,burial places,urban environment,cultural,interesting places,other burial places,sculptures,monuments historic serpent column",serpent column,0,0,0,0,0,0,1,1,0,0,0,0,0,0,0,0,2,0,,0,0,0,,,1,0,0,0,0,1
otm_R1564032,R1564032,Süleymaniye Mosque,Süleymaniye Mosque,"religion,mosques,interesting_places",religious,Q178643,https://en.wikipedia.org/wiki/S%C3%BCleymaniye%20Mosque,41.016300201416016,28.963977813720703,Suleymaniye,18.64409212,7,"{'city': 'Süleymaniye Mahallesi', 'road': 'Prof. Sıddık Sami Onar Caddesi', 'town': 'Fatih', 'house': 'Süleymaniye Camii', 'state': 'Marmara Bölgesi', 'country': 'Türkiye', 'postcode': '34116', 'country_code': 'tr', 'house_number': '1'}",https://upload.wikimedia.org/wikipedia/commons/thumb/c/c0/Istanbul_asv2020-02_img49_S%C3%BCleymaniye_Mosque.jpg/400px-Istanbul_asv2020-02_img49_S%C3%BCleymaniye_Mosque.jpg,opentripmap,0,1,Süleymaniye Mosque,from_url,1.0,1,138681.0,379.9479452054794,651.0,365,0.0857506435271035,,1,1,,Süleymaniye Mosque,"Süleymaniye Mosque Süleymaniye Mosque religion,mosques,interesting_places religious Süleymaniye Mosque","suleymaniye mosque suleymaniye mosque religion,mosques,interesting places religious suleymaniye mosque",suleymaniye,1,0,0,0,0,0,0,0,0,0,0,0,0,0,0,0,1,0,,0,0,0,,,1,1,0,0,0,0
otm_N7215645385,N7215645385,The Blue Mosque,The Blue Mosque,"religion,mosques,interesting_places",religious,Q80541,https://en.wikipedia.org/wiki/Sultan%20Ahmed%20Mosque,41.005252838134766,28.976892471313477,Sultanahmet Core,18.13616229,7,"{'town': 'Fatih', 'house': 'Sultanahmet Camii', 'state': 'Marmara Bölgesi', 'suburb': 'Sultan Ahmet Mahallesi', 'country': 'Türkiye', 'postcode': '34122', 'pedestrian': 'Atmeydanı Caddesi', 'country_code': 'tr', 'house_number': '7'}",https://upload.wikimedia.org/wikipedia/commons/thumb/5/56/Sultan_Ahmed_Mosque_Istanbul_Turkey_retouched.jpg/400px-Sultan_Ahmed_Mosque_Istanbul_Turkey_retouched.jpg,opentripmap,0,2,Sultan Ahmed Mosque,from_url,1.0,1,50304.0,137.81917808219177,277.0,365,0.0311044798637695,,1,1,,Sultan Ahmed Mosque,"The Blue Mosque The Blue Mosque religion,mosques,interesting_places religious Sultan Ahmed Mosque","the blue mosque the blue mosque religion,mosques,interesting places religious sultan ahmed mosque",the blue,1,0,0,0,0,0,0,0,0,0,0,0,0,0,0,0,1,0,,0,0,0,,,1,1,0,0,0,0
otm_W103953125,W103953125,Tomb of Sultan Ahmet,Tomb of Sultan Ahmet,"religion,mosques,interesting_places",religious,Q80541,https://en.wikipedia.org/wiki/Sultan%20Ahmed%20Mosque,41.00679016113281,28.97703742980957,Sultanahmet Core,155.64108709,7,"{'town': 'Fatih', 'state': 'Marmara Bölgesi', 'suburb': 'Sultan Ahmet Mahallesi', 'country': 'Türkiye', 'postcode': '34122', 'pedestrian': 'Atmeydanı Caddesi', 'country_code': 'tr'}",https://upload.wikimedia.org/wikipedia/commons/thumb/5/56/Sultan_Ahmed_Mosque_Istanbul_Turkey_retouched.jpg/400px-Sultan_Ahmed_Mosque_Istanbul_Turkey_retouched.jpg,opentripmap,0,2,Sultan Ahmed Mosque,from_url,1.0,1,50304.0,137.81917808219177,277.0,365,0.0311044798637695,,1,1,,Sultan Ahmed Mosque,"Tomb of Sultan Ahmet Tomb of Sultan Ahmet religion,mosques,interesting_places religious Sultan Ahmed Mosque","tomb of sultan ahmet tomb of sultan ahmet religion,mosques,interesting places religious sultan ahmed mosque",of sultan ahmet,1,0,0,0,0,0,0,0,0,0,0,0,0,1,0,0,2,0,,0,0,0,,,1,1,0,0,0,1
otm_W326372295,W326372295,Yıldız Palace,Yıldız Palace,"palaces,architecture,historic_architecture,cultural,museums,interesting_places,other_museums",museum,Q911734,https://en.wikipedia.org/wiki/Y%C4%B1ld%C4%B1z%20Palace,41.05007553100586,29.01161766052246,Yildiz Palace,700.92397167,7,"{'city': 'Yıldız Mahallesi', 'road': 'Serencebey Yokuşu', 'town': 'Beşiktaş', 'state': 'Marmara Bölgesi', 'country': 'Türkiye', 'postcode': '34349', 'country_code': 'tr'}",https://upload.wikimedia.org/wikipedia/commons/thumb/b/b5/%C4%B0stanbul_5716.jpg/400px-%C4%B0stanbul_5716.jpg,opentripmap,0,2,Yıldız Palace,from_url,1.0,1,39930.0,109.3972602739726,289.0,365,0.0246899228880469,,1,1,,Yıldız Palace,"Yıldız Palace Yıldız Palace palaces,architecture,historic_architecture,cultural,museums,interesting_places,other_museums museum Yıldız Palace","yildiz palace yildiz palace palaces,architecture,historic architecture,cultural,museums,interesting places,other museums museum yildiz palace",yildiz,0,0,0,0,1,1,0,0,0,0,0,0,0,0,0,0,2,0,,0,0,0,,,1,0,1,0,1,0
otm_N6879165718,N6879165718,15 July coup monument (Istanbul),15 July coup monument (Istanbul),"historic,monuments_and_memorials,interesting_places,monuments",historic,Q108404641,,41.036991119384766,29.042274475097656,Beylerbeyi Palace,576.06670347,3,,,opentripmap,0,1,,,0.0,0,0.0,0.0,0.0,0,0.0,drop_wiki,0,0,incorrect Wikipedia match; keep POI but remove direct wiki linkage,Timeline of Istanbul,"15 July coup monument (Istanbul) 15 July coup monument (Istanbul) historic,monuments_and_memorials,interesting_places,monuments historic ","15 july coup monument istanbul 15 july coup monument istanbul historic,monuments and memorials,interesting places,monuments historic",15 july coup istanbul,0,0,0,0,0,0,1,0,0,0,0,0,0,0,0,0,1,0,,0,1,1,low_signal_monument,Weak tourism-signal monument excluded for current project scope,0,0,0,0,0,1
otm_N3580821812,N3580821812,Adam Mickiewicz Museum,Adam Mickiewicz Museum,"biographical_museums,historic_house_museums,cultural,museums,interesting_places,history_museums",museum,Q4679495,,41.038780212402344,28.977148056030273,Istiklal / Pera,545.861319,3,,,opentripmap,0,2,Adam Mickiewicz Museum,search,1.0,1,68.0,0.2833333333333333,4.0,240,4.204645019752557e-05,,1,1,,Adam Mickiewicz Museum,"Adam Mickiewicz Museum Adam Mickiewicz Museum biographical_museums,historic_house_museums,cultural,museums,interesting_places,history_museums museum Adam Mickiewicz Museum","adam mickiewicz museum adam mickiewicz museum biographical museums,historic house museums,cultural,museums,interesting places,history museums museum adam mickiewicz museum",adam mickiewicz,0,0,0,0,0,1,0,0,0,0,0,0,0,0,0,0,1,0,,0,0,0,,,0,0,1,0,0,0
otm_W109980654,W109980654,Ahi Çelebi Mosque,Ahi Çelebi Mosque,"religion,mosques,interesting_places",religious,Q6957244,,41.01894760131836,28.968408584594727,Eminonu / Spice Bazaar,310.86133448,3,,,opentripmap,0,1,Ahi Çelebi,search,0.6666666666666666,1,839.0,2.3971428571428572,14.0,350,0.0005187789958194,,1,1,,Ahi Çelebi,"Ahi Çelebi Mosque Ahi Çelebi Mosque religion,mosques,interesting_places religious Ahi Çelebi","ahi celebi mosque ahi celebi mosque religion,mosques,interesting places religious ahi celebi",ahi celebi,1,0,0,0,0,0,0,0,0,0,0,0,0,0,0,0,1,0,,0,0,0,,,0,1,0,0,0,0
otm_Q15961666,Q15961666,Ahmet Hamdi Tanpınar Literature Museum Library,Ahmet Hamdi Tanpınar Literature Museum Library,"museums,cultural,interesting_places,other_museums",museum,Q15961666,,41.01097869873047,28.978269577026367,Hagia Sophia / Basilica Cistern,358.22360813,3,,,opentripmap,0,1,Ahmet Hamdi Tanpınar Literature Museum Library,search,1.0,1,1073.0,2.9397260273972603,18.0,365,0.0006634682509109,,1,1,,Ahmet Hamdi Tanpınar Literature Museum Library,"Ahmet Hamdi Tanpınar Literature Museum Library Ahmet Hamdi Tanpınar Literature Museum Library museums,cultural,interesting_places,other_museums museum Ahmet Hamdi Tanpınar Literature Museum Library","ahmet hamdi tanpinar literature museum library ahmet hamdi tanpinar literature museum library museums,cultural,interesting places,other museums museum ahmet hamdi tanpinar literature museum library",ahmet hamdi tanpinar literature library,0,0,0,0,0,1,0,0,0,0,0,0,0,0,0,0,1,0,,0,0,0,,,0,0,1,0,0,0
otm_W733808427,W733808427,Ahmet Çelebi Mosque,Ahmet Çelebi Mosque,"religion,mosques,interesting_places",religious,Q6047829,,41.021724700927734,29.013490676879883,Uskudar Waterfront,474.94358115,3,,,opentripmap,0,1,,,0.0,0,0.0,0.0,0.0,0,0.0,drop_wiki,0,0,incorrect cross-match to a different mosque; keep POI but remove wiki linkage,Ahi Çelebi,"Ahmet Çelebi Mosque Ahmet Çelebi Mosque religion,mosques,interesting_places religious ","ahmet celebi mosque ahmet celebi mosque religion,mosques,interesting places religious",ahmet celebi,1,0,0,0,0,0,0,0,0,0,0,0,0,0,0,0,1,0,,0,0,0,,,0,1,0,0,0,0
otm_W235271665,W235271665,All Saints Moda English Church,All Saints Moda English Church,"religion,churches,interesting_places,other_churches",religious,Q20476315,,40.982086181640625,29.025239944458008,Kadikoy Historic Center,982.95499876,3,,,opentripmap,0,1,,,,0,0.0,0.0,0.0,0,0.0,,0,0,,,"All Saints Moda English Church All Saints Moda English Church religion,churches,interesting_places,other_churches religious ","all saints moda english church all saints moda english church religion,churches,interesting places,other churches religious",all saints moda english,0,1,0,0,0,0,0,0,0,0,0,0,0,0,0,0,1,0,,0,0,0,,,0,1,0,0,0,0
otm_N415068999,N415068999,Anadoluhisarı,Anadoluhisarı,"fortifications,historic,cultural,museums,interesting_places,other_museums,other_fortifications",museum,Q81650,,41.083274841308594,29.06653213500977,Rumeli Hisari,837.4887906,3,,,opentripmap,0,5,Anadoluhisarı,search,1.0,1,11771.0,32.24931506849315,79.0,365,0.0072783641952216,,1,1,,Anadoluhisarı,"Anadoluhisarı Anadoluhisarı fortifications,historic,cultural,museums,interesting_places,other_museums,other_fortifications museum Anadoluhisarı","anadoluhisari anadoluhisari fortifications,historic,cultural,museums,interesting places,other museums,other fortifications museum anadoluhisari",anadoluhisari,0,0,0,0,0,1,0,0,1,0,0,0,0,0,0,0,2,0,,0,0,0,,,0,0,1,1,0,0
otm_N2500907259,N2500907259,Arap Mosque,Arap Mosque,"religion,mosques,interesting_places",religious,Q642478,,41.02434158325195,28.971057891845703,Galata Tower,319.04585132,3,,,opentripmap,0,1,Arap Mosque,search,1.0,1,8660.0,23.726027397260275,50.0,365,0.0053547390986848,,1,1,,Arap Mosque,"Arap Mosque Arap Mosque religion,mosques,interesting_places religious Arap Mosque","arap mosque arap mosque religion,mosques,interesting places religious arap mosque",arap,1,0,0,0,0,0,0,0,0,0,0,0,0,0,0,0,1,0,,0,0,0,,,0,1,0,0,0,0
otm_Q784328,Q784328,Armenian Catholic Archeparchy of Istanbul,Armenian Catholic Archeparchy of Istanbul,"religion,other_temples,interesting_places",religious,Q784328,,41.03559875488281,28.979799270629883,Istiklal / Pera,247.32586581,3,,,opentripmap,0,1,Armenian Catholic Archeparchy of Istanbul,search,1.0,1,2190.0,6.0,59.0,365,0.0013541430284203,,1,1,,Armenian Catholic Archeparchy of Istanbul,"Armenian Catholic Archeparchy of Istanbul Armenian Catholic Archeparchy of Istanbul religion,other_temples,interesting_places religious Armenian Catholic Archeparchy of Istanbul","armenian catholic archeparchy of istanbul armenian catholic archeparchy of istanbul religion,other temples,interesting places religious armenian catholic archeparchy of istanbul",armenian catholic archeparchy of istanbul,0,0,0,0,0,0,0,0,0,0,0,0,0,0,0,0,0,0,,0,0,0,,,0,0,0,0,0,0
otm_W165517351,W165517351,Ashkenazi Synagogue,Ashkenazi Synagogue,"religion,synagogues,interesting_places",religious,Q2079847,,41.02449417114258,28.975082397460938,Galata Tower,145.56877382,3,,,opentripmap,0,1,Ashkenazi Synagogue of Istanbul,search,0.6666666666666666,1,3429.0,9.394520547945206,25.0,365,0.0021202540842252,,1,1,,Ashkenazi Synagogue of Istanbul,"Ashkenazi Synagogue Ashkenazi Synagogue religion,synagogues,interesting_places religious Ashkenazi Synagogue of Istanbul","ashkenazi synagogue ashkenazi synagogue religion,synagogues,interesting places religious ashkenazi synagogue of istanbul",ashkenazi,0,0,1,0,0,0,0,0,0,0,0,0,0,0,0,0,1,0,,0,0,0,,,0,1,0,0,0,0
otm_W474779384,W474779384,Ataturk Cultural Center,Ataturk Cultural Center,"cultural,theatres_and_entertainments,interesting_places,other_theatres",attraction,Q551685,,41.03652572631836,28.988290786743164,Dolmabahce,1084.98637854,3,,,opentripmap,0,1,Atatürk Cultural Center,search,0.5,1,5896.0,16.153424657534245,55.0,365,0.0036456745641854,,1,1,,Atatürk Cultural Center,"Ataturk Cultural Center Ataturk Cultural Center cultural,theatres_and_entertainments,interesting_places,other_theatres attraction Atatürk Cultural Center","ataturk cultural center ataturk cultural center cultural,theatres and entertainments,interesting places,other theatres attraction ataturk cultural center",ataturk cultural center,0,0,0,0,0,0,0,0,0,0,0,0,0,0,0,0,0,0,,0,0,0,,,0,0,0,0,0,0
otm_W237868337,W237868337,Atik Valide Mosque,Atik Valide Mosque,"religion,mosques,interesting_places",religious,Q2483550,,41.01889419555664,29.02358627319336,Uskudar Waterfront,1041.89967762,3,,,opentripmap,0,2,Atik Valide Mosque,search,1.0,1,2815.0,7.712328767123288,20.0,365,0.0017405993721475,,1,1,,Atik Valide Mosque,"Atik Valide Mosque Atik Valide Mosque religion,mosques,interesting_places religious Atik Valide Mosque","atik valide mosque atik valide mosque religion,mosques,interesting places religious atik valide mosque",atik valide,1,0,0,0,0,0,0,0,0,0,0,0,0,0,0,0,1,0,,0,0,0,,,0,1,0,0,0,0
otm_N3254460381,N3254460381,Aviation Martyrs' Monument,Aviation Martyrs' Monument,"historic,monuments_and_memorials,burial_places,interesting_places,other_burial_places,monuments",historic,Q1447350,,41.016075134277344,28.952634811401367,Fatih / Valens Aqueduct,340.9629473,3,,,opentripmap,0,1,Aviation Martyrs' Monument,search,1.0,1,1612.0,4.416438356164384,15.0,365,0.0009967482017413,,1,1,,Aviation Martyrs' Monument,"Aviation Martyrs' Monument Aviation Martyrs' Monument historic,monuments_and_memorials,burial_places,interesting_places,other_burial_places,monuments historic Aviation Martyrs' Monument","aviation martyrs monument aviation martyrs monument historic,monuments and memorials,burial places,interesting places,other burial places,monuments historic aviation martyrs monument",aviation martyrs,0,0,0,0,0,0,1,1,0,0,0,0,0,0,0,0,2,0,,0,0,0,,,0,0,0,0,0,1
otm_W401244752,W401244752,Aya Pandeleimon Rum Ortodoks Kilisesi,Aya Pandeleimon Rum Ortodoks Kilisesi,"religion,churches,interesting_places,other_churches",religious,Q97403030,,41.03459548950195,29.03047561645508,Beylerbeyi Palace,1177.43629236,3,,,opentripmap,0,1,,,,0,0.0,0.0,0.0,0,0.0,,0,0,,,"Aya Pandeleimon Rum Ortodoks Kilisesi Aya Pandeleimon Rum Ortodoks Kilisesi religion,churches,interesting_places,other_churches religious ","aya pandeleimon rum ortodoks kilisesi aya pandeleimon rum ortodoks kilisesi religion,churches,interesting places,other churches religious",aya pandeleimon rum ortodoks,0,1,0,0,0,0,0,0,0,0,0,0,0,0,0,0,1,0,,0,0,0,,,0,1,0,0,0,0
manual_4429796,,Kız Kulesi,Maiden's Tower,interesting_places,attraction,,,41.0211108,29.0040638,Maiden's Tower Coast,0.0,3,,,manual_patch_clean_source,0,1,Maiden's Tower,manual_restore,1.0,0,,,,,,,1,0,manual restore from pois_istanbul_clean,Maiden's Tower,Kız Kulesi Maiden's Tower interesting_places attraction Maiden's Tower,kiz kulesi maidens tower interesting places attraction maidens tower,kiz kulesi,0,0,0,0,0,0,0,0,0,1,0,0,0,0,0,0,1,1,,2,0,0,,,1,0,0,1,0,0
otm_W333931795,W333931795,Ayazma Cami,Ayazma Cami,"religion,mosques,interesting_places",religious,Q3324894,,41.02260208129883,29.008846282958984,Maiden's Tower Coast,432.76691601,3,,,opentripmap,0,1,Yağ Cami,search,0.5,1,714.0,1.9615384615384617,23.0,364,0.000441487727074,,1,1,,Yağ Cami,"Ayazma Cami Ayazma Cami religion,mosques,interesting_places religious Yağ Cami","ayazma cami ayazma cami religion,mosques,interesting places religious yag cami",ayazma,1,0,0,0,0,0,0,0,0,0,0,0,0,0,0,0,1,0,,0,0,0,,,0,1,0,0,0,0
otm_Q59238241,Q59238241,Ayios Fokas Church,Ayios Fokas Church,"religion,other_temples,interesting_places",religious,Q59238241,,41.04833221435547,29.026111602783203,Ortakoy,115.09859748,3,,,opentripmap,0,1,,,,0,0.0,0.0,0.0,0,0.0,,0,0,,,"Ayios Fokas Church Ayios Fokas Church religion,other_temples,interesting_places religious ","ayios fokas church ayios fokas church religion,other temples,interesting places religious",ayios fokas,0,1,0,0,0,0,0,0,0,0,0,0,0,0,0,0,1,0,,0,0,0,,,0,1,0,0,0,0
otm_N8204998817,N8204998817,Aynalıkavak Palace,Aynalıkavak Palace,"palaces,architecture,historic_architecture,interesting_places",historic,Q793169,,41.03726577758789,28.95544815063477,Balat / Fener,969.46819451,3,,,opentripmap,0,1,Aynalıkavak Pavilion,search,0.5,1,1344.0,3.682191780821918,12.0,365,0.000831035721551,,1,1,,Aynalıkavak Pavilion,"Aynalıkavak Palace Aynalıkavak Palace palaces,architecture,historic_architecture,interesting_places historic Aynalıkavak Pavilion","aynalikavak palace aynalikavak palace palaces,architecture,historic architecture,interesting places historic aynalikavak pavilion",aynalikavak,0,0,0,0,1,0,0,0,0,0,0,0,0,0,0,0,1,0,,0,0,0,,,0,0,0,0,1,1
otm_N4519367793,N4519367793,Aziz Mahmud Hüdayi Mosque,Aziz Mahmud Hüdayi Mosque,"religion,mosques,interesting_places",religious,Q20471234,,41.02224349975586,29.01427459716797,Uskudar Waterfront,402.54177865,3,,,opentripmap,0,1,Aziz Mahmud Hudayi,search,0.4,1,17682.0,48.44383561643835,164.0,365,0.0109333137116565,,1,1,,Aziz Mahmud Hudayi,"Aziz Mahmud Hüdayi Mosque Aziz Mahmud Hüdayi Mosque religion,mosques,interesting_places religious Aziz Mahmud Hudayi","aziz mahmud hudayi mosque aziz mahmud hudayi mosque religion,mosques,interesting places religious aziz mahmud hudayi",aziz mahmud hudayi,1,0,0,0,0,0,0,0,0,0,0,0,0,0,0,0,1,0,,0,0,0,,,0,1,0,0,0,0
otm_W403116676,W403116676,Aşiyan Asri Cemetery,Aşiyan Asri Cemetery,"cemeteries,historic,burial_places,interesting_places",historic,Q4833524,,41.082759857177734,29.05545997619629,Rumeli Hisari,262.88326237,3,,,opentripmap,0,1,Aşiyan Asri Cemetery,search,1.0,1,6251.0,17.126027397260273,233.0,365,0.0038651817674225,,1,1,,Aşiyan Asri Cemetery,"Aşiyan Asri Cemetery Aşiyan Asri Cemetery cemeteries,historic,burial_places,interesting_places historic Aşiyan Asri Cemetery","asiyan asri cemetery asiyan asri cemetery cemeteries,historic,burial places,interesting places historic asiyan asri cemetery",asiyan asri,0,0,0,0,0,0,0,1,0,0,0,0,0,0,0,0,1,0,,0,0,0,,,0,0,0,0,0,1
otm_W746788646,W746788646,Aşiyan Museum,Aşiyan Museum,"biographical_museums,historic_house_museums,cultural,museums,interesting_places,history_museums",museum,Q4833521,,41.08265686035156,29.053451538085938,Rumeli Hisari,375.73349029,3,,,opentripmap,0,1,Aşiyan Museum,search,1.0,1,1142.0,3.1373626373626373,14.0,364,0.0007061330312584,,1,1,,Aşiyan Museum,"Aşiyan Museum Aşiyan Museum biographical_museums,historic_house_museums,cultural,museums,interesting_places,history_museums museum Aşiyan Museum","asiyan museum asiyan museum biographical museums,historic house museums,cultural,museums,interesting places,history museums museum asiyan museum",asiyan,0,0,0,0,0,1,0,0,0,0,0,0,0,0,0,0,1,0,,0,0,0,,,0,0,1,0,0,0
otm_Q4849720,Q4849720,Balaban Aga Mosque,Balaban Aga Mosque,"religion,mosques,interesting_places",religious,Q4849720,,41.01100158691406,28.95829963684082,Fatih / Valens Aqueduct,683.31140564,3,,,opentripmap,0,1,Balaban Aga Mosque,search,1.0,1,1244.0,3.4175824175824174,33.0,364,0.0007692027065547,,1,1,,Balaban Aga Mosque,"Balaban Aga Mosque Balaban Aga Mosque religion,mosques,interesting_places religious Balaban Aga Mosque","balaban aga mosque balaban aga mosque religion,mosques,interesting places religious balaban aga mosque",balaban aga,1,0,0,0,0,0,0,0,0,0,0,0,0,0,0,0,1,0,,0,0,0,,,0,1,0,0,0,0
otm_N5112750908,N5112750908,Balat Yanbol Sinagogu,Balat Yanbol Sinagogu,"religion,synagogues,interesting_places",religious,Q3409182,,41.03337097167969,28.946205139160156,Balat / Fener,502.58668471,3,,,opentripmap,0,1,,,,0,0.0,0.0,0.0,0,0.0,,0,0,,,"Balat Yanbol Sinagogu Balat Yanbol Sinagogu religion,synagogues,interesting_places religious ","balat yanbol sinagogu balat yanbol sinagogu religion,synagogues,interesting places religious",balat yanbol,0,0,1,0,0,0,0,0,0,0,0,0,0,0,0,0,1,0,,0,0,0,,,0,1,0,0,0,0
otm_N5108828685,N5108828685,Basketmakers' Kiosk,Basketmakers' Kiosk,"cultural,museums,interesting_places,other_museums,restaurants,foods,tourist_facilities",museum,Q4867763,,41.01629638671875,28.981937408447266,Topkapi Palace,544.69430509,3,,,opentripmap,0,1,Basketmakers' Kiosk,search,1.0,1,1435.0,3.9315068493150687,13.0,365,0.0008873037651977,,1,1,,Basketmakers' Kiosk,"Basketmakers' Kiosk Basketmakers' Kiosk cultural,museums,interesting_places,other_museums,restaurants,foods,tourist_facilities museum Basketmakers' Kiosk","basketmakers kiosk basketmakers kiosk cultural,museums,interesting places,other museums,restaurants,foods,tourist facilities museum basketmakers kiosk",basketmakers kiosk,0,0,0,0,0,1,0,0,0,0,0,0,0,0,0,0,1,0,,0,0,0,,,0,0,1,0,0,0
otm_Q2331925,Q2331925,Battle of Chalcedon,Battle of Chalcedon,"battlefields,historic,historical_places,interesting_places",historic,Q2331925,,40.98333358764648,29.03333282470703,Kadikoy Historic Center,1027.83685015,3,,,opentripmap,0,1,Battle of Chalcedon,search,1.0,1,115.0,0.3212290502793296,4.0,358,7.11079672458153e-05,,1,1,,Battle of Chalcedon,"Battle of Chalcedon Battle of Chalcedon battlefields,historic,historical_places,interesting_places historic Battle of Chalcedon","battle of chalcedon battle of chalcedon battlefields,historic,historical places,interesting places historic battle of chalcedon",battle of chalcedon,0,0,0,0,0,0,0,0,0,0,0,0,0,0,0,0,0,0,,0,1,1,historical_event,"Historical event, not a visitable attraction POI",0,0,0,0,0,1
otm_R12342892,R12342892,Bayezid II Mosque,Bayezid II Mosque,"religion,mosques,interesting_places",religious,Q853064,,41.010292053222656,28.965389251708984,Suleymaniye,669.54212107,3,,,opentripmap,0,1,Bayezid II Mosque,search,1.0,1,318.0,0.905982905982906,10.0,351,0.0001966289876884,,1,1,,Bayezid II Mosque,"Bayezid II Mosque Bayezid II Mosque religion,mosques,interesting_places religious Bayezid II Mosque","bayezid ii mosque bayezid ii mosque religion,mosques,interesting places religious bayezid ii mosque",bayezid ii,1,0,0,0,0,0,0,0,0,0,0,0,0,0,0,0,1,0,,0,0,0,,,0,1,0,0,0,0
otm_W401296646,W401296646,Beth Yaakov Sinagogu,Beth Yaakov Sinagogu,"religion,synagogues,interesting_places",religious,Q4897165,,41.03620147705078,29.029705047607425,Beylerbeyi Palace,1112.92560267,3,,,opentripmap,0,1,,,,0,0.0,0.0,0.0,0,0.0,,0,0,,,"Beth Yaakov Sinagogu Beth Yaakov Sinagogu religion,synagogues,interesting_places religious ","beth yaakov sinagogu beth yaakov sinagogu religion,synagogues,interesting places religious",beth yaakov,0,0,1,0,0,0,0,0,0,0,0,0,0,0,0,0,1,0,,0,0,0,,,0,1,0,0,0,0
otm_W639302102,W639302102,Beyazıt Tower,Beyazıt Tower,"architecture,towers,interesting_places,other_towers",attraction,Q853029,,41.01277923583984,28.964927673339844,Suleymaniye,391.37475986,3,,,opentripmap,0,1,Beyazıt Tower,search,1.0,1,4924.0,13.490410958904109,38.0,365,0.0030446576584208,,1,1,,Beyazıt Tower,"Beyazıt Tower Beyazıt Tower architecture,towers,interesting_places,other_towers attraction Beyazıt Tower","beyazit tower beyazit tower architecture,towers,interesting places,other towers attraction beyazit tower",beyazit,0,0,0,0,0,0,0,0,0,1,0,0,0,0,0,0,1,0,,0,0,0,,,0,0,0,1,0,0
otm_W401123337,W401123337,Beylerbeyi Mosque,Beylerbeyi Mosque,"religion,mosques,interesting_places",religious,Q6845681,,41.04497528076172,29.04461669921875,Beylerbeyi Palace,478.49811433,3,,,opentripmap,0,3,Beylerbeyi Mosque,search,1.0,1,1868.0,5.117808219178082,25.0,365,0.001155040720132,,1,1,,Beylerbeyi Mosque,"Beylerbeyi Mosque Beylerbeyi Mosque religion,mosques,interesting_places religious Beylerbeyi Mosque","beylerbeyi mosque beylerbeyi mosque religion,mosques,interesting places religious beylerbeyi mosque",beylerbeyi,1,0,0,0,0,0,0,0,0,0,0,0,0,0,0,0,1,0,,0,0,0,,,0,1,0,0,0,0
otm_W61736367,W61736367,Beylerbeyi Palace,Beylerbeyi Palace,"palaces,architecture,historic_architecture,cultural,museums,interesting_places,other_museums",museum,Q794349,,41.042694091796875,29.040014266967773,Beylerbeyi Palace,87.1573519,3,,,opentripmap,0,2,Beylerbeyi Palace,search,1.0,1,34514.0,94.55890410958904,151.0,365,0.021341046795844,,1,1,,Beylerbeyi Palace,"Beylerbeyi Palace Beylerbeyi Palace palaces,architecture,historic_architecture,cultural,museums,interesting_places,other_museums museum Beylerbeyi Palace","beylerbeyi palace beylerbeyi palace palaces,architecture,historic architecture,cultural,museums,interesting places,other museums museum beylerbeyi palace",beylerbeyi,0,0,0,0,1,1,0,0,0,0,0,0,0,0,0,0,2,0,,0,0,0,,,1,0,1,0,1,0
otm_W498861874,W498861874,Bezmialem Valide Sultan Camii,Bezmialem Valide Sultan Camii,"religion,mosques,interesting_places",religious,Q2086068,,41.036773681640625,28.9952335357666,Dolmabahce,532.74383686,3,,,opentripmap,0,1,,,,0,0.0,0.0,0.0,0,0.0,,0,0,,,"Bezmialem Valide Sultan Camii Bezmialem Valide Sultan Camii religion,mosques,interesting_places religious ","bezmialem valide sultan camii bezmialem valide sultan camii religion,mosques,interesting places religious",bezmialem valide sultan,1,0,0,0,0,0,0,0,0,0,0,0,0,0,0,0,1,0,,0,0,0,,,0,1,0,0,0,0
otm_Q4937471,Q4937471,Bogdan Saray,Bogdan Saray,"religion,churches,interesting_places,other_churches",religious,Q4937471,,41.02975082397461,28.942119598388672,Balat / Fener,637.48228684,3,,,opentripmap,0,1,Bogdan Saray,search,1.0,1,1034.0,2.840659340659341,16.0,364,0.0006393533750623,,1,1,,Bogdan Saray,"Bogdan Saray Bogdan Saray religion,churches,interesting_places,other_churches religious Bogdan Saray","bogdan saray bogdan saray religion,churches,interesting places,other churches religious bogdan saray",bogdan,0,1,0,0,1,0,0,0,0,0,0,0,0,0,0,0,2,0,,0,0,0,,,0,1,0,0,1,0
otm_N5224440223,N5224440223,Bosphorus Bridge,Bosphorus Bridge,"bridges,architecture,interesting_places,suspension_bridges",attraction,Q4484,,41.045352935791016,29.03449249267578,Beylerbeyi Palace,627.56885661,3,,,opentripmap,0,1,Bosphorus Bridge,search,1.0,1,84338.0,231.06301369863013,5500.0,365,0.052148728187631,,1,1,,Bosphorus Bridge,"Bosphorus Bridge Bosphorus Bridge bridges,architecture,interesting_places,suspension_bridges attraction Bosphorus Bridge","bosphorus bridge bosphorus bridge bridges,architecture,interesting places,suspension bridges attraction bosphorus bridge",bosphorus bridge,0,0,0,0,0,0,0,0,0,0,0,1,0,0,0,0,1,0,,0,0,0,,,1,0,0,1,0,0
otm_N4312551404,N4312551404,Bulgarian St. Stephen Church,Bulgarian St. Stephen Church,"religion,churches,interesting_places,eastern_orthodox_churches",religious,Q2094950,,41.03173828125,28.94965362548828,Balat / Fener,226.39537364,3,,,opentripmap,0,2,Bulgarian St. Stephen Church,search,1.0,1,16552.0,45.347945205479455,96.0,365,0.0102346006421976,,1,1,,Bulgarian St. Stephen Church,"Bulgarian St. Stephen Church Bulgarian St. Stephen Church religion,churches,interesting_places,eastern_orthodox_churches religious Bulgarian St. Stephen Church","bulgarian st stephen church bulgarian st stephen church religion,churches,interesting places,eastern orthodox churches religious bulgarian st stephen church",bulgarian st stephen,0,1,0,0,0,0,0,0,0,0,0,0,0,0,0,0,1,0,,0,0,0,,,0,1,0,0,0,0
otm_Q23725,Q23725,Byzantium,Byzantium,"settlements,historic,archaeology,interesting_places",historic,Q23725,,41.01527786254883,28.984722137451172,Topkapi Palace,436.26203925,3,,,opentripmap,0,1,,,0.0,0,0.0,0.0,0.0,0,0.0,drop_wiki,0,0,"abstract historical settlement, not a practical attraction POI",Byzantium,"Byzantium Byzantium settlements,historic,archaeology,interesting_places historic ","byzantium byzantium settlements,historic,archaeology,interesting places historic",byzantium,0,0,0,0,0,0,0,0,0,0,0,0,0,0,0,0,0,0,,0,1,1,"Abstract historical settlement, not a concrete attraction POI",exclude_part_b_recommendation,0,0,0,0,0,1
otm_N2676941386,N2676941386,Cankurtaran,Cankurtaran,"industrial_facilities,abandoned_railway_stations,interesting_places",attraction,Q5032507,,41.00535202026367,28.982709884643555,Hagia Sophia / Basilica Cistern,377.38646721,3,,,opentripmap,0,1,Cankurtaran,search,1.0,1,351.0,1.1433224755700326,8.0,307,0.0002170338826372,,1,1,,Cankurtaran,"Cankurtaran Cankurtaran industrial_facilities,abandoned_railway_stations,interesting_places attraction Cankurtaran","cankurtaran cankurtaran industrial facilities,abandoned railway stations,interesting places attraction cankurtaran",cankurtaran,0,0,0,0,0,0,0,0,0,0,0,0,0,0,0,0,0,0,,0,0,0,,,0,0,0,0,0,0
otm_W59595670,W59595670,Cemal Resit Rey Concert Hall,Cemal Resit Rey Concert Hall,"theatres_and_entertainments,concert_halls,cultural,interesting_places,music_venues",attraction,Q5058633,,41.04821014404297,28.99015998840332,Dolmabahce,1336.58168553,3,,,opentripmap,0,1,Cemal Reşit Rey Concert Hall,search,0.8,1,1337.0,3.663013698630137,16.0,365,0.0008267074105013,,1,1,,Cemal Reşit Rey Concert Hall,"Cemal Resit Rey Concert Hall Cemal Resit Rey Concert Hall theatres_and_entertainments,concert_halls,cultural,interesting_places,music_venues attraction Cemal Reşit Rey Concert Hall","cemal resit rey concert hall cemal resit rey concert hall theatres and entertainments,concert halls,cultural,interesting places,music venues attraction cemal resit rey concert hall",cemal resit rey concert hall,0,0,0,0,0,0,0,0,0,0,0,0,0,0,0,0,0,0,,0,0,0,,,0,0,0,0,0,0
otm_Q5058732,Q5058732,Cemil Topuzlu Open-Air Theatre,Cemil Topuzlu Open-Air Theatre,"concert_halls,cultural,theatres_and_entertainments,interesting_places",attraction,Q5058732,,41.04583358764648,28.990278244018555,Dolmabahce,1144.81180541,3,,,opentripmap,0,1,Cemil Topuzlu Open-Air Theatre,search,1.0,1,2457.0,6.7315068493150685,25.0,365,0.0015192371784605,,1,1,,Cemil Topuzlu Open-Air Theatre,"Cemil Topuzlu Open-Air Theatre Cemil Topuzlu Open-Air Theatre concert_halls,cultural,theatres_and_entertainments,interesting_places attraction Cemil Topuzlu Open-Air Theatre","cemil topuzlu open air theatre cemil topuzlu open air theatre concert halls,cultural,theatres and entertainments,interesting places attraction cemil topuzlu open air theatre",cemil topuzlu open air theatre,0,0,0,0,0,0,0,0,0,0,0,0,0,0,0,0,0,0,,0,0,0,,,0,0,0,0,0,0
otm_Q337381,Q337381,Chalcedon,Chalcedon,"settlements,historic,archaeology,interesting_places",historic,Q337381,,40.98333358764648,29.03333282470703,Kadikoy Historic Center,1027.8227368,3,,,opentripmap,0,1,,,0.0,0,0.0,0.0,0.0,0,0.0,drop_wiki,0,0,"abstract historical settlement, not a practical attraction POI",Chalcedon,"Chalcedon Chalcedon settlements,historic,archaeology,interesting_places historic ","chalcedon chalcedon settlements,historic,archaeology,interesting places historic",chalcedon,0,0,0,0,0,0,0,0,0,0,0,0,0,0,0,0,0,0,,0,1,1,"Abstract historical settlement, not a concrete attraction POI",exclude_part_b_recommendation,0,0,0,0,0,1
otm_W112619334,W112619334,Church of Saint Anthony of Padua,Church of Saint Anthony of Padua,"religion,churches,interesting_places,catholic_churches",religious,Q810122,,41.03227615356445,28.977197647094727,Istiklal / Pera,189.74581454,3,,,opentripmap,0,1,"Church of Saint Anthony of Padua, Istanbul",search,0.8,1,0.0,0.0,0.0,0,0.0,,1,0,,"Church of Saint Anthony of Padua, Istanbul","Church of Saint Anthony of Padua Church of Saint Anthony of Padua religion,churches,interesting_places,catholic_churches religious Church of Saint Anthony of Padua, Istanbul","church of saint anthony of padua church of saint anthony of padua religion,churches,interesting places,catholic churches religious church of saint anthony of padua, istanbul",of saint anthony of padua,0,1,0,0,0,0,0,0,0,0,0,0,0,0,0,0,1,0,,0,0,0,,,0,1,0,0,0,0
otm_W165502587,W165502587,"Church of Saint Benoit, Istanbul","Church of Saint Benoit, Istanbul","religion,churches,interesting_places,catholic_churches",religious,Q5117030,,41.02507781982422,28.976776123046875,Galata Tower,211.32253075,3,,,opentripmap,0,1,"Church of Saint Benoit, Istanbul",search,1.0,1,3505.0,9.602739726027398,29.0,365,0.0021672471756224,,1,1,,"Church of Saint Benoit, Istanbul","Church of Saint Benoit, Istanbul Church of Saint Benoit, Istanbul religion,churches,interesting_places,catholic_churches religious Church of Saint Benoit, Istanbul","church of saint benoit, istanbul church of saint benoit, istanbul religion,churches,interesting places,catholic churches religious church of saint benoit, istanbul","of saint benoit, istanbul",0,1,0,0,0,0,0,0,0,0,0,0,0,0,0,0,1,0,,0,0,0,,,0,1,0,0,0,0
otm_N3360668134,N3360668134,Church of Saints Peter and Paul,Church of Saints Peter and Paul,"religion,churches,interesting_places,other_churches",religious,Q3671773,,41.02483749389648,28.972944259643555,Galata Tower,155.34608392,3,,,opentripmap,0,1,"Church of Saints Peter and Paul, Istanbul",search,0.8333333333333334,1,0.0,0.0,0.0,0,0.0,,1,0,,"Church of Saints Peter and Paul, Istanbul","Church of Saints Peter and Paul Church of Saints Peter and Paul religion,churches,interesting_places,other_churches religious Church of Saints Peter and Paul, Istanbul","church of saints peter and paul church of saints peter and paul religion,churches,interesting places,other churches religious church of saints peter and paul, istanbul",of saints peter and paul,0,1,0,0,0,0,0,0,0,0,0,0,0,0,0,0,1,0,,0,0,0,,,0,1,0,0,0,0
otm_N3360707037,N3360707037,Church of Santa Maria Draperis,Church of Santa Maria Draperis,"religion,churches,interesting_places,catholic_churches",religious,Q32239,,41.03009796142578,28.976152420043945,Istiklal / Pera,447.02253538,3,,,opentripmap,0,1,"Church of Saint Mary Draperis, Istanbul",search,0.2857142857142857,1,0.0,0.0,0.0,0,0.0,,1,0,,"Church of Saint Mary Draperis, Istanbul","Church of Santa Maria Draperis Church of Santa Maria Draperis religion,churches,interesting_places,catholic_churches religious Church of Saint Mary Draperis, Istanbul","church of santa maria draperis church of santa maria draperis religion,churches,interesting places,catholic churches religious church of saint mary draperis, istanbul",of santa maria draperis,0,1,0,0,0,0,0,0,0,0,0,0,0,0,0,0,1,0,,0,0,0,,,0,1,0,0,0,0
otm_W526875901,W526875901,Church of St. George,Church of St. George,"religion,cathedrals,churches,interesting_places,eastern_orthodox_churches",religious,Q1346546,,41.02912139892578,28.951894760131836,Balat / Fener,195.43958887,3,,,opentripmap,0,1,St George's Church,search,1.0,1,2824.0,7.736986301369863,52.0,365,0.0017461643434972,,1,1,,St George's Church,"Church of St. George Church of St. George religion,cathedrals,churches,interesting_places,eastern_orthodox_churches religious St George's Church","church of st george church of st george religion,cathedrals,churches,interesting places,eastern orthodox churches religious st george s church",of st george,0,1,0,0,0,0,0,0,0,0,0,0,0,0,0,0,1,0,,0,0,0,,,0,1,0,0,0,0
otm_W329233993,W329233993,Church of St. Mary of Blachernae,Church of St. Mary of Blachernae,"religion,churches,interesting_places,eastern_orthodox_churches",religious,Q1069807,,41.038448333740234,28.94247817993164,Eyup / Pierre Loti,1342.01534844,3,,,opentripmap,0,1,Church of St. Mary of Blachernae,search,1.0,1,8754.0,23.983561643835618,101.0,365,0.0054128621327814,,1,1,,Church of St. Mary of Blachernae,"Church of St. Mary of Blachernae Church of St. Mary of Blachernae religion,churches,interesting_places,eastern_orthodox_churches religious Church of St. Mary of Blachernae","church of st mary of blachernae church of st mary of blachernae religion,churches,interesting places,eastern orthodox churches religious church of st mary of blachernae",of st mary of blachernae,0,1,0,0,0,0,0,0,0,0,0,0,0,0,0,0,1,0,,0,0,0,,,0,1,0,0,0,0
otm_W261825033,W261825033,Church of St. Mary of the Mongols,Church of St. Mary of the Mongols,"religion,churches,interesting_places,eastern_orthodox_churches",religious,Q1950180,https://en.wikipedia.org/wiki/Church%20of%20Saint%20Mary%20of%20the%20Mongols,41.02960205078125,28.94902610778809,Balat / Fener,57.65552605,3,"{'road': 'Tevki Cafer Mektebi Sokağı', 'town': 'Fatih', 'state': 'Marmara Bölgesi', 'suburb': 'Balat Mahallesi', 'country': 'Türkiye', 'postcode': '34087', 'country_code': 'tr'}",https://upload.wikimedia.org/wikipedia/commons/thumb/d/db/StMaryOfTheMongols20071010_01.jpg/300px-StMaryOfTheMongols20071010_01.jpg,opentripmap,0,1,Church of Saint Mary of the Mongols,from_url,1.0,1,20529.0,56.24383561643835,142.0,365,0.0126936996486029,,1,1,,Church of Saint Mary of the Mongols,"Church of St. Mary of the Mongols Church of St. Mary of the Mongols religion,churches,interesting_places,eastern_orthodox_churches religious Church of Saint Mary of the Mongols","church of st mary of the mongols church of st mary of the mongols religion,churches,interesting places,eastern orthodox churches religious church of saint mary of the mongols",of st mary of the mongols,0,1,0,0,0,0,0,0,0,0,0,0,0,0,0,0,1,0,,0,0,0,,,1,1,0,0,0,0
otm_N4977947521,N4977947521,Church of St. Polyeuktos,Church of St. Polyeuktos,"religion,architecture,historic_architecture,fortifications,historic,churches,interesting_places,destroyed_objects,castles,other_churches",historic,Q1578614,,41.01423263549805,28.952959060668945,Fatih / Valens Aqueduct,428.0379651,3,,,opentripmap,0,1,Church of St. Polyeuctus,search,0.3333333333333333,1,7620.0,20.876712328767123,127.0,365,0.0047116757427227,,1,1,,Church of St. Polyeuctus,"Church of St. Polyeuktos Church of St. Polyeuktos religion,architecture,historic_architecture,fortifications,historic,churches,interesting_places,destroyed_objects,castles,other_churches historic Church of St. Polyeuctus","church of st polyeuktos church of st polyeuktos religion,architecture,historic architecture,fortifications,historic,churches,interesting places,destroyed objects,castles,other churches historic church of st polyeuctus",of st polyeuktos,0,1,0,0,0,0,0,0,1,0,0,0,0,0,0,0,2,0,,0,0,0,,,0,1,0,1,0,1
otm_W237058770,W237058770,Church of the Assumption,Church of the Assumption,"religion,churches,interesting_places,catholic_churches",religious,Q31188348,,40.984222412109375,29.025562286376953,Kadikoy Historic Center,744.28545822,3,,,opentripmap,0,2,Church of the Assumption,search,1.0,1,1082.0,3.022346368715084,29.0,358,0.0006690332222606,,1,1,,Church of the Assumption,"Church of the Assumption Church of the Assumption religion,churches,interesting_places,catholic_churches religious Church of the Assumption","church of the assumption church of the assumption religion,churches,interesting places,catholic churches religious church of the assumption",of the assumption,0,1,0,0,0,0,0,0,0,0,0,0,0,0,0,0,1,0,,0,0,0,,,0,1,0,0,0,0
otm_Q586568,Q586568,Church of the Holy Apostles,Church of the Holy Apostles,"religion,architecture,historic_architecture,churches,interesting_places,destroyed_objects,other_churches",historic,Q586568,,41.01972198486328,28.949722290039062,Fatih / Valens Aqueduct,645.28914971,3,,,opentripmap,0,1,Church of the Holy Apostles,search,1.0,1,132903.0,364.1178082191781,740.0,365,0.0821779319206138,,1,1,,Church of the Holy Apostles,"Church of the Holy Apostles Church of the Holy Apostles religion,architecture,historic_architecture,churches,interesting_places,destroyed_objects,other_churches historic Church of the Holy Apostles","church of the holy apostles church of the holy apostles religion,architecture,historic architecture,churches,interesting places,destroyed objects,other churches historic church of the holy apostles",of the holy apostles,0,1,0,0,0,0,0,0,0,0,0,0,0,0,0,0,1,0,,0,0,0,,,1,1,0,0,0,1
otm_Q3082387,Q3082387,Church of the Virgin of the Pharos,Church of the Virgin of the Pharos,"religion,churches,interesting_places,other_churches",religious,Q3082387,,41.00583267211914,28.977222442626953,Sultanahmet Core,59.81250368,3,,,opentripmap,0,1,Church of the Virgin of the Pharos,search,1.0,1,4415.0,12.095890410958903,53.0,365,0.0027299276120893,,1,1,,Church of the Virgin of the Pharos,"Church of the Virgin of the Pharos Church of the Virgin of the Pharos religion,churches,interesting_places,other_churches religious Church of the Virgin of the Pharos","church of the virgin of the pharos church of the virgin of the pharos religion,churches,interesting places,other churches religious church of the virgin of the pharos",of the virgin of the pharos,0,1,0,0,0,0,0,0,0,0,0,0,0,0,0,0,1,0,,0,0,0,,,0,1,0,0,0,0
otm_W498861861,W498861861,Ciragan Palace,Ciragan Palace,"palaces,architecture,historic_architecture,interesting_places",historic,Q273225,,41.0434684753418,29.01531410217285,Yildiz Palace,239.51687827,3,,,opentripmap,0,1,Çırağan Palace,search,0.5,1,40466.0,110.86575342465754,2277.0,365,0.0250213478484274,,1,1,,Çırağan Palace,"Ciragan Palace Ciragan Palace palaces,architecture,historic_architecture,interesting_places historic Çırağan Palace","ciragan palace ciragan palace palaces,architecture,historic architecture,interesting places historic ciragan palace",ciragan,0,0,0,0,1,0,0,0,0,0,0,0,0,0,0,0,1,0,,0,0,0,,,1,0,0,0,1,1
otm_N5113500244,N5113500244,Cistern of Philoxenos,Cistern of Philoxenos,"historic,archaeology,cultural,museums,interesting_places,other_museums,other_archaeological_sites",museum,Q2728644,,41.00749206542969,28.974090576171875,Sultanahmet Core,325.60357529,3,,,opentripmap,0,5,Cistern of Philoxenos,search,1.0,1,13508.0,37.00821917808219,115.0,365,0.0083524036657084,,1,1,,Cistern of Philoxenos,"Cistern of Philoxenos Cistern of Philoxenos historic,archaeology,cultural,museums,interesting_places,other_museums,other_archaeological_sites museum Cistern of Philoxenos","cistern of philoxenos cistern of philoxenos historic,archaeology,cultural,museums,interesting places,other museums,other archaeological sites museum cistern of philoxenos",cistern of philoxenos,0,0,0,0,0,1,0,0,0,0,0,0,0,0,0,0,1,0,,0,0,0,,,0,0,1,0,0,0
otm_N3236233297,N3236233297,Column of Marcian,Column of Marcian,"historic,monuments_and_memorials,burial_places,urban_environment,cultural,interesting_places,other_burial_places,sculptures,monuments",historic,Q285236,,41.01544189453125,28.950284957885746,Fatih / Valens Aqueduct,550.72563858,3,,,opentripmap,0,1,Column of Marcian,search,1.0,1,4459.0,12.216438356164383,39.0,365,0.0027571341386877,,1,1,,Column of Marcian,"Column of Marcian Column of Marcian historic,monuments_and_memorials,burial_places,urban_environment,cultural,interesting_places,other_burial_places,sculptures,monuments historic Column of Marcian","column of marcian column of marcian historic,monuments and memorials,burial places,urban environment,cultural,interesting places,other burial places,sculptures,monuments historic column of marcian",column of marcian,0,0,0,0,0,0,1,1,0,0,0,0,0,0,0,0,2,0,,0,0,0,,,0,0,0,0,0,1
otm_N4695996389,N4695996389,Column of the Goths,Column of the Goths,"historic,monuments_and_memorials,burial_places,urban_environment,cultural,interesting_places,other_burial_places,sculptures,monuments",historic,Q2887370,,41.01464080810547,28.98567771911621,Topkapi Palace,402.06701135,3,,,opentripmap,0,1,Column of the Goths,search,1.0,1,6389.0,17.504109589041096,181.0,365,0.0039505113281175,,1,1,,Column of the Goths,"Column of the Goths Column of the Goths historic,monuments_and_memorials,burial_places,urban_environment,cultural,interesting_places,other_burial_places,sculptures,monuments historic Column of the Goths","column of the goths column of the goths historic,monuments and memorials,burial places,urban environment,cultural,interesting places,other burial places,sculptures,monuments historic column of the goths",column of the goths,0,0,0,0,0,0,1,1,0,0,0,0,0,0,0,0,2,0,,0,0,0,,,0,0,0,0,0,1
otm_W165717590,W165717590,Crimea Memorial Church,Crimea Memorial Church,"religion,churches,interesting_places,other_churches",religious,Q5185447,,41.02765274047851,28.977121353149418,Galata Tower,315.37426502,3,,,opentripmap,0,1,Crimea Memorial Church,search,1.0,1,4528.0,12.405479452054797,124.0,365,0.0027997989190352,,1,1,,Crimea Memorial Church,"Crimea Memorial Church Crimea Memorial Church religion,churches,interesting_places,other_churches religious Crimea Memorial Church","crimea memorial church crimea memorial church religion,churches,interesting places,other churches religious crimea memorial church",crimea,0,1,0,0,0,0,1,0,0,0,0,0,0,0,0,0,2,0,,0,0,0,,,0,1,0,0,0,1
otm_Q2058733,Q2058733,Defterdar Mosque,Defterdar Mosque,"religion,mosques,interesting_places",religious,Q2058733,,41.04199981689453,28.937599182128903,Eyup / Pierre Loti,783.40472851,3,,,opentripmap,0,1,Defterdar Mosque,search,1.0,1,665.0,1.8269230769230769,10.0,364,0.0004111895497258,,1,1,,Defterdar Mosque,"Defterdar Mosque Defterdar Mosque religion,mosques,interesting_places religious Defterdar Mosque","defterdar mosque defterdar mosque religion,mosques,interesting places religious defterdar mosque",defterdar,1,0,0,0,0,0,0,0,0,0,0,0,0,0,0,0,1,0,,0,0,0,,,0,1,0,0,0,0
otm_W24826707,W24826707,Dolmabahçe Palace,Dolmabahçe Palace,"gardens_and_parks,cultural,urban_environment,interesting_places",attraction,Q274141,,41.038963317871094,28.99953842163086,Dolmabahce,101.15102693,3,,,opentripmap,0,3,Dolmabahçe Palace,search,1.0,1,175035.0,479.54794520547944,2165.0,365,0.10822941779888069,,,,,,"Dolmabahçe Palace Dolmabahçe Palace gardens_and_parks,cultural,urban_environment,interesting_places attraction Dolmabahçe Palace","dolmabahce palace dolmabahce palace gardens and parks,cultural,urban environment,interesting places attraction dolmabahce palace",dolmabahce palace,0,0,0,0,1,0,0,0,0,0,0,0,0,0,0,0,1,0,,0,0,0,,,1,0,0,0,1,0
otm_W263949143,W263949143,Dolmabahçe Clock Tower,Dolmabahçe Clock Tower,"towers,architecture,interesting_places,clock_towers",attraction,Q1818013,,41.03765869140625,28.996362686157227,Dolmabahce,402.90023446,3,,,opentripmap,0,1,Dolmabahçe Clock Tower,search,1.0,1,3450.0,9.452054794520548,29.0,365,0.0021332390173744,,1,1,,Dolmabahçe Clock Tower,"Dolmabahçe Clock Tower Dolmabahçe Clock Tower towers,architecture,interesting_places,clock_towers attraction Dolmabahçe Clock Tower","dolmabahce clock tower dolmabahce clock tower towers,architecture,interesting places,clock towers attraction dolmabahce clock tower",dolmabahce clock,0,0,0,0,0,0,0,0,0,1,0,0,0,0,0,0,1,0,,0,0,0,,,0,0,0,1,0,0
otm_N5244812070,N5244812070,Dostlar Tiyatrosu,Dostlar Tiyatrosu,"cultural,theatres_and_entertainments,interesting_places,other_theatres",attraction,Q6100278,,41.01897811889648,28.96481704711914,Suleymaniye,320.16709323,3,,,opentripmap,0,1,,,,0,0.0,0.0,0.0,0,0.0,,0,0,,,"Dostlar Tiyatrosu Dostlar Tiyatrosu cultural,theatres_and_entertainments,interesting_places,other_theatres attraction ","dostlar tiyatrosu dostlar tiyatrosu cultural,theatres and entertainments,interesting places,other theatres attraction",dostlar tiyatrosu,0,0,0,0,0,0,0,0,0,0,0,0,0,0,0,0,0,0,,0,0,0,,,0,0,0,0,0,0
otm_N4889959434,N4889959434,Doğançay Museum,Doğançay Museum,"cultural,museums,interesting_places,art_galleries",museum,Q5303887,,41.035770416259766,28.978370666503903,Istiklal / Pera,211.43234472,3,,,opentripmap,0,1,Doğançay Museum,search,1.0,1,973.0,2.665753424657534,11.0,365,0.0006016352359145,,1,1,,Doğançay Museum,"Doğançay Museum Doğançay Museum cultural,museums,interesting_places,art_galleries museum Doğançay Museum","dogancay museum dogancay museum cultural,museums,interesting places,art galleries museum dogancay museum",dogancay,0,0,0,0,0,1,0,0,0,0,0,0,0,0,0,0,1,0,,0,0,0,,,0,0,1,0,0,0
otm_Q211004,Q211004,Ecumenical Patriarchate of Constantinople,Ecumenical Patriarchate of Constantinople,"religion,other_temples,interesting_places",religious,Q211004,,41.02916717529297,28.9516658782959,Balat / Fener,175.67775051,3,,,opentripmap,0,1,Ecumenical Patriarchate of Constantinople,search,1.0,1,217500.0,595.8904109589041,2654.0,365,0.1344868076170854,,1,1,,Ecumenical Patriarchate of Constantinople,"Ecumenical Patriarchate of Constantinople Ecumenical Patriarchate of Constantinople religion,other_temples,interesting_places religious Ecumenical Patriarchate of Constantinople","ecumenical patriarchate of constantinople ecumenical patriarchate of constantinople religion,other temples,interesting places religious ecumenical patriarchate of constantinople",ecumenical patriarchate of constantinople,0,0,0,1,0,0,0,0,0,0,0,0,0,0,0,0,1,0,,0,0,0,,,1,1,0,0,0,0
otm_Q647228,Q647228,"Edirnekapı, Istanbul","Edirnekapı, Istanbul","fortifications,historic,interesting_places,other_fortifications",historic,Q647228,,41.03111267089844,28.93916702270508,Balat / Fener,899.57131163,3,,,opentripmap,0,1,"Edirnekapı, Fatih",manual_review,1.0,1,0.0,0.0,0.0,0,0.0,fix,1,0,replaced generic city page with closest place-level historical proxy,Istanbul,"Edirnekapı, Istanbul Edirnekapı, Istanbul fortifications,historic,interesting_places,other_fortifications historic Edirnekapı, Fatih","edirnekapi, istanbul edirnekapi, istanbul fortifications,historic,interesting places,other fortifications historic edirnekapi, fatih","edirnekapi, istanbul",0,0,0,0,0,0,0,0,1,0,0,0,0,0,0,0,1,0,,0,0,0,,,0,0,0,1,0,1
otm_N269706604,N269706604,Ertuğrul Tekke mosque,Ertuğrul Tekke mosque,"religion,mosques,interesting_places",religious,Q1137517,,41.045650482177734,29.008522033691406,Yildiz Palace,392.49342879,3,,,opentripmap,0,1,Ertuğrul Tekke Mosque,search,1.0,1,1375.0,3.767123287671233,23.0,365,0.0008502039561999,,1,1,,Ertuğrul Tekke Mosque,"Ertuğrul Tekke mosque Ertuğrul Tekke mosque religion,mosques,interesting_places religious Ertuğrul Tekke Mosque","ertugrul tekke mosque ertugrul tekke mosque religion,mosques,interesting places religious ertugrul tekke mosque",ertugrul tekke,1,0,0,0,0,0,0,0,0,0,0,0,1,0,0,0,2,0,,0,0,0,,,0,1,0,0,0,0
otm_W525963959,W525963959,Eski Imaret Mosque,Eski Imaret Mosque,"religion,mosques,churches,interesting_places,other_churches",religious,Q2410449,,41.021629333496094,28.95499610900879,Fatih / Valens Aqueduct,529.58545381,3,,,opentripmap,0,1,Eski Imaret Mosque,search,1.0,1,4323.0,11.843835616438357,47.0,365,0.0026730412382926,,1,1,,Eski Imaret Mosque,"Eski Imaret Mosque Eski Imaret Mosque religion,mosques,churches,interesting_places,other_churches religious Eski Imaret Mosque","eski imaret mosque eski imaret mosque religion,mosques,churches,interesting places,other churches religious eski imaret mosque",eski imaret,1,1,0,0,0,0,0,0,0,0,0,0,0,0,0,0,2,0,,0,0,0,,,0,1,0,0,0,0
otm_W35391586,W35391586,Eyüp Cemetery,Eyüp Cemetery,"cemeteries,historic,burial_places,interesting_places",historic,Q6002600,,41.05241394042969,28.93324851989746,Eyup / Pierre Loti,492.27982947,3,,,opentripmap,0,1,Eyüp Cemetery,search,1.0,1,4794.0,13.134246575342466,31.0,365,0.0029642747389255,,1,1,,Eyüp Cemetery,"Eyüp Cemetery Eyüp Cemetery cemeteries,historic,burial_places,interesting_places historic Eyüp Cemetery","eyup cemetery eyup cemetery cemeteries,historic,burial places,interesting places historic eyup cemetery",eyup,0,0,0,0,0,0,0,1,0,0,0,0,0,0,0,0,1,0,,0,0,0,,,0,0,0,0,0,1
otm_W600269984,W600269984,Eyüp Sultan Mosque,Eyüp Sultan Mosque,"religion,mosques,interesting_places",religious,Q956677,,41.047603607177734,28.93349838256836,Eyup / Pierre Loti,80.30487137,3,,,opentripmap,0,2,Eyüp Sultan Mosque,search,1.0,1,29641.0,81.20821917808219,242.0,365,0.0183279239750714,,1,1,,Eyüp Sultan Mosque,"Eyüp Sultan Mosque Eyüp Sultan Mosque religion,mosques,interesting_places religious Eyüp Sultan Mosque","eyup sultan mosque eyup sultan mosque religion,mosques,interesting places religious eyup sultan mosque",eyup sultan,1,0,0,0,0,0,0,0,0,0,0,0,0,0,0,0,1,0,,0,0,0,,,1,1,0,0,0,0
otm_R1661399,R1661399,Fatih Mosque,Fatih Mosque,"religion,mosques,interesting_places",religious,Q756189,,41.01981735229492,28.94988250732422,Fatih / Valens Aqueduct,638.40162098,3,,,opentripmap,0,1,"Fatih Mosque, Istanbul",search,0.6666666666666666,1,77882.0,213.37534246575345,1182.0,365,0.0481567887394659,,1,1,,"Fatih Mosque, Istanbul","Fatih Mosque Fatih Mosque religion,mosques,interesting_places religious Fatih Mosque, Istanbul","fatih mosque fatih mosque religion,mosques,interesting places religious fatih mosque, istanbul",fatih,1,0,0,0,0,0,0,0,0,0,0,0,0,0,0,0,1,0,,0,0,0,,,1,1,0,0,0,0
otm_W403376607,W403376607,Fatih Sultan Mehmet Bridge,Fatih Sultan Mehmet Bridge,"bridges,architecture,interesting_places,suspension_bridges",attraction,Q369967,,41.09130859375,29.061382293701172,Rumeli Hisari,809.20690039,3,,,opentripmap,0,1,Fatih Sultan Mehmet Bridge,search,1.0,1,28561.0,78.24931506849315,484.0,365,0.0176601274131107,,1,1,,Fatih Sultan Mehmet Bridge,"Fatih Sultan Mehmet Bridge Fatih Sultan Mehmet Bridge bridges,architecture,interesting_places,suspension_bridges attraction Fatih Sultan Mehmet Bridge","fatih sultan mehmet bridge fatih sultan mehmet bridge bridges,architecture,interesting places,suspension bridges attraction fatih sultan mehmet bridge",fatih sultan mehmet bridge,0,0,0,0,0,0,0,0,0,0,0,1,0,0,0,0,1,0,,0,0,0,,,1,0,0,1,0,0
otm_W136456159,W136456159,Fethiye Mosque / Museum,Fethiye Mosque / Museum,"religion,mosques,churches,cultural,museums,interesting_places,other_museums,other_churches",museum,Q1420984,,41.02914810180664,28.946388244628903,Balat / Fener,285.2461708,3,,,opentripmap,0,2,Fethiye Mosque (Krujë),search,0.5,1,1255.0,3.447802197802198,17.0,364,0.0007760043382043,,1,1,,Fethiye Mosque (Krujë),"Fethiye Mosque / Museum Fethiye Mosque / Museum religion,mosques,churches,cultural,museums,interesting_places,other_museums,other_churches museum Fethiye Mosque (Krujë)","fethiye mosque museum fethiye mosque museum religion,mosques,churches,cultural,museums,interesting places,other museums,other churches museum fethiye mosque kruje",fethiye,1,1,0,0,0,1,0,0,0,0,0,0,0,0,0,0,3,0,,0,0,0,,,0,1,1,0,0,0
otm_W132277802,W132277802,Firuz Ağa Mosque,Firuz Ağa Mosque,"religion,mosques,interesting_places",religious,Q2565317,,41.007835388183594,28.976177215576172,Sultanahmet Core,275.48899401,3,,,opentripmap,0,1,Firuz Agha Mosque,search,0.6666666666666666,1,1639.0,4.49041095890411,15.0,365,0.0010134431157903,,1,1,,Firuz Agha Mosque,"Firuz Ağa Mosque Firuz Ağa Mosque religion,mosques,interesting_places religious Firuz Agha Mosque","firuz aga mosque firuz aga mosque religion,mosques,interesting places religious firuz agha mosque",firuz aga,1,0,0,0,0,0,0,0,0,0,0,0,0,0,0,0,1,0,,0,0,0,,,0,1,0,0,0,0
otm_Q1247291,Q1247291,Forum of Theodosius,Forum of Theodosius,"historic,archaeology,interesting_places,other_archaeological_sites",historic,Q1247291,,41.00972366333008,28.963611602783203,Suleymaniye,719.55985858,3,,,opentripmap,0,1,Forum of Theodosius,search,1.0,1,9516.0,26.07123287671233,54.0,365,0.0058840297070537,,1,1,,Forum of Theodosius,"Forum of Theodosius Forum of Theodosius historic,archaeology,interesting_places,other_archaeological_sites historic Forum of Theodosius","forum of theodosius forum of theodosius historic,archaeology,interesting places,other archaeological sites historic forum of theodosius",forum of theodosius,0,0,0,0,0,0,0,0,0,0,0,0,0,0,0,0,0,0,,0,0,0,,,0,0,0,0,0,1
otm_Q16947921,Q16947921,Fountain of Ahmed III (Üsküdar),Fountain of Ahmed III (Üsküdar),"fountains,historic,cultural,urban_environment,monuments_and_memorials,interesting_places,sculptures,monuments",historic,Q16947921,,41.02678680419922,29.01535415649414,Uskudar Waterfront,110.3831453,3,,,opentripmap,0,1,Fountain of Ahmed III (Üsküdar),search,1.0,1,1276.0,3.495890410958904,14.0,365,0.0007889892713535,,1,1,,Fountain of Ahmed III (Üsküdar),"Fountain of Ahmed III (Üsküdar) Fountain of Ahmed III (Üsküdar) fountains,historic,cultural,urban_environment,monuments_and_memorials,interesting_places,sculptures,monuments historic Fountain of Ahmed III (Üsküdar)","fountain of ahmed iii uskudar fountain of ahmed iii uskudar fountains,historic,cultural,urban environment,monuments and memorials,interesting places,sculptures,monuments historic fountain of ahmed iii uskudar",of ahmed iii uskudar,0,0,0,0,0,0,1,0,0,0,0,0,0,0,1,0,2,0,,0,0,0,,,0,0,0,0,0,1
otm_W280961352,W280961352,Galata Bridge,Galata Bridge,"bridges,architecture,interesting_places,moveable_bridges",attraction,Q81523,,41.02000427246094,28.97311782836914,Eminonu / Spice Bazaar,460.20164257,3,,,opentripmap,0,1,Galata Bridge,search,1.0,1,24788.0,67.91232876712328,181.0,365,0.0153271677572979,,1,1,,Galata Bridge,"Galata Bridge Galata Bridge bridges,architecture,interesting_places,moveable_bridges attraction Galata Bridge","galata bridge galata bridge bridges,architecture,interesting places,moveable bridges attraction galata bridge",galata bridge,0,0,0,0,0,0,0,0,0,0,0,1,0,0,0,0,1,0,,0,0,0,,,1,0,0,1,0,0
otm_W23236783,W23236783,Galata Tower,Galata Tower,"architecture,towers,interesting_places,observation_towers",attraction,Q91274,https://en.wikipedia.org/wiki/Galata%20Tower,41.02564239501953,28.974212646484375,Galata Tower,17.0324314,3,"{'city': 'Bereketzade Mahallesi', 'town': 'Beyoğlu', 'state': 'Marmara Bölgesi', 'suburb': 'Galata', 'country': 'Türkiye', 'postcode': '34420', 'country_code': 'tr'}",https://upload.wikimedia.org/wikipedia/commons/thumb/1/1c/Galata_Tower_after_the_2020_restoration.jpg/300px-Galata_Tower_after_the_2020_restoration.jpg,opentripmap,0,1,Galata Tower,from_url,1.0,1,154494.0,423.2712328767123,1589.0,365,0.0955282981884781,,1,1,,Galata Tower,"Galata Tower Galata Tower architecture,towers,interesting_places,observation_towers attraction Galata Tower","galata tower galata tower architecture,towers,interesting places,observation towers attraction galata tower",galata,0,0,0,0,0,0,0,0,0,1,0,0,0,0,0,0,1,0,,0,0,0,,,1,0,0,1,0,0
otm_N3386270532,N3386270532,Galatasaray Museum,Galatasaray Museum,"cultural,museums,interesting_places,art_galleries",museum,Q3329724,,41.03348159790039,28.976940155029297,Istiklal / Pera,93.16383168,3,,,opentripmap,0,1,Galatasaray Museum,search,1.0,1,1536.0,4.208219178082191,30.0,365,0.0009497551103441,,1,1,,Galatasaray Museum,"Galatasaray Museum Galatasaray Museum cultural,museums,interesting_places,art_galleries museum Galatasaray Museum","galatasaray museum galatasaray museum cultural,museums,interesting places,art galleries museum galatasaray museum",galatasaray,0,0,0,0,0,1,0,0,0,0,0,0,0,0,0,0,1,0,,0,0,0,,,0,0,1,0,0,0
otm_W109874498,W109874498,German Fountain,German Fountain,"fountains,cultural,urban_environment,interesting_places",attraction,Q322920,,41.00711441040039,28.976675033569336,Sultanahmet Core,190.87767298,3,,,opentripmap,0,1,German Fountain,search,1.0,1,10777.0,29.526027397260275,62.0,365,0.0066637440261578,,1,1,,German Fountain,"German Fountain German Fountain fountains,cultural,urban_environment,interesting_places attraction German Fountain","german fountain german fountain fountains,cultural,urban environment,interesting places attraction german fountain",german,0,0,0,0,0,0,0,0,0,0,0,0,0,0,1,0,1,0,,0,0,0,,,0,0,0,0,0,1
otm_N1768294290,N1768294290,Great Palace Mosaic Museum,Great Palace Mosaic Museum,"national_museums,cultural,museums,interesting_places",museum,Q2719230,,41.004268646240234,28.977449417114254,Sultanahmet Core,136.9190868,3,,,opentripmap,0,1,Great Palace Mosaic Museum,search,1.0,1,8033.0,22.008219178082193,42.0,365,0.0049670460946576,,1,1,,Great Palace Mosaic Museum,"Great Palace Mosaic Museum Great Palace Mosaic Museum national_museums,cultural,museums,interesting_places museum Great Palace Mosaic Museum","great palace mosaic museum great palace mosaic museum national museums,cultural,museums,interesting places museum great palace mosaic museum",great mosaic,0,0,0,0,1,1,0,0,0,0,0,0,0,0,0,0,2,0,,0,0,0,,,0,0,1,0,1,0
otm_Q475338,Q475338,Great Palace of Constantinople,Great Palace of Constantinople,"palaces,architecture,historic_architecture,interesting_places,destroyed_objects",historic,Q475338,,41.00638961791992,28.9777774810791,Sultanahmet Core,137.21121908,3,,,opentripmap,0,1,Great Palace of Constantinople,search,1.0,1,79621.0,218.13972602739727,549.0,365,0.0492320648702526,,1,1,,Great Palace of Constantinople,"Great Palace of Constantinople Great Palace of Constantinople palaces,architecture,historic_architecture,interesting_places,destroyed_objects historic Great Palace of Constantinople","great palace of constantinople great palace of constantinople palaces,architecture,historic architecture,interesting places,destroyed objects historic great palace of constantinople",great of constantinople,0,0,0,0,1,0,0,0,0,0,0,0,0,0,0,0,1,0,,0,0,0,,,1,0,0,0,1,1
otm_W330645373,W330645373,Gül Mosque,Gül Mosque,"religion,mosques,churches,interesting_places,other_churches",religious,Q2334536,,41.026763916015625,28.95638084411621,Balat / Fener,649.52301265,3,,,opentripmap,0,1,Gül Mosque,search,1.0,1,5023.0,13.761643835616438,52.0,365,0.0031058723432672,,1,1,,Gül Mosque,"Gül Mosque Gül Mosque religion,mosques,churches,interesting_places,other_churches religious Gül Mosque","gul mosque gul mosque religion,mosques,churches,interesting places,other churches religious gul mosque",gul,1,1,0,0,0,0,0,0,0,0,0,0,0,0,0,0,2,0,,0,0,0,,,0,1,0,0,0,0
otm_R4742554,R4742554,Hagia Irene,Hagia Irene,"religion,churches,cultural,museums,interesting_places,other_museums,other_churches",museum,Q736676,,41.00974655151367,28.98106384277344,Hagia Sophia / Basilica Cistern,217.06175579,3,,,opentripmap,0,1,Hagia Irene,search,1.0,1,64114.0,175.65479452054794,388.0,365,0.0396436192347669,,1,1,,Hagia Irene,"Hagia Irene Hagia Irene religion,churches,cultural,museums,interesting_places,other_museums,other_churches museum Hagia Irene","hagia irene hagia irene religion,churches,cultural,museums,interesting places,other museums,other churches museum hagia irene",hagia irene,0,1,0,0,0,1,0,0,0,0,0,0,0,0,0,0,2,0,,0,0,0,,,1,1,1,0,0,0
otm_W206855035,W206855035,Hagia Triada Greek Orthodox Church,Hagia Triada Greek Orthodox Church,"religion,churches,interesting_places,other_churches",religious,Q5638730,,41.035587310791016,28.984235763549805,Istiklal / Pera,564.78879478,3,,,opentripmap,0,1,"Hagia Triada Church, Istanbul",search,0.5,1,39244.0,107.51780821917808,13376.0,365,0.0242657484051719,,1,1,,"Hagia Triada Church, Istanbul","Hagia Triada Greek Orthodox Church Hagia Triada Greek Orthodox Church religion,churches,interesting_places,other_churches religious Hagia Triada Church, Istanbul","hagia triada greek orthodox church hagia triada greek orthodox church religion,churches,interesting places,other churches religious hagia triada church, istanbul",hagia triada greek orthodox,0,1,0,0,0,0,0,0,0,0,0,0,0,0,0,0,1,0,,0,0,0,,,1,1,0,0,0,0
otm_W53602038,W53602038,Haidar Pasha Cemetery,Haidar Pasha Cemetery,"cemeteries,historic,burial_places,interesting_places",historic,Q5686262,,41.000709533691406,29.01869010925293,Kadikoy Historic Center,1263.60339156,3,,,opentripmap,0,1,Haydarpaşa Cemetery,search,0.25,1,2387.0,6.53972602739726,18.0,365,0.0014759540679631,keep,1,1,Wikipedia identity appears correct; location may be slightly off but not a wiki-match problem,Haydarpaşa Cemetery,"Haidar Pasha Cemetery Haidar Pasha Cemetery cemeteries,historic,burial_places,interesting_places historic Haydarpaşa Cemetery","haidar pasha cemetery haidar pasha cemetery cemeteries,historic,burial places,interesting places historic haydarpasa cemetery",haidar pasha,0,0,0,0,0,0,0,1,0,0,0,0,0,0,0,0,1,0,,0,0,0,,,0,0,0,0,0,1
otm_N4169858237,N4169858237,Haldun Taner Stage,Haldun Taner Stage,"cultural,theatres_and_entertainments,interesting_places,other_theatres",attraction,Q15533769,,40.99259567260742,29.02425193786621,Kadikoy Historic Center,255.25413032,3,,,opentripmap,0,2,Kadıköy Haldun Taner Stage,search,0.75,1,768.0,2.10989010989011,11.0,364,0.000474877555172,,1,1,,Kadıköy Haldun Taner Stage,"Haldun Taner Stage Haldun Taner Stage cultural,theatres_and_entertainments,interesting_places,other_theatres attraction Kadıköy Haldun Taner Stage","haldun taner stage haldun taner stage cultural,theatres and entertainments,interesting places,other theatres attraction kadikoy haldun taner stage",haldun taner stage,0,0,0,0,0,0,0,0,0,0,0,0,0,0,0,0,0,0,,0,0,0,,,0,0,0,0,0,0
otm_Q97368741,Q97368741,Halid Ağa Çeşmesi,Halid Ağa Çeşmesi,"fountains,historic,cultural,urban_environment,monuments_and_memorials,interesting_places,sculptures,monuments",historic,Q97368741,,40.9912109375,29.02802467346191,Kadikoy Historic Center,149.21715487,3,,,opentripmap,0,1,,,,0,0.0,0.0,0.0,0,0.0,,0,0,,,"Halid Ağa Çeşmesi Halid Ağa Çeşmesi fountains,historic,cultural,urban_environment,monuments_and_memorials,interesting_places,sculptures,monuments historic ","halid aga cesmesi halid aga cesmesi fountains,historic,cultural,urban environment,monuments and memorials,interesting places,sculptures,monuments historic",halid aga,0,0,0,0,0,0,1,0,0,0,0,0,0,0,1,0,2,0,,0,0,0,,,0,0,0,0,0,1
otm_W59595672,W59595672,Harbiye Muhsin Ertuğrul Stage,Harbiye Muhsin Ertuğrul Stage,"cultural,theatres_and_entertainments,interesting_places,other_theatres",attraction,Q16892078,,41.04661178588867,28.988807678222656,Dolmabahce,1295.18003167,3,,,opentripmap,0,1,Harbiye Muhsin Ertuğrul Stage,search,1.0,1,485.0,1.3817663817663817,8.0,351,0.0002998901227323,,1,1,,Harbiye Muhsin Ertuğrul Stage,"Harbiye Muhsin Ertuğrul Stage Harbiye Muhsin Ertuğrul Stage cultural,theatres_and_entertainments,interesting_places,other_theatres attraction Harbiye Muhsin Ertuğrul Stage","harbiye muhsin ertugrul stage harbiye muhsin ertugrul stage cultural,theatres and entertainments,interesting places,other theatres attraction harbiye muhsin ertugrul stage",harbiye muhsin ertugrul stage,0,0,0,0,0,0,0,0,0,0,0,0,0,0,0,0,0,0,,0,0,0,,,0,0,0,0,0,0
otm_N409151055,N409151055,Haydarpaşa Terminal,Haydarpaşa Terminal,"industrial_facilities,abandoned_railway_stations,interesting_places",attraction,Q800973,,40.99607467651367,29.017623901367188,Kadikoy Historic Center,929.02542596,3,,,opentripmap,0,1,Haydarpaşa,search,0.5,1,4074.0,11.161643835616438,37.0,365,0.0025190770309517,,1,1,,Haydarpaşa,"Haydarpaşa Terminal Haydarpaşa Terminal industrial_facilities,abandoned_railway_stations,interesting_places attraction Haydarpaşa","haydarpasa terminal haydarpasa terminal industrial facilities,abandoned railway stations,interesting places attraction haydarpasa",haydarpasa terminal,0,0,0,0,0,0,0,0,0,0,0,0,0,0,0,0,0,0,,0,0,0,,,0,0,0,0,0,0
otm_W695627910,W695627910,Hemdat Israel Sinagogu,Hemdat Israel Sinagogu,"religion,synagogues,interesting_places",religious,Q3409173,,40.99478530883789,29.027421951293945,Kadikoy Historic Center,441.60535872,3,,,opentripmap,0,1,,,,0,0.0,0.0,0.0,0,0.0,,0,0,,,"Hemdat Israel Sinagogu Hemdat Israel Sinagogu religion,synagogues,interesting_places religious ","hemdat israel sinagogu hemdat israel sinagogu religion,synagogues,interesting places religious",hemdat israel,0,0,1,0,0,0,0,0,0,0,0,0,0,0,0,0,1,0,,0,0,0,,,0,1,0,0,0,0
otm_W329234516,W329234516,Hirami Ahmet Pasha Mosque (St. John in Trullo),Hirami Ahmet Pasha Mosque (St. John in Trullo),"religion,mosques,churches,interesting_places,other_churches",religious,Q1572506,,41.02798843383789,28.94590950012207,Balat / Fener,371.08945635,3,,,opentripmap,0,1,,,,0,0.0,0.0,0.0,0,0.0,,0,0,,,"Hirami Ahmet Pasha Mosque (St. John in Trullo) Hirami Ahmet Pasha Mosque (St. John in Trullo) religion,mosques,churches,interesting_places,other_churches religious ","hirami ahmet pasha mosque st john in trullo hirami ahmet pasha mosque st john in trullo religion,mosques,churches,interesting places,other churches religious",hirami ahmet pasha st john in trullo,1,1,0,0,0,0,0,0,0,0,0,0,0,0,0,0,2,0,,0,0,0,,,0,1,0,0,0,0
otm_Q3407358,Q3407358,Hodegon Monastery,Hodegon Monastery,"religion,monasteries,interesting_places",religious,Q3407358,,41.009029388427734,28.98503303527832,Topkapi Palace,310.59514169,3,,,opentripmap,0,1,Hodegon Monastery,search,1.0,1,3868.0,10.597260273972603,29.0,365,0.0023917010200592,,1,1,,Hodegon Monastery,"Hodegon Monastery Hodegon Monastery religion,monasteries,interesting_places religious Hodegon Monastery","hodegon monastery hodegon monastery religion,monasteries,interesting places religious hodegon monastery",hodegon monastery,0,0,0,0,0,0,0,0,0,0,0,0,0,0,0,0,0,0,,0,0,0,,,0,0,0,0,0,0
otm_N5112732265,N5112732265,II.  Bayezid Turkish Bath Culture Museum,II.  Bayezid Turkish Bath Culture Museum,"cultural,museums,interesting_places,other_museums",museum,Q68217803,,41.00994491577149,28.9615535736084,Suleymaniye,719.78703116,3,,,opentripmap,0,1,,,,0,0.0,0.0,0.0,0,0.0,,0,0,,,"II.  Bayezid Turkish Bath Culture Museum II.  Bayezid Turkish Bath Culture Museum cultural,museums,interesting_places,other_museums museum ","ii bayezid turkish bath culture museum ii bayezid turkish bath culture museum cultural,museums,interesting places,other museums museum",ii bayezid turkish culture,0,0,0,0,0,1,0,0,0,0,1,0,0,0,0,0,2,0,,0,0,0,,,0,0,1,0,0,1
otm_N6373152087,N6373152087,Ibrahim Pasha Palace,Ibrahim Pasha Palace,"palaces,architecture,historic_architecture,fortifications,historic,interesting_places,castles",historic,Q1655940,,41.005863189697266,28.972335815429688,Sultanahmet Core,379.08771912,3,,,opentripmap,0,1,Ibrahim Pasha Palace,search,1.0,1,4727.0,12.95068493150685,27.0,365,0.0029228466188779,,1,1,,Ibrahim Pasha Palace,"Ibrahim Pasha Palace Ibrahim Pasha Palace palaces,architecture,historic_architecture,fortifications,historic,interesting_places,castles historic Ibrahim Pasha Palace","ibrahim pasha palace ibrahim pasha palace palaces,architecture,historic architecture,fortifications,historic,interesting places,castles historic ibrahim pasha palace",ibrahim pasha,0,0,0,0,1,0,0,0,1,0,0,0,0,0,0,0,2,0,,0,0,0,,,0,0,0,1,1,1
otm_N5524863624,N5524863624,Ihlamur Palace,Ihlamur Palace,"palaces,architecture,historic_architecture,interesting_places",historic,Q2330055,,41.05079650878906,28.999774932861328,Dolmabahce,1290.31586588,3,,,opentripmap,0,1,Ihlamur Pavilion,search,0.3333333333333333,1,3496.0,9.578082191780824,26.0,365,0.0021616822042727,,1,1,,Ihlamur Pavilion,"Ihlamur Palace Ihlamur Palace palaces,architecture,historic_architecture,interesting_places historic Ihlamur Pavilion","ihlamur palace ihlamur palace palaces,architecture,historic architecture,interesting places historic ihlamur pavilion",ihlamur,0,0,0,0,1,0,0,0,0,0,0,0,0,0,0,0,1,0,,0,0,0,,,0,0,0,0,1,1
otm_W335402651,W335402651,Imperial Mint,Imperial Mint,"other,unclassified_objects,interesting_places,tourist_object",attraction,Q6090328,,41.010467529296875,28.980379104614254,Topkapi Palace,271.20424925,3,,,opentripmap,0,2,Mint (candy),search,0.3333333333333333,1,36760.0,100.71232876712328,169.0,365,0.0227298163126623,,1,1,,Mint (candy),"Imperial Mint Imperial Mint other,unclassified_objects,interesting_places,tourist_object attraction Mint (candy)","imperial mint imperial mint other,unclassified objects,interesting places,tourist object attraction mint candy",imperial mint,0,0,0,0,0,0,0,0,0,0,0,0,0,0,0,0,0,0,,0,0,0,,,1,0,0,0,0,0
otm_W319020883,W319020883,Istanbul Archaeology Museums,Istanbul Archaeology Museums,"national_museums,archaeological_museums,cultural,museums,interesting_places,history_museums",museum,Q636978,,41.01164627075195,28.98172950744629,Topkapi Palace,133.08462291,3,,,opentripmap,0,2,Istanbul Archaeology Museums,search,1.0,1,26421.0,72.38630136986302,168.0,365,0.0163369008921885,,1,1,,Istanbul Archaeology Museums,"Istanbul Archaeology Museums Istanbul Archaeology Museums national_museums,archaeological_museums,cultural,museums,interesting_places,history_museums museum Istanbul Archaeology Museums","istanbul archaeology museums istanbul archaeology museums national museums,archaeological museums,cultural,museums,interesting places,history museums museum istanbul archaeology museums",istanbul archaeology,0,0,0,0,0,1,0,0,0,0,0,0,0,0,0,0,1,0,,0,0,0,,,1,0,1,0,0,0
otm_W32394781,W32394781,Istanbul City Wall,Istanbul City Wall,"fortifications,defensive_walls,historic,interesting_places",historic,Q89917,,41.03675079345703,28.939353942871097,Eyup / Pierre Loti,1368.81602765,3,,,opentripmap,0,2,,,0.0,0,0.0,0.0,0.0,0,0.0,drop_wiki,0,0,vague fortification segment / unclear POI identity; avoid broad wall-page popularity,Istanbul,"Istanbul City Wall Istanbul City Wall fortifications,defensive_walls,historic,interesting_places historic ","istanbul city wall istanbul city wall fortifications,defensive walls,historic,interesting places historic",istanbul city wall,0,0,0,0,0,0,0,0,1,0,0,0,0,0,0,0,1,0,,0,1,1,non_atomic_poi,"Large linear historic structure, not an atomic destination POI",0,0,0,1,0,1
otm_N5113620695,N5113620695,Istanbul Museum of the History of Science and Technology in Islam,Istanbul Museum of the History of Science and Technology in Islam,"cultural,museums,interesting_places,museums_of_science_and_technology,other_technology_museums",museum,Q16850295,,41.01304244995117,28.978940963745117,Topkapi Palace,404.63476424,3,,,opentripmap,0,3,Istanbul Museum of the History of Science and Technology in Islam,search,1.0,1,2079.0,5.695890410958904,44.0,365,0.0012855083817743,,1,1,,Istanbul Museum of the History of Science and Technology in Islam,"Istanbul Museum of the History of Science and Technology in Islam Istanbul Museum of the History of Science and Technology in Islam cultural,museums,interesting_places,museums_of_science_and_technology,other_technology_museums museum Istanbul Museum of the History of Science and Technology in Islam","istanbul museum of the history of science and technology in islam istanbul museum of the history of science and technology in islam cultural,museums,interesting places,museums of science and technology,other technology museums museum istanbul museum of the history of science and technology in islam",istanbul of the history of science and technology in islam,0,0,0,0,0,1,0,0,0,0,0,0,0,0,0,0,1,0,,0,0,0,,,0,0,1,0,0,0
otm_Q6447963,Q6447963,Istanbul Painting and Sculpture Museum,Istanbul Painting and Sculpture Museum,"museums,cultural,interesting_places,art_galleries",museum,Q6447963,,41.038612365722656,28.99888801574707,Dolmabahce,165.73712667,3,,,opentripmap,0,1,Istanbul Museum of Painting and Sculpture,search,1.0,1,2035.0,5.575342465753424,22.0,365,0.0012583018551759,,1,1,,Istanbul Museum of Painting and Sculpture,"Istanbul Painting and Sculpture Museum Istanbul Painting and Sculpture Museum museums,cultural,interesting_places,art_galleries museum Istanbul Museum of Painting and Sculpture","istanbul painting and sculpture museum istanbul painting and sculpture museum museums,cultural,interesting places,art galleries museum istanbul museum of painting and sculpture",istanbul painting and sculpture,0,0,0,0,0,1,0,0,0,0,0,0,0,0,0,0,1,0,,0,0,0,,,0,0,1,0,0,0
otm_N5108828680,N5108828680,Istanbul Railway Museum,Istanbul Railway Museum,"cultural,museums,interesting_places,museums_of_science_and_technology,railway_museums",museum,Q15228897,,41.0152702331543,28.977020263671875,Eminonu / Spice Bazaar,589.76766326,3,,,opentripmap,0,1,Istanbul Railway Museum,search,1.0,1,1877.0,5.156593406593407,28.0,364,0.0011606056914816,,1,1,,Istanbul Railway Museum,"Istanbul Railway Museum Istanbul Railway Museum cultural,museums,interesting_places,museums_of_science_and_technology,railway_museums museum Istanbul Railway Museum","istanbul railway museum istanbul railway museum cultural,museums,interesting places,museums of science and technology,railway museums museum istanbul railway museum",istanbul railway,0,0,0,0,0,1,0,0,0,0,0,0,0,0,0,0,1,0,,0,0,0,,,0,0,1,0,0,0
otm_N6271794608,N6271794608,Italian Synagogue,Italian Synagogue,"religion,synagogues,interesting_places",religious,Q2574448,,41.02542495727539,28.972545623779297,Galata Tower,158.93273509,3,,,opentripmap,0,1,Italian Synagogue (Istanbul),search,0.6666666666666666,1,1351.0,3.7013698630136984,12.0,365,0.0008353640326008,,1,1,,Italian Synagogue (Istanbul),"Italian Synagogue Italian Synagogue religion,synagogues,interesting_places religious Italian Synagogue (Istanbul)","italian synagogue italian synagogue religion,synagogues,interesting places religious italian synagogue istanbul",italian,0,0,1,0,0,0,0,0,0,0,0,0,0,0,0,0,1,0,,0,0,0,,,0,1,0,0,0,0
otm_W236166952,W236166952,Kadıköy (Metro İstanbul),Kadıköy (Metro İstanbul),"architecture,historic_architecture,interesting_places,other_buildings_and_structures",historic,Q18712376,,40.99065780639648,29.02216339111328,Kadikoy Historic Center,349.06145047,3,,,opentripmap,0,1,Kadıköy (Istanbul Metro),search,0.5,1,2158.0,5.912328767123288,20.0,365,0.0013343564636214,,1,1,,Kadıköy (Istanbul Metro),"Kadıköy (Metro İstanbul) Kadıköy (Metro İstanbul) architecture,historic_architecture,interesting_places,other_buildings_and_structures historic Kadıköy (Istanbul Metro)","kadikoy metro istanbul kadikoy metro istanbul architecture,historic architecture,interesting places,other buildings and structures historic kadikoy istanbul metro",kadikoy metro istanbul,0,0,0,0,0,0,0,0,0,0,0,0,0,0,0,0,0,0,,0,0,0,,,0,0,0,0,0,1
otm_Q31190969,Q31190969,Kaptan İbrahim Ağa Camii,Kaptan İbrahim Ağa Camii,"religion,mosques,interesting_places",religious,Q31190969,,41.04288864135742,29.003000259399418,Dolmabahce,453.02125367,3,,,opentripmap,0,1,,,,0,0.0,0.0,0.0,0,0.0,,0,0,,,"Kaptan İbrahim Ağa Camii Kaptan İbrahim Ağa Camii religion,mosques,interesting_places religious ","kaptan ibrahim aga camii kaptan ibrahim aga camii religion,mosques,interesting places religious",kaptan ibrahim aga,1,0,0,0,0,0,0,0,0,0,0,0,0,0,0,0,1,0,,0,0,0,,,0,1,0,0,0,0
otm_Q6374536,Q6374536,"Kasim Aga Mosque, Istanbul","Kasim Aga Mosque, Istanbul","religion,mosques,interesting_places",religious,Q6374536,,41.02899932861328,28.93899917602539,Balat / Fener,903.19869023,3,,,opentripmap,0,1,"New Mosque, Istanbul",search,0.4,1,24753.0,67.81643835616438,132.0,365,0.0153055262020492,,1,1,,"New Mosque, Istanbul","Kasim Aga Mosque, Istanbul Kasim Aga Mosque, Istanbul religion,mosques,interesting_places religious New Mosque, Istanbul","kasim aga mosque, istanbul kasim aga mosque, istanbul religion,mosques,interesting places religious new mosque, istanbul","kasim aga mosque, istanbul",1,0,0,0,0,0,0,0,0,0,0,0,0,0,0,0,1,0,,0,0,0,,,1,1,0,0,0,0
otm_N5113611502,N5113611502,Kefeli cami,Kefeli cami,"religion,mosques,interesting_places",religious,Q2565343,,41.02952194213867,28.94160842895508,Balat / Fener,680.83305549,3,,,opentripmap,0,1,Yağ Cami,search,0.5,1,714.0,1.9615384615384617,23.0,364,0.000441487727074,,1,1,,Yağ Cami,"Kefeli cami Kefeli cami religion,mosques,interesting_places religious Yağ Cami","kefeli cami kefeli cami religion,mosques,interesting places religious yag cami",kefeli,1,0,0,0,0,0,0,0,0,0,0,0,0,0,0,0,1,0,,0,0,0,,,0,1,0,0,0,0
otm_W331194094,W331194094,Kemalpaşa Camii,Kemalpaşa Camii,"religion,mosques,interesting_places",religious,Q6028049,,41.01177215576172,28.95525550842285,Fatih / Valens Aqueduct,589.83977698,3,,,opentripmap,0,1,,,,0,0.0,0.0,0.0,0,0.0,,0,0,,,"Kemalpaşa Camii Kemalpaşa Camii religion,mosques,interesting_places religious ","kemalpasa camii kemalpasa camii religion,mosques,interesting places religious",kemalpasa,1,0,0,0,0,0,0,0,0,0,0,0,0,0,0,0,1,0,,0,0,0,,,0,1,0,0,0,0
otm_Q1775929,Q1775929,Kloster Sanctus Angelus in Petra,Kloster Sanctus Angelus in Petra,"religion,monasteries,interesting_places",religious,Q1775929,,41.01972198486328,28.95722198486328,Fatih / Valens Aqueduct,308.35731938,3,,,opentripmap,0,1,,,,0,0.0,0.0,0.0,0,0.0,,0,0,,,"Kloster Sanctus Angelus in Petra Kloster Sanctus Angelus in Petra religion,monasteries,interesting_places religious ","kloster sanctus angelus in petra kloster sanctus angelus in petra religion,monasteries,interesting places religious",kloster sanctus angelus in petra,0,0,0,0,0,0,0,0,0,0,0,0,0,0,0,0,0,0,,0,0,0,,,0,0,0,0,0,0
otm_W498861770,W498861770,Küçük Mecidiye Mosque,Küçük Mecidiye Mosque,"religion,mosques,interesting_places",religious,Q2719794,,41.045379638671875,29.01690101623535,Yildiz Palace,409.46139996,3,,,opentripmap,0,1,Küçük Mecidiye Mosque,search,1.0,1,1319.0,3.6136986301369864,12.0,365,0.000815577467802,,1,1,,Küçük Mecidiye Mosque,"Küçük Mecidiye Mosque Küçük Mecidiye Mosque religion,mosques,interesting_places religious Küçük Mecidiye Mosque","kucuk mecidiye mosque kucuk mecidiye mosque religion,mosques,interesting places religious kucuk mecidiye mosque",kucuk mecidiye,1,0,0,0,0,0,0,0,0,0,0,0,0,0,0,0,1,0,,0,0,0,,,0,1,0,0,0,0
otm_W230687140,W230687140,Küçüksu Palace,Küçüksu Palace,"cultural,museums,interesting_places,other_museums",museum,Q1755906,,41.07839584350586,29.06487464904785,Rumeli Hisari,991.08516983,3,,,opentripmap,0,1,Küçüksu Pavilion,search,0.3333333333333333,1,7726.0,21.167123287671235,111.0,365,0.0047772187386188,,1,1,,Küçüksu Pavilion,"Küçüksu Palace Küçüksu Palace cultural,museums,interesting_places,other_museums museum Küçüksu Pavilion","kucuksu palace kucuksu palace cultural,museums,interesting places,other museums museum kucuksu pavilion",kucuksu,0,0,0,0,1,1,0,0,0,0,0,0,0,0,0,0,2,0,,0,0,0,,,0,0,1,0,1,0
otm_W165574748,W165574748,Kılıç Ali Pasha Complex,Kılıç Ali Pasha Complex,"religion,mosques,interesting_places",religious,Q862848,,41.02641677856445,28.9809627532959,Galata Tower,557.58165616,3,,,opentripmap,0,2,Kılıç Ali Pasha Complex,search,1.0,1,11890.0,32.57534246575342,76.0,365,0.0073519454830673,,1,1,,Kılıç Ali Pasha Complex,"Kılıç Ali Pasha Complex Kılıç Ali Pasha Complex religion,mosques,interesting_places religious Kılıç Ali Pasha Complex","kilic ali pasha complex kilic ali pasha complex religion,mosques,interesting places religious kilic ali pasha complex",kilic ali pasha complex,1,0,0,0,0,0,0,0,0,0,0,0,0,0,0,0,1,0,,0,0,0,,,0,1,0,0,0,0
otm_R7328116,R7328116,Laleli Camii,Laleli Camii,"religion,mosques,interesting_places",religious,Q590900,,41.01008605957031,28.95666885375977,Fatih / Valens Aqueduct,767.95345739,3,,,opentripmap,0,1,Laleli Mosque,search,0.3333333333333333,1,6926.0,18.975342465753425,44.0,365,0.0042825546186479,,1,1,,Laleli Mosque,"Laleli Camii Laleli Camii religion,mosques,interesting_places religious Laleli Mosque","laleli camii laleli camii religion,mosques,interesting places religious laleli mosque",laleli,1,0,0,0,0,0,0,0,0,0,0,0,0,0,0,0,1,0,,0,0,0,,,0,1,0,0,0,0
otm_W303179753,W303179753,Little Hagia Sophia,Little Hagia Sophia,"religion,mosques,churches,interesting_places,other_churches",religious,Q1144576,,41.00273132324219,28.972192764282227,Sultanahmet Core,487.9132611,3,,,opentripmap,0,1,Little Hagia Sophia,search,1.0,1,26806.0,73.44109589041096,136.0,365,0.0165749579999245,,1,1,,Little Hagia Sophia,"Little Hagia Sophia Little Hagia Sophia religion,mosques,churches,interesting_places,other_churches religious Little Hagia Sophia","little hagia sophia little hagia sophia religion,mosques,churches,interesting places,other churches religious little hagia sophia",little hagia sophia,1,1,0,0,0,0,0,0,0,0,0,0,0,0,0,0,2,0,,0,0,0,,,1,1,0,0,0,0
otm_Q6070291,Q6070291,Mahmutpaşa Camii,Mahmutpaşa Camii,"religion,mosques,interesting_places",religious,Q6070291,,41.0111198425293,28.971330642700195,Eminonu / Spice Bazaar,605.05411118,3,,,opentripmap,0,1,,,,0,0.0,0.0,0.0,0,0.0,,0,0,,,"Mahmutpaşa Camii Mahmutpaşa Camii religion,mosques,interesting_places religious ","mahmutpasa camii mahmutpasa camii religion,mosques,interesting places religious",mahmutpasa,1,0,0,0,0,0,0,0,0,0,0,0,0,0,0,0,1,1,dup_001,1,0,0,,,0,1,0,0,0,0
otm_N663391254,N663391254,Mausoleum of Mahmud II,Mausoleum of Mahmud II,"historic,monuments_and_memorials,burial_places,interesting_places,mausoleums,monuments",historic,Q4273774,,41.008445739746094,28.972728729248047,Sultanahmet Core,481.54649979,3,,,opentripmap,0,2,Mahmud II,search,0.5,1,248567.0,681.0054794520548,1163.0,365,0.1536964703860049,,1,1,,Mahmud II,"Mausoleum of Mahmud II Mausoleum of Mahmud II historic,monuments_and_memorials,burial_places,interesting_places,mausoleums,monuments historic Mahmud II","mausoleum of mahmud ii mausoleum of mahmud ii historic,monuments and memorials,burial places,interesting places,mausoleums,monuments historic mahmud ii",of mahmud ii,0,0,0,0,0,0,1,1,0,0,0,0,0,1,0,0,3,0,,0,0,0,,,1,0,0,0,0,1
otm_N8615579901,N8615579901,Mehmed Kemal Bey  sepulchral monument,Mehmed Kemal Bey  sepulchral monument,"historic,monuments_and_memorials,interesting_places,monuments",historic,Q6087513,,40.99152755737305,29.034744262695312,Kadikoy Historic Center,713.98421749,3,,,opentripmap,0,1,,,,0,0.0,0.0,0.0,0,0.0,,0,0,,,"Mehmed Kemal Bey  sepulchral monument Mehmed Kemal Bey  sepulchral monument historic,monuments_and_memorials,interesting_places,monuments historic ","mehmed kemal bey sepulchral monument mehmed kemal bey sepulchral monument historic,monuments and memorials,interesting places,monuments historic",mehmed kemal bey sepulchral,0,0,0,0,0,0,1,0,0,0,0,0,0,1,0,0,2,0,,0,0,0,,,0,0,0,0,0,1
otm_W333931123,W333931123,Mihrimah Sultan Mosque,Mihrimah Sultan Mosque,"religion,mosques,interesting_places",religious,Q2537376,,41.02674102783203,29.016056060791016,Uskudar Waterfront,126.94815319,3,,,opentripmap,0,4,Mihrimah Sultan Mosque,search,1.0,1,85.0,0.3441295546558704,2.0,247,5.2558062746906955e-05,,1,1,,Mihrimah Sultan Mosque,"Mihrimah Sultan Mosque Mihrimah Sultan Mosque religion,mosques,interesting_places religious Mihrimah Sultan Mosque","mihrimah sultan mosque mihrimah sultan mosque religion,mosques,interesting places religious mihrimah sultan mosque",mihrimah sultan,1,0,0,0,0,0,0,0,0,0,0,0,0,0,0,0,1,0,,0,0,0,,,0,1,0,0,0,0
otm_N1908677124,N1908677124,Milion,Milion,"milestones,architecture,historic_architecture,historic,monuments_and_memorials,interesting_places,destroyed_objects,monuments",historic,Q1187329,,41.00806427001953,28.977983474731445,Hagia Sophia / Basilica Cistern,161.46893638,3,,,opentripmap,0,2,Milion,search,1.0,1,12805.0,35.082191780821915,152.0,365,0.007917717570284,,1,1,,Milion,"Milion Milion milestones,architecture,historic_architecture,historic,monuments_and_memorials,interesting_places,destroyed_objects,monuments historic Milion","milion milion milestones,architecture,historic architecture,historic,monuments and memorials,interesting places,destroyed objects,monuments historic milion",milion,0,0,0,0,0,0,1,0,0,0,0,0,0,0,0,0,1,0,,0,0,0,,,0,0,0,0,0,1
otm_W498861881,W498861881,Molla Celebi Camii (Findikli Camii),Molla Celebi Camii (Findikli Camii),"religion,mosques,interesting_places",religious,Q2719788,,41.03216171264648,28.990537643432617,Dolmabahce,1158.03496166,3,,,opentripmap,0,1,,,,0,0.0,0.0,0.0,0,0.0,,0,0,,,"Molla Celebi Camii (Findikli Camii) Molla Celebi Camii (Findikli Camii) religion,mosques,interesting_places religious ","molla celebi camii findikli camii molla celebi camii findikli camii religion,mosques,interesting places religious",molla celebi findikli,1,0,0,0,0,0,0,0,0,0,0,0,0,0,0,0,1,0,,0,0,0,,,0,1,0,0,0,0
otm_W137519649,W137519649,Molla Zeyrek Mosque,Molla Zeyrek Mosque,"religion,mosques,churches,monasteries,interesting_places,other_churches",religious,Q197094,,41.01970672607422,28.95724868774414,Fatih / Valens Aqueduct,307.24056961,3,,,opentripmap,0,1,Zeyrek Mosque,search,0.6666666666666666,1,18495.0,50.67123287671233,88.0,365,0.0114360161235769,,1,1,,Zeyrek Mosque,"Molla Zeyrek Mosque Molla Zeyrek Mosque religion,mosques,churches,monasteries,interesting_places,other_churches religious Zeyrek Mosque","molla zeyrek mosque molla zeyrek mosque religion,mosques,churches,monasteries,interesting places,other churches religious zeyrek mosque",molla zeyrek,1,1,0,0,0,0,0,0,0,0,0,0,0,0,0,0,2,0,,0,0,0,,,0,1,0,0,0,0
otm_W331196574,W331196574,Mosque with the Spiral Minaret,Mosque with the Spiral Minaret,"religion,mosques,interesting_places",religious,Q1590626,,41.01451873779297,28.956363677978516,Fatih / Valens Aqueduct,275.92635755,3,,,opentripmap,0,1,Spiral minaret,search,0.4,1,0.0,0.0,0.0,0,0.0,,1,0,,Spiral minaret,"Mosque with the Spiral Minaret Mosque with the Spiral Minaret religion,mosques,interesting_places religious Spiral minaret","mosque with the spiral minaret mosque with the spiral minaret religion,mosques,interesting places religious spiral minaret",with the spiral minaret,1,0,0,0,0,0,0,0,0,0,0,0,0,0,0,0,1,0,,0,0,0,,,0,1,0,0,0,0
otm_W498861869,W498861869,Naval Museum,Naval Museum,"national_museums,cultural,museums,interesting_places,museums_of_science_and_technology,maritime_museums,military_museums",museum,Q11787082,,41.04105758666992,29.005691528320312,Dolmabahce,467.7161802,3,,,opentripmap,0,1,Central Naval Museum,search,0.6666666666666666,1,4470.0,12.246575342465754,358.0,365,0.0027639357703373,,1,1,,Central Naval Museum,"Naval Museum Naval Museum national_museums,cultural,museums,interesting_places,museums_of_science_and_technology,maritime_museums,military_museums museum Central Naval Museum","naval museum naval museum national museums,cultural,museums,interesting places,museums of science and technology,maritime museums,military museums museum central naval museum",naval,0,0,0,0,0,1,0,0,0,0,0,0,0,0,0,0,1,0,,0,0,0,,,0,0,1,0,0,0
otm_N768706518,N768706518,Neve Shalom Synagogue,Neve Shalom Synagogue,"religion,synagogues,interesting_places",religious,Q747244,,41.02669525146485,28.97247314453125,Galata Tower,196.18155228,3,,,opentripmap,0,1,Neve Shalom Synagogue,search,1.0,1,7084.0,19.40821917808219,159.0,365,0.0043802507823422,,1,1,,Neve Shalom Synagogue,"Neve Shalom Synagogue Neve Shalom Synagogue religion,synagogues,interesting_places religious Neve Shalom Synagogue","neve shalom synagogue neve shalom synagogue religion,synagogues,interesting places religious neve shalom synagogue",neve shalom,0,0,1,0,0,0,0,0,0,0,0,0,0,0,0,0,1,0,,0,0,0,,,0,1,0,0,0,0
otm_R7574356,R7574356,New Mosque,New Mosque,"religion,mosques,interesting_places",religious,Q911720,,41.01690673828125,28.972124099731445,Eminonu / Spice Bazaar,167.98856242,3,,,opentripmap,0,2,"New Mosque, Istanbul",search,0.6666666666666666,1,24753.0,67.81643835616438,132.0,365,0.0153055262020492,,1,1,,"New Mosque, Istanbul","New Mosque New Mosque religion,mosques,interesting_places religious New Mosque, Istanbul","new mosque new mosque religion,mosques,interesting places religious new mosque, istanbul",new,1,0,0,0,0,0,0,0,0,0,0,0,0,0,0,0,1,0,,0,0,0,,,1,1,0,0,0,0
otm_W498861882,W498861882,Nusretiye Camii,Nusretiye Camii,"religion,mosques,interesting_places",religious,Q614237,,41.02741241455078,28.983144760131836,Galata Tower,759.73032176,3,,,opentripmap,0,1,Nusretiye Mosque,search,0.3333333333333333,1,6462.0,17.704109589041096,38.0,365,0.0039956494290648,,1,1,,Nusretiye Mosque,"Nusretiye Camii Nusretiye Camii religion,mosques,interesting_places religious Nusretiye Mosque","nusretiye camii nusretiye camii religion,mosques,interesting places religious nusretiye mosque",nusretiye,1,0,0,0,0,0,0,0,0,0,0,0,0,0,0,0,1,0,,0,0,0,,,0,1,0,0,0,0
otm_N6373080188,N6373080188,Nusretiye Clock Tower,Nusretiye Clock Tower,"towers,architecture,interesting_places,clock_towers",attraction,Q7070378,,41.02655792236328,28.982908248901367,Galata Tower,721.8063202,3,,,opentripmap,0,1,Nusretiye Clock Tower,search,1.0,1,1737.0,4.758904109589041,14.0,365,0.0010740394704867,,1,1,,Nusretiye Clock Tower,"Nusretiye Clock Tower Nusretiye Clock Tower towers,architecture,interesting_places,clock_towers attraction Nusretiye Clock Tower","nusretiye clock tower nusretiye clock tower towers,architecture,interesting places,clock towers attraction nusretiye clock tower",nusretiye clock,0,0,0,0,0,0,0,0,0,1,0,0,0,0,0,0,1,0,,0,0,0,,,0,0,0,1,0,0
otm_N415157637,N415157637,Obelisk of Theodosius,Obelisk of Theodosius,"historic,monuments_and_memorials,urban_environment,cultural,interesting_places,sculptures,monuments",historic,Q763854,,41.00590896606445,28.975379943847656,Sultanahmet Core,132.10370913,3,,,opentripmap,0,1,Obelisk of Theodosius,search,1.0,1,61831.0,169.4,330.0,365,0.0382319715024,,1,1,,Obelisk of Theodosius,"Obelisk of Theodosius Obelisk of Theodosius historic,monuments_and_memorials,urban_environment,cultural,interesting_places,sculptures,monuments historic Obelisk of Theodosius","obelisk of theodosius obelisk of theodosius historic,monuments and memorials,urban environment,cultural,interesting places,sculptures,monuments historic obelisk of theodosius",obelisk of theodosius,0,0,0,0,0,0,1,0,0,0,0,0,0,0,0,0,1,0,,0,0,0,,,1,0,0,0,0,1
otm_W24533505,W24533505,Orhan Kemal Museum,Orhan Kemal Museum,"cultural,museums,interesting_places,other_museums",museum,Q20949672,,41.03057861328125,28.98360824584961,Istiklal / Pera,605.28799881,3,,,opentripmap,0,1,Orhan Kemal Literature Museum,search,0.75,1,675.0,1.8543956043956045,11.0,364,0.0004173728512254,,1,1,,Orhan Kemal Literature Museum,"Orhan Kemal Museum Orhan Kemal Museum cultural,museums,interesting_places,other_museums museum Orhan Kemal Literature Museum","orhan kemal museum orhan kemal museum cultural,museums,interesting places,other museums museum orhan kemal literature museum",orhan kemal,0,0,0,0,0,1,0,0,0,0,0,0,0,0,0,0,1,0,,0,0,0,,,0,0,1,0,0,0
otm_N6919989286,N6919989286,Ortaköy Mosque,Ortaköy Mosque,"religion,mosques,interesting_places",religious,Q176380,https://en.wikipedia.org/wiki/Ortak%C3%B6y%20Mosque,41.04729080200195,29.02560806274414,Ortakoy,32.9746791,3,"{'city': 'Mecidiye Mahallesi', 'town': 'Beşiktaş', 'house': 'Ortaköy Meydanı', 'state': 'Marmara Bölgesi', 'country': 'Türkiye', 'postcode': '34347', 'pedestrian': 'İskele Sokağı', 'country_code': 'tr'}",https://upload.wikimedia.org/wikipedia/commons/thumb/2/23/Istanbul_asv2020-02_img61_Ortak%C3%B6y_Mosque.jpg/333px-Istanbul_asv2020-02_img61_Ortak%C3%B6y_Mosque.jpg,opentripmap,0,2,Ortaköy Mosque,from_url,1.0,1,30014.0,82.23013698630137,218.0,365,0.0185585611210078,,1,1,,Ortaköy Mosque,"Ortaköy Mosque Ortaköy Mosque religion,mosques,interesting_places religious Ortaköy Mosque","ortakoy mosque ortakoy mosque religion,mosques,interesting places religious ortakoy mosque",ortakoy,1,0,0,0,0,0,0,0,0,0,0,0,0,0,0,0,1,0,,0,0,0,,,1,1,0,0,0,0
otm_W102190099,W102190099,Osman Ağa Mosque,Osman Ağa Mosque,"religion,mosques,interesting_places",religious,Q6029146,https://tr.wikipedia.org/wiki/Osmana%C4%9Fa%20Camii,40.990840911865234,29.026123046875,Kadikoy Historic Center,16.34999761,3,"{'city': 'Osmanağa Mahallesi', 'town': 'Kadıköy', 'state': 'Marmara Bölgesi', 'country': 'Türkiye', 'postcode': '34714', 'pedestrian': 'Yağlıkçı İsmail Sokağı', 'country_code': 'tr'}",https://upload.wikimedia.org/wikipedia/commons/thumb/9/9d/2021-04-04_Osmanaga-camii-Kadikoy.jpg/400px-2021-04-04_Osmanaga-camii-Kadikoy.jpg,opentripmap,0,2,Osmanağa Camii,from_url,1.0,1,0.0,0.0,0.0,0,0.0,keep,1,0,"correct Turkish Wikipedia match; pageview gap is enrichment-related, not identity-related",Osmanağa Camii,"Osman Ağa Mosque Osman Ağa Mosque religion,mosques,interesting_places religious Osmanağa Camii","osman aga mosque osman aga mosque religion,mosques,interesting places religious osmanaga camii",osman aga,1,0,0,0,0,0,0,0,0,0,0,0,0,0,0,0,1,0,,0,0,0,,,0,1,0,0,0,0
otm_Q879941,Q879941,Palace of Blachernae,Palace of Blachernae,"palaces,architecture,historic_architecture,interesting_places",historic,Q879941,,41.03390121459961,28.94029998779297,Balat / Fener,917.8405356,3,,,opentripmap,0,1,Palace of Blachernae,search,1.0,1,25596.0,70.12602739726027,183.0,365,0.0158267785184685,,1,1,,Palace of Blachernae,"Palace of Blachernae Palace of Blachernae palaces,architecture,historic_architecture,interesting_places historic Palace of Blachernae","palace of blachernae palace of blachernae palaces,architecture,historic architecture,interesting places historic palace of blachernae",of blachernae,0,0,0,0,1,0,0,0,0,0,0,0,0,0,0,0,1,0,,0,0,0,,,1,0,0,0,1,1
otm_W530509576,W530509576,Palace of the Porphyrogenitus,Palace of the Porphyrogenitus,"palaces,architecture,historic_architecture,interesting_places,destroyed_objects",historic,Q1472490,,41.03369140625,28.94047737121582,Balat / Fener,893.39900097,3,,,opentripmap,0,2,Palace of the Porphyrogenitus,search,1.0,1,22094.0,60.53150684931507,195.0,365,0.013661386333296,,1,1,,Palace of the Porphyrogenitus,"Palace of the Porphyrogenitus Palace of the Porphyrogenitus palaces,architecture,historic_architecture,interesting_places,destroyed_objects historic Palace of the Porphyrogenitus","palace of the porphyrogenitus palace of the porphyrogenitus palaces,architecture,historic architecture,interesting places,destroyed objects historic palace of the porphyrogenitus",of the porphyrogenitus,0,0,0,0,1,0,0,0,0,0,0,0,0,0,0,0,1,0,,0,0,0,,,1,0,0,0,1,1
otm_Q7130904,Q7130904,Pangaltı Armenian Cemetery,Pangaltı Armenian Cemetery,"cemeteries,architecture,historic_architecture,historic,burial_places,interesting_places,destroyed_objects",historic,Q7130904,,41.03694534301758,28.98500061035156,Istiklal / Pera,686.12530189,3,,,opentripmap,0,1,Pangaltı Armenian Cemetery,search,1.0,1,1098.0,3.0082191780821916,13.0,365,0.00067892650466,,1,1,,Pangaltı Armenian Cemetery,"Pangaltı Armenian Cemetery Pangaltı Armenian Cemetery cemeteries,architecture,historic_architecture,historic,burial_places,interesting_places,destroyed_objects historic Pangaltı Armenian Cemetery","pangalti armenian cemetery pangalti armenian cemetery cemeteries,architecture,historic architecture,historic,burial places,interesting places,destroyed objects historic pangalti armenian cemetery",pangalti armenian,0,0,0,0,0,0,0,1,0,0,0,0,0,0,0,0,1,0,,0,0,0,,,0,0,0,0,0,1
otm_N654205150,N654205150,Pera Museum,Pera Museum,"cultural,museums,interesting_places,art_galleries",museum,Q1662392,,41.0318603515625,28.97514533996582,Istiklal / Pera,323.82332551,3,,,opentripmap,0,1,Pera Museum,search,1.0,1,6912.0,18.936986301369863,47.0,365,0.0042738979965484,,1,1,,Pera Museum,"Pera Museum Pera Museum cultural,museums,interesting_places,art_galleries museum Pera Museum","pera museum pera museum cultural,museums,interesting places,art galleries museum pera museum",pera,0,0,0,0,0,1,0,0,0,0,0,0,0,0,0,0,1,0,,0,0,0,,,0,0,1,0,0,0
otm_W316903985,W316903985,Pertevniyal Valide Sultan Mosque,Pertevniyal Valide Sultan Mosque,"religion,mosques,interesting_places",religious,Q2719785,,41.0100212097168,28.952899932861328,Fatih / Valens Aqueduct,831.95189212,3,,,opentripmap,0,2,Pertevniyal Valide Sultan Mosque,search,1.0,1,5481.0,15.016438356164384,43.0,365,0.0033890675519505,,1,1,,Pertevniyal Valide Sultan Mosque,"Pertevniyal Valide Sultan Mosque Pertevniyal Valide Sultan Mosque religion,mosques,interesting_places religious Pertevniyal Valide Sultan Mosque","pertevniyal valide sultan mosque pertevniyal valide sultan mosque religion,mosques,interesting places religious pertevniyal valide sultan mosque",pertevniyal valide sultan,1,0,0,0,0,0,0,0,0,0,0,0,0,0,0,0,1,0,,0,0,0,,,0,1,0,0,0,0
otm_N8699169212,N8699169212,Post Museum,Post Museum,"cultural,museums,interesting_places,other_museums",museum,Q15228896,,41.01471710205078,28.973899841308594,Eminonu / Spice Bazaar,368.9175791,3,,,opentripmap,0,1,An Post,search,0.5,1,27519.0,75.3945205479452,219.0,365,0.0170158273968486,,1,1,,An Post,"Post Museum Post Museum cultural,museums,interesting_places,other_museums museum An Post","post museum post museum cultural,museums,interesting places,other museums museum an post",post,0,0,0,0,0,1,0,0,0,0,0,0,0,0,0,0,1,0,,0,0,0,,,1,0,1,0,0,0
otm_N6373152085,N6373152085,Prison of Anemas,Prison of Anemas,"other,unclassified_objects,interesting_places,tourist_object",attraction,Q3081830,,41.03841400146485,28.940797805786133,Eyup / Pierre Loti,1263.69377441,3,,,opentripmap,0,1,Prison of Anemas,search,1.0,1,4095.0,11.219178082191782,124.0,365,0.0025320619641009,,1,1,,Prison of Anemas,"Prison of Anemas Prison of Anemas other,unclassified_objects,interesting_places,tourist_object attraction Prison of Anemas","prison of anemas prison of anemas other,unclassified objects,interesting places,tourist object attraction prison of anemas",prison of anemas,0,0,0,0,0,0,0,0,0,0,0,0,0,0,0,0,0,0,,0,0,0,,,0,0,0,0,0,0
otm_N2329194003,N2329194003,Republic Monument,Republic Monument,"historic,monuments_and_memorials,interesting_places,monuments",historic,Q1143790,,41.036964416503906,28.985143661499023,Istiklal / Pera,697.75238431,3,,,opentripmap,0,1,Republic Monument,search,1.0,1,7701.0,21.0986301369863,61.0,365,0.0047617604848697,,1,1,,Republic Monument,"Republic Monument Republic Monument historic,monuments_and_memorials,interesting_places,monuments historic Republic Monument","republic monument republic monument historic,monuments and memorials,interesting places,monuments historic republic monument",republic,0,0,0,0,0,0,1,0,0,0,0,0,0,0,0,0,1,0,,0,0,0,,,0,0,0,0,0,1
otm_N4988111427,N4988111427,Ruins of Bucoleon Palace,Ruins of Bucoleon Palace,"palaces,architecture,historic_architecture,interesting_places",historic,Q1003322,,41.002532958984375,28.976146697998047,Sultanahmet Core,323.27611722,3,,,opentripmap,0,1,Boukoleon Palace,search,0.25,1,25560.0,70.02739726027397,664.0,365,0.0158045186330699,keep,1,1,ruins and palace treated as the same historical site,Boukoleon Palace,"Ruins of Bucoleon Palace Ruins of Bucoleon Palace palaces,architecture,historic_architecture,interesting_places historic Boukoleon Palace","ruins of bucoleon palace ruins of bucoleon palace palaces,architecture,historic architecture,interesting places historic boukoleon palace",ruins of bucoleon,0,0,0,0,1,0,0,0,0,0,0,0,0,0,0,0,1,0,,0,0,0,,,1,0,0,0,1,1
otm_W333931792,W333931792,Rum Mehmed Pasha Mosque,Rum Mehmed Pasha Mosque,"religion,mosques,interesting_places",religious,Q1572444,,41.02463912963867,29.010826110839844,Uskudar Waterfront,389.80283732,3,,,opentripmap,0,1,Rum Mehmed Pasha Mosque,search,1.0,1,1372.0,3.758904109589041,17.0,365,0.00084834896575,,1,1,,Rum Mehmed Pasha Mosque,"Rum Mehmed Pasha Mosque Rum Mehmed Pasha Mosque religion,mosques,interesting_places religious Rum Mehmed Pasha Mosque","rum mehmed pasha mosque rum mehmed pasha mosque religion,mosques,interesting places religious rum mehmed pasha mosque",rum mehmed pasha,1,0,0,0,0,0,0,0,0,0,0,0,0,0,0,0,1,0,,0,0,0,,,0,1,0,0,0,0
otm_R7318154,R7318154,Rumeli Fortress,Rumeli Fortress,"fortifications,historic,cultural,museums,interesting_places,castles,history_museums",museum,Q90801,https://en.wikipedia.org/wiki/Rumelihisar%C4%B1,41.08497619628906,29.056764602661133,Rumeli Hisari,8.97832631,3,"{'road': 'Yahya Kemal Caddesi', 'town': 'Sarıyer', 'state': 'Marmara Bölgesi', 'suburb': 'Rumeli Hisarı Mahallesi', 'country': 'Türkiye', 'postcode': '34470', 'country_code': 'tr'}",https://upload.wikimedia.org/wikipedia/commons/thumb/3/34/Twierdza_Rumeli_Istambu%C5%82_RB1.jpg/400px-Twierdza_Rumeli_Istambu%C5%82_RB1.jpg,opentripmap,0,2,Rumelihisarı,from_url,1.0,1,35767.0,97.9917808219178,231.0,365,0.0221158144737484,keep,1,1,correct direct match; English/Turkish name variation only,Rumelihisarı,"Rumeli Fortress Rumeli Fortress fortifications,historic,cultural,museums,interesting_places,castles,history_museums museum Rumelihisarı","rumeli fortress rumeli fortress fortifications,historic,cultural,museums,interesting places,castles,history museums museum rumelihisari",rumeli,0,0,0,0,0,1,0,0,1,0,0,0,0,0,0,0,2,0,,0,0,0,,,1,0,1,1,0,0
otm_R6390364,R6390364,Rüstem Pasha Medrese,Rüstem Pasha Medrese,"architecture,historic_architecture,interesting_places,other_buildings_and_structures",historic,Q31193235,,41.01317596435547,28.97269630432129,Eminonu / Spice Bazaar,424.70525532,3,,,opentripmap,0,1,Rüstem Pasha Medrese,search,1.0,1,1242.0,3.4027397260273973,14.0,365,0.0007679660462548,,1,1,,Rüstem Pasha Medrese,"Rüstem Pasha Medrese Rüstem Pasha Medrese architecture,historic_architecture,interesting_places,other_buildings_and_structures historic Rüstem Pasha Medrese","rustem pasha medrese rustem pasha medrese architecture,historic architecture,interesting places,other buildings and structures historic rustem pasha medrese",rustem pasha medrese,0,0,0,0,0,0,0,0,0,0,0,0,0,0,0,0,0,0,,0,0,0,,,0,0,0,0,0,1
otm_W175518494,W175518494,Rüstem Pasha Mosque,Rüstem Pasha Mosque,"religion,mosques,interesting_places",religious,Q1137511,,41.01766586303711,28.96869850158691,Eminonu / Spice Bazaar,180.77462154,3,,,opentripmap,0,1,Rüstem Pasha Mosque,search,1.0,1,20524.0,56.23013698630137,109.0,365,0.0126906079978531,,1,1,,Rüstem Pasha Mosque,"Rüstem Pasha Mosque Rüstem Pasha Mosque religion,mosques,interesting_places religious Rüstem Pasha Mosque","rustem pasha mosque rustem pasha mosque religion,mosques,interesting places religious rustem pasha mosque",rustem pasha,1,0,0,0,0,0,0,0,0,0,0,0,0,0,0,0,1,0,,0,0,0,,,1,1,0,0,0,0
otm_N4889905032,N4889905032,SALT Galata,SALT Galata,"cultural,museums,interesting_places,art_galleries",museum,Q3169139,,41.02387237548828,28.973472595214844,Galata Tower,217.40906725,3,,,opentripmap,0,1,Salt Research,search,0.3333333333333333,1,1541.0,4.233516483516484,18.0,364,0.0009528467610939,,1,1,,Salt Research,"SALT Galata SALT Galata cultural,museums,interesting_places,art_galleries museum Salt Research","salt galata salt galata cultural,museums,interesting places,art galleries museum salt research",salt galata,0,0,0,0,0,1,0,0,0,0,0,0,0,0,0,0,1,0,,0,0,0,,,0,0,1,0,0,0
otm_N6224223202,N6224223202,Saint Esprit Katedrali,Saint Esprit Katedrali,"religion,cathedrals,churches,interesting_places,catholic_churches",religious,Q79154,,41.044673919677734,28.9858455657959,Dolmabahce,1389.08692304,3,,,opentripmap,0,1,,,,0,0.0,0.0,0.0,0,0.0,,0,0,,,"Saint Esprit Katedrali Saint Esprit Katedrali religion,cathedrals,churches,interesting_places,catholic_churches religious ","saint esprit katedrali saint esprit katedrali religion,cathedrals,churches,interesting places,catholic churches religious",saint esprit katedrali,0,1,0,0,0,0,0,0,0,0,0,0,0,0,0,0,1,0,,0,0,0,,,0,1,0,0,0,0
otm_W236642397,W236642397,Saint Leon,Saint Leon,"religion,churches,interesting_places,other_churches",religious,Q25474039,,40.98971939086914,29.02947235107422,Kadikoy Historic Center,297.50069966,3,,,opentripmap,0,1,Saint-Léon,search,0.5,1,230.0,0.7348242811501597,38.0,313,0.0001422159344916,,1,1,,Saint-Léon,"Saint Leon Saint Leon religion,churches,interesting_places,other_churches religious Saint-Léon","saint leon saint leon religion,churches,interesting places,other churches religious saint leon",saint leon,0,1,0,0,0,0,0,0,0,0,0,0,0,0,0,0,1,0,,0,0,0,,,0,1,0,0,0,0
otm_W237833975,W237833975,Salacak Fatih Camii,Salacak Fatih Camii,"religion,mosques,interesting_places",religious,Q20476395,,41.020973205566406,29.00796127319336,Maiden's Tower Coast,325.04084585,3,,,opentripmap,0,1,,,,0,0.0,0.0,0.0,0,0.0,,0,0,,,"Salacak Fatih Camii Salacak Fatih Camii religion,mosques,interesting_places religious ","salacak fatih camii salacak fatih camii religion,mosques,interesting places religious",salacak fatih,1,0,0,0,0,0,0,0,0,0,0,0,0,0,0,0,1,0,,0,0,0,,,0,1,0,0,0,0
otm_N269479694,N269479694,Sculpture of Barbarossa,Sculpture of Barbarossa,"historic,monuments_and_memorials,urban_environment,cultural,interesting_places,sculptures,monuments",historic,Q6033590,,41.04158020019531,29.006357192993164,Dolmabahce,544.15567434,3,,,opentripmap,0,1,,,0.0,0,0.0,0.0,0.0,0,0.0,drop_wiki,0,0,incorrect unrelated wiki match; keep POI but remove Wikipedia linkage,Barbarossa (board game),"Sculpture of Barbarossa Sculpture of Barbarossa historic,monuments_and_memorials,urban_environment,cultural,interesting_places,sculptures,monuments historic ","sculpture of barbarossa sculpture of barbarossa historic,monuments and memorials,urban environment,cultural,interesting places,sculptures,monuments historic",sculpture of barbarossa,0,0,0,0,0,0,1,0,0,0,0,0,0,0,0,0,1,0,,0,0,0,,,0,0,0,0,0,1
otm_N4519290891,N4519290891,Selman aga Camii,Selman aga Camii,"religion,mosques,interesting_places",religious,Q6056669,https://tr.wikipedia.org/wiki/Selman%20A%C4%9Fa%20Camii,41.02569961547851,29.01579475402832,Uskudar Waterfront,51.2820677,3,"{'road': 'Selmani Pak Caddesi', 'town': 'Üsküdar', 'state': 'Marmara Bölgesi', 'suburb': 'Mimar Sinan Mahallesi', 'country': 'Türkiye', 'postcode': '34672', 'country_code': 'tr'}",https://upload.wikimedia.org/wikipedia/commons/thumb/a/a1/%C3%9Csk%C3%BCdar_Selman_A%C4%9Fa_Camii_%C3%B6nden.jpg/400px-%C3%9Csk%C3%BCdar_Selman_A%C4%9Fa_Camii_%C3%B6nden.jpg,opentripmap,0,1,Selman Ağa Camii,from_url,1.0,1,0.0,0.0,0.0,0,0.0,,1,0,,Selman Ağa Camii,"Selman aga Camii Selman aga Camii religion,mosques,interesting_places religious Selman Ağa Camii","selman aga camii selman aga camii religion,mosques,interesting places religious selman aga camii",selman aga,1,0,0,0,0,0,0,0,0,0,0,0,0,0,0,0,1,0,,0,0,0,,,0,1,0,0,0,0
otm_Q2155032,Q2155032,Siege of Constantinople,Siege of Constantinople,"battlefields,historic,historical_places,interesting_places",historic,Q2155032,,41.01224136352539,28.97601890563965,Topkapi Palace,618.05045638,3,,,opentripmap,0,1,,,0.0,0,0.0,0.0,0.0,0,0.0,drop_wiki,0,0,"historical event / episode, not a practical attraction POI",Siege of Constantinople (860),"Siege of Constantinople Siege of Constantinople battlefields,historic,historical_places,interesting_places historic ","siege of constantinople siege of constantinople battlefields,historic,historical places,interesting places historic",siege of constantinople,0,0,0,0,0,0,0,0,0,0,0,0,0,0,0,0,0,1,dup_002,10,1,1,"Historical event entry, not a concrete attraction POI",exclude_part_b_recommendation,0,0,0,0,0,1
otm_Q2742323,Q2742323,Siege of Constantinople,Siege of Constantinople,"battlefields,historic,historical_places,interesting_places",historic,Q2742323,,41.01224136352539,28.97601890563965,Topkapi Palace,618.05045638,3,,,opentripmap,0,1,,,0.0,0,0.0,0.0,0.0,0,0.0,drop_wiki,0,0,"historical event / episode, not a practical attraction POI",Siege of Constantinople (860),"Siege of Constantinople Siege of Constantinople battlefields,historic,historical_places,interesting_places historic ","siege of constantinople siege of constantinople battlefields,historic,historical places,interesting places historic",siege of constantinople,0,0,0,0,0,0,0,0,0,0,0,0,0,0,0,0,0,1,dup_002,10,1,1,"Historical event entry, not a concrete attraction POI",exclude_part_b_recommendation,0,0,0,0,0,1
otm_Q312268,Q312268,Siege of Constantinople,Siege of Constantinople,"battlefields,historic,historical_places,interesting_places",historic,Q312268,,41.01224136352539,28.97601890563965,Topkapi Palace,618.05045638,3,,,opentripmap,0,1,,,0.0,0,0.0,0.0,0.0,0,0.0,drop_wiki,0,0,"historical event / episode, not a practical attraction POI",Siege of Constantinople (860),"Siege of Constantinople Siege of Constantinople battlefields,historic,historical_places,interesting_places historic ","siege of constantinople siege of constantinople battlefields,historic,historical places,interesting places historic",siege of constantinople,0,0,0,0,0,0,0,0,0,0,0,0,0,0,0,0,0,1,dup_002,10,1,1,"Historical event entry, not a concrete attraction POI",exclude_part_b_recommendation,0,0,0,0,0,1
otm_Q767844,Q767844,Siege of Constantinople,Siege of Constantinople,"battlefields,historic,historical_places,interesting_places",historic,Q767844,,41.01224136352539,28.97601890563965,Topkapi Palace,618.05045638,3,,,opentripmap,0,1,,,0.0,0,0.0,0.0,0.0,0,0.0,drop_wiki,0,0,"historical event / episode, not a practical attraction POI",Siege of Constantinople (860),"Siege of Constantinople Siege of Constantinople battlefields,historic,historical_places,interesting_places historic ","siege of constantinople siege of constantinople battlefields,historic,historical places,interesting places historic",siege of constantinople,0,0,0,0,0,0,0,0,0,0,0,0,0,0,0,0,0,1,dup_002,10,1,1,"Historical event entry, not a concrete attraction POI",exclude_part_b_recommendation,0,0,0,0,0,1
otm_Q1750892,Q1750892,Siege of Constantinople,Siege of Constantinople,"battlefields,historic,historical_places,interesting_places",historic,Q1750892,,41.01224136352539,28.97601890563965,Topkapi Palace,618.05045638,3,,,opentripmap,0,1,,,0.0,0,0.0,0.0,0.0,0,0.0,drop_wiki,0,0,"historical event / episode, not a practical attraction POI",Siege of Constantinople (860),"Siege of Constantinople Siege of Constantinople battlefields,historic,historical_places,interesting_places historic ","siege of constantinople siege of constantinople battlefields,historic,historical places,interesting places historic",siege of constantinople,0,0,0,0,0,0,0,0,0,0,0,0,0,0,0,0,0,1,dup_002,10,1,1,"Historical event entry, not a concrete attraction POI",exclude_part_b_recommendation,0,0,0,0,0,1
otm_Q700886,Q700886,Siege of Constantinople,Siege of Constantinople,"battlefields,historic,historical_places,interesting_places",historic,Q700886,,41.01224136352539,28.97601890563965,Topkapi Palace,618.05045638,3,,,opentripmap,0,1,,,0.0,0,0.0,0.0,0.0,0,0.0,drop_wiki,0,0,"historical event / episode, not a practical attraction POI",Siege of Constantinople (860),"Siege of Constantinople Siege of Constantinople battlefields,historic,historical_places,interesting_places historic ","siege of constantinople siege of constantinople battlefields,historic,historical places,interesting places historic",siege of constantinople,0,0,0,0,0,0,0,0,0,0,0,0,0,0,0,0,0,1,dup_002,10,1,1,"Historical event entry, not a concrete attraction POI",exclude_part_b_recommendation,0,0,0,0,0,1
otm_Q399482,Q399482,Siege of Constantinople (674-678),Siege of Constantinople (674-678),"battlefields,historic,historical_places,interesting_places",historic,Q399482,,41.01224136352539,28.97601890563965,Topkapi Palace,618.05045638,3,,,opentripmap,0,1,,,0.0,0,0.0,0.0,0.0,0,0.0,drop_wiki,0,0,"historical event / episode, not a practical attraction POI",Siege of Constantinople (674–678),"Siege of Constantinople (674-678) Siege of Constantinople (674-678) battlefields,historic,historical_places,interesting_places historic ","siege of constantinople 674 678 siege of constantinople 674 678 battlefields,historic,historical places,interesting places historic",siege of constantinople 674 678,0,0,0,0,0,0,0,0,0,0,0,0,0,0,0,0,0,1,dup_002,10,1,1,"Historical event entry, not a concrete attraction POI",exclude_part_b_recommendation,0,0,0,0,0,1
otm_Q27900,Q27900,Siege of Constantinople (717-718),Siege of Constantinople (717-718),"battlefields,historic,historical_places,interesting_places",historic,Q27900,,41.01250076293945,28.975000381469727,Eminonu / Spice Bazaar,600.29239594,3,,,opentripmap,0,1,,,0.0,0,0.0,0.0,0.0,0,0.0,drop_wiki,0,0,"historical event / episode, not a practical attraction POI",Siege of Constantinople (717–718),"Siege of Constantinople (717-718) Siege of Constantinople (717-718) battlefields,historic,historical_places,interesting_places historic ","siege of constantinople 717 718 siege of constantinople 717 718 battlefields,historic,historical places,interesting places historic",siege of constantinople 717 718,0,0,0,0,0,0,0,0,0,0,0,0,0,0,0,0,0,1,dup_002,10,1,1,"Historical event entry, not a concrete attraction POI",exclude_part_b_recommendation,0,0,0,0,0,1
otm_Q956679,Q956679,Siege of Constantinople (821-823),Siege of Constantinople (821-823),"battlefields,historic,historical_places,interesting_places",historic,Q956679,,41.01224136352539,28.97601890563965,Eminonu / Spice Bazaar,680.67586898,3,,,opentripmap,0,1,,,0.0,0,0.0,0.0,0.0,0,0.0,drop_wiki,0,0,"historical event / episode, not a practical attraction POI",History of Constantinople,"Siege of Constantinople (821-823) Siege of Constantinople (821-823) battlefields,historic,historical_places,interesting_places historic ","siege of constantinople 821 823 siege of constantinople 821 823 battlefields,historic,historical places,interesting places historic",siege of constantinople 821 823,0,0,0,0,0,0,0,0,0,0,0,0,0,0,0,0,0,1,dup_002,10,1,1,"Historical event entry, not a concrete attraction POI",exclude_part_b_recommendation,0,0,0,0,0,1
otm_R7317847,R7317847,Sinan Pasha Mosque,Sinan Pasha Mosque,"religion,mosques,interesting_places",religious,Q1572395,,41.0423583984375,29.006258010864254,Yildiz Palace,548.61339306,3,,,opentripmap,0,1,Sinan Pasha Mosque,search,1.0,1,122.0,0.431095406360424,5.0,283,7.543627829556057e-05,,1,1,,Sinan Pasha Mosque,"Sinan Pasha Mosque Sinan Pasha Mosque religion,mosques,interesting_places religious Sinan Pasha Mosque","sinan pasha mosque sinan pasha mosque religion,mosques,interesting places religious sinan pasha mosque",sinan pasha,1,0,0,0,0,0,0,0,0,0,0,0,0,0,0,0,1,0,,0,0,0,,,0,1,0,0,0,0
otm_W498861887,W498861887,Sokollu Mehmed Pasha Mosque (Azapkapı),Sokollu Mehmed Pasha Mosque (Azapkapı),"religion,mosques,interesting_places",religious,Q6071846,,41.02505111694336,28.967809677124023,Galata Tower,558.97124627,3,,,opentripmap,0,1,"Sokollu Mehmed Pasha Mosque, Azapkapı",search,1.0,1,1146.0,3.1483516483516483,14.0,364,0.0007086063518582,,1,1,,"Sokollu Mehmed Pasha Mosque, Azapkapı","Sokollu Mehmed Pasha Mosque (Azapkapı) Sokollu Mehmed Pasha Mosque (Azapkapı) religion,mosques,interesting_places religious Sokollu Mehmed Pasha Mosque, Azapkapı","sokollu mehmed pasha mosque azapkapi sokollu mehmed pasha mosque azapkapi religion,mosques,interesting places religious sokollu mehmed pasha mosque, azapkapi",sokollu mehmed pasha azapkapi,1,0,0,0,0,0,0,0,0,0,0,0,0,0,0,0,1,0,,0,0,0,,,0,1,0,0,0,0
otm_R4567928,R4567928,Sokullu Mehmed Pasa Mosque,Sokullu Mehmed Pasa Mosque,"religion,mosques,interesting_places",religious,Q1572472,,41.00484848022461,28.97216033935547,Sultanahmet Core,395.07616941,3,,,opentripmap,0,1,Sokollu Mehmed Pasha Mosque,search,0.3333333333333333,1,275.0,0.8487654320987654,8.0,324,0.0001700407912399,,1,1,,Sokollu Mehmed Pasha Mosque,"Sokullu Mehmed Pasa Mosque Sokullu Mehmed Pasa Mosque religion,mosques,interesting_places religious Sokollu Mehmed Pasha Mosque","sokullu mehmed pasa mosque sokullu mehmed pasa mosque religion,mosques,interesting places religious sokollu mehmed pasha mosque",sokullu mehmed pasa,1,0,0,0,0,0,0,0,0,0,0,0,0,0,0,0,1,0,,0,0,0,,,0,1,0,0,0,0
otm_W709381140,W709381140,Soğukçeşme Sokağı,Soğukçeşme Sokağı,"other,unclassified_objects,interesting_places,historic_object",historic,Q3300856,,41.00944137573242,28.98009490966797,Hagia Sophia / Basilica Cistern,160.70696987,3,,,opentripmap,0,1,Soğukçeşme Sokağı,search,1.0,1,2014.0,5.517808219178082,23.0,365,0.0012453169220267,,1,1,,Soğukçeşme Sokağı,"Soğukçeşme Sokağı Soğukçeşme Sokağı other,unclassified_objects,interesting_places,historic_object historic Soğukçeşme Sokağı","sogukcesme sokagi sogukcesme sokagi other,unclassified objects,interesting places,historic object historic sogukcesme sokagi",sogukcesme sokagi,0,0,0,0,0,0,0,0,0,0,0,0,0,0,0,0,0,0,,0,0,0,,,0,0,0,0,0,1
otm_N4591192493,N4591192493,Spice Bazaar,Spice Bazaar,"view_points,other,interesting_places,shops,marketplaces,tourist_facilities",attraction,Q668641,,41.01628112792969,28.971256256103516,Eminonu / Spice Bazaar,92.14015793,3,,,opentripmap,0,1,Spice Bazaar,search,1.0,1,30912.0,84.69041095890411,534.0,365,0.0191138215956751,,1,1,,Spice Bazaar,"Spice Bazaar Spice Bazaar view_points,other,interesting_places,shops,marketplaces,tourist_facilities attraction Spice Bazaar","spice bazaar spice bazaar view points,other,interesting places,shops,marketplaces,tourist facilities attraction spice bazaar",spice bazaar,0,0,0,0,0,0,0,0,0,0,0,0,0,0,0,0,0,0,,0,0,0,,,1,0,0,0,0,0
otm_Q27925126,Q27925126,St. Mary of Sakızağaç Cathedral,St. Mary of Sakızağaç Cathedral,"religion,churches,interesting_places,other_churches",religious,Q27925126,,41.044620513916016,29.00511360168457,Yildiz Palace,627.71555565,3,,,opentripmap,0,1,St. Mary of Sakızağaç Cathedral,search,1.0,1,0.0,0.0,0.0,0,0.0,,1,0,,St. Mary of Sakızağaç Cathedral,"St. Mary of Sakızağaç Cathedral St. Mary of Sakızağaç Cathedral religion,churches,interesting_places,other_churches religious St. Mary of Sakızağaç Cathedral","st mary of sakizagac cathedral st mary of sakizagac cathedral religion,churches,interesting places,other churches religious st mary of sakizagac cathedral",st mary of sakizagac,0,1,0,1,0,0,0,0,0,0,0,0,0,0,0,0,2,0,,0,0,0,,,0,1,0,0,0,0
otm_W32396432,W32396432,Sultan Ahmed III Fountain,Sultan Ahmed III Fountain,"fountains,cultural,urban_environment,interesting_places",attraction,Q3076126,,41.008262634277344,28.981260299682617,Hagia Sophia / Basilica Cistern,118.09999663,3,,,opentripmap,0,1,Fountain of Ahmed III,search,0.75,1,4627.0,12.676712328767124,31.0,365,0.0028610136038816,,1,1,,Fountain of Ahmed III,"Sultan Ahmed III Fountain Sultan Ahmed III Fountain fountains,cultural,urban_environment,interesting_places attraction Fountain of Ahmed III","sultan ahmed iii fountain sultan ahmed iii fountain fountains,cultural,urban environment,interesting places attraction fountain of ahmed iii",sultan ahmed iii,0,0,0,0,0,0,0,0,0,0,0,0,0,0,1,0,1,0,,0,0,0,,,0,0,0,0,0,1
otm_N5600243670,N5600243670,Surp Asdvadzadzin Kilisesi,Surp Asdvadzadzin Kilisesi,"religion,churches,interesting_places,other_churches",religious,Q16008767,,41.0445556640625,29.00530433654785,Yildiz Palace,610.75009,3,,,opentripmap,0,1,Surp Asdvadzadzin Patriarchal Church,search,0.4,1,3399.0,9.312328767123288,137.0,365,0.0021017041797263,,1,1,,Surp Asdvadzadzin Patriarchal Church,"Surp Asdvadzadzin Kilisesi Surp Asdvadzadzin Kilisesi religion,churches,interesting_places,other_churches religious Surp Asdvadzadzin Patriarchal Church","surp asdvadzadzin kilisesi surp asdvadzadzin kilisesi religion,churches,interesting places,other churches religious surp asdvadzadzin patriarchal church",surp asdvadzadzin,0,1,0,0,0,0,0,0,0,0,0,0,0,0,0,0,1,0,,0,0,0,,,0,1,0,0,0,0
otm_W544151676,W544151676,Surp Haç Ermeni Lisesi,Surp Haç Ermeni Lisesi,"religion,monasteries,interesting_places",religious,Q2368617,,41.024383544921875,29.030824661254883,Uskudar Waterfront,1323.47280956,3,,,opentripmap,0,1,,,,0,0.0,0.0,0.0,0,0.0,,0,0,,,"Surp Haç Ermeni Lisesi Surp Haç Ermeni Lisesi religion,monasteries,interesting_places religious ","surp hac ermeni lisesi surp hac ermeni lisesi religion,monasteries,interesting places religious",surp hac ermeni lisesi,0,0,0,0,0,0,0,0,0,0,0,0,0,0,0,0,0,0,,0,0,0,,,0,0,0,0,0,0
otm_W165575977,W165575977,Surp Krikor Lusavoric Church,Surp Krikor Lusavoric Church,"religion,churches,interesting_places,other_churches",religious,Q20472836,,41.025657653808594,28.97842025756836,Galata Tower,338.1169451,3,,,opentripmap,0,1,"Surp Krikor Lusavoriç Armenian Church, Kuzguncuk",search,0.4285714285714285,1,1185.0,3.2465753424657535,13.0,365,0.0007327212277068,,1,1,,"Surp Krikor Lusavoriç Armenian Church, Kuzguncuk","Surp Krikor Lusavoric Church Surp Krikor Lusavoric Church religion,churches,interesting_places,other_churches religious Surp Krikor Lusavoriç Armenian Church, Kuzguncuk","surp krikor lusavoric church surp krikor lusavoric church religion,churches,interesting places,other churches religious surp krikor lusavoric armenian church, kuzguncuk",surp krikor lusavoric,0,1,0,0,0,0,0,0,0,0,0,0,0,0,0,0,1,0,,0,0,0,,,0,1,0,0,0,0
otm_N5599930452,N5599930452,Surp Pirgiç Catholic Church,Surp Pirgiç Catholic Church,"religion,churches,interesting_places,catholic_churches",religious,Q25474010,,41.02450180053711,28.97600746154785,Galata Tower,189.66052477,3,,,opentripmap,0,1,,,,0,0.0,0.0,0.0,0,0.0,,0,0,,,"Surp Pirgiç Catholic Church Surp Pirgiç Catholic Church religion,churches,interesting_places,catholic_churches religious ","surp pirgic catholic church surp pirgic catholic church religion,churches,interesting places,catholic churches religious",surp pirgic catholic,0,1,0,0,0,0,0,0,0,0,0,0,0,0,0,0,1,0,,0,0,0,,,0,1,0,0,0,0
otm_W235498056,W235498056,Surp Takavor Armenian Church,Surp Takavor Armenian Church,"religion,churches,interesting_places,other_churches",religious,Q20471319,,40.9898681640625,29.024410247802734,Kadikoy Historic Center,195.89606667,3,,,opentripmap,0,1,Surp Takavor Church,search,0.75,1,870.0,2.436974789915966,23.0,357,0.0005379472304683,,1,1,,Surp Takavor Church,"Surp Takavor Armenian Church Surp Takavor Armenian Church religion,churches,interesting_places,other_churches religious Surp Takavor Church","surp takavor armenian church surp takavor armenian church religion,churches,interesting places,other churches religious surp takavor church",surp takavor armenian,0,1,0,0,0,0,0,0,0,0,0,0,0,0,0,0,1,0,,0,0,0,,,0,1,0,0,0,0
otm_W491935728,W491935728,Süreyya Opera House,Süreyya Opera House,"cultural,cinemas,theatres_and_entertainments,interesting_places,opera_houses",attraction,Q551616,,40.98799514770508,29.02902603149414,Kadikoy Historic Center,395.79341829,3,,,opentripmap,0,1,Süreyya Opera House,search,1.0,1,4124.0,11.2986301369863,67.0,365,0.0025499935384499,,1,1,,Süreyya Opera House,"Süreyya Opera House Süreyya Opera House cultural,cinemas,theatres_and_entertainments,interesting_places,opera_houses attraction Süreyya Opera House","sureyya opera house sureyya opera house cultural,cinemas,theatres and entertainments,interesting places,opera houses attraction sureyya opera house",sureyya opera house,0,0,0,0,0,0,0,0,0,0,0,0,0,0,0,0,0,0,,0,0,0,,,0,0,0,0,0,0
otm_W697224044,W697224044,Teşvikiye Mosque,Teşvikiye Mosque,"religion,mosques,interesting_places",religious,Q2719784,,41.049373626708984,28.994291305541992,Dolmabahce,1251.77292341,3,,,opentripmap,0,1,Teşvikiye Mosque,search,1.0,1,2991.0,8.194520547945206,26.0,365,0.0018494254785411,,1,1,,Teşvikiye Mosque,"Teşvikiye Mosque Teşvikiye Mosque religion,mosques,interesting_places religious Teşvikiye Mosque","tesvikiye mosque tesvikiye mosque religion,mosques,interesting places religious tesvikiye mosque",tesvikiye,1,0,0,0,0,0,0,0,0,0,0,0,0,0,0,0,1,0,,0,0,0,,,0,1,0,0,0,0
otm_N5506396363,N5506396363,The Jewish Museum of Turkey,The Jewish Museum of Turkey,"religion,synagogues,cultural,museums,interesting_places,other_museums",museum,Q1059699,,41.02678680419922,28.972728729248047,Galata Tower,185.28282968,3,,,opentripmap,0,1,Jewish Museum of Turkey,search,0.75,1,2638.0,7.227397260273973,40.0,365,0.001631154935604,,1,1,,Jewish Museum of Turkey,"The Jewish Museum of Turkey The Jewish Museum of Turkey religion,synagogues,cultural,museums,interesting_places,other_museums museum Jewish Museum of Turkey","the jewish museum of turkey the jewish museum of turkey religion,synagogues,cultural,museums,interesting places,other museums museum jewish museum of turkey",the jewish of turkey,0,0,1,0,0,1,0,0,0,0,0,0,0,0,0,0,2,0,,0,0,0,,,0,1,1,0,0,0
otm_N3279398393,N3279398393,The Museum of Innocence,The Museum of Innocence,"cultural,museums,interesting_places,other_museums",museum,Q15961492,,41.030906677246094,28.97978782653809,Istiklal / Pera,368.45564063,3,,,opentripmap,0,1,The Museum of Innocence,search,1.0,1,28907.0,79.1972602739726,149.0,365,0.0178740696449981,,1,1,,The Museum of Innocence,"The Museum of Innocence The Museum of Innocence cultural,museums,interesting_places,other_museums museum The Museum of Innocence","the museum of innocence the museum of innocence cultural,museums,interesting places,other museums museum the museum of innocence",the of innocence,0,0,0,0,0,1,0,0,0,0,0,0,0,0,0,0,1,0,,0,0,0,,,1,0,1,0,0,0
otm_N5115939964,N5115939964,The Museum of Turkish Calligraphic Art,The Museum of Turkish Calligraphic Art,"cultural,museums,interesting_places,other_museums",museum,Q6549659,,41.01005172729492,28.963180541992188,Suleymaniye,684.97333724,3,,,opentripmap,0,1,Museum of Turkish Calligraphy Art,search,0.5,1,994.0,2.723287671232877,10.0,365,0.0006146201690638,,1,1,,Museum of Turkish Calligraphy Art,"The Museum of Turkish Calligraphic Art The Museum of Turkish Calligraphic Art cultural,museums,interesting_places,other_museums museum Museum of Turkish Calligraphy Art","the museum of turkish calligraphic art the museum of turkish calligraphic art cultural,museums,interesting places,other museums museum museum of turkish calligraphy art",the of turkish calligraphic art,0,0,0,0,0,1,0,0,0,0,0,0,0,0,0,0,1,0,,0,0,0,,,0,0,1,0,0,0
otm_N415156590,N415156590,The Walled Obelisk,The Walled Obelisk,"historic,monuments_and_memorials,urban_environment,cultural,interesting_places,sculptures,monuments",historic,Q742474,,41.00539779663086,28.97481918334961,Sultanahmet Core,166.71480979,3,,,opentripmap,0,1,Walled Obelisk,search,0.6666666666666666,1,11647.0,31.90958904109589,73.0,365,0.0072016912566261,,1,1,,Walled Obelisk,"The Walled Obelisk The Walled Obelisk historic,monuments_and_memorials,urban_environment,cultural,interesting_places,sculptures,monuments historic Walled Obelisk","the walled obelisk the walled obelisk historic,monuments and memorials,urban environment,cultural,interesting places,sculptures,monuments historic walled obelisk",the walled obelisk,0,0,0,0,0,0,1,0,0,0,0,0,0,0,0,0,1,0,,0,0,0,,,0,0,0,0,0,1
otm_N6072311187,N6072311187,Theodosius Cistern,Theodosius Cistern,"historic,archaeology,interesting_places,other_archaeological_sites",historic,Q3150393,,41.00741195678711,28.97248649597168,Sultanahmet Core,426.1694164,3,,,opentripmap,0,2,Theodosius Cistern,search,1.0,1,10452.0,28.635616438356163,81.0,365,0.0064627867274196,,1,1,,Theodosius Cistern,"Theodosius Cistern Theodosius Cistern historic,archaeology,interesting_places,other_archaeological_sites historic Theodosius Cistern","theodosius cistern theodosius cistern historic,archaeology,interesting places,other archaeological sites historic theodosius cistern",theodosius cistern,0,0,0,0,0,0,0,0,0,0,0,0,0,0,0,0,0,0,,0,0,0,,,0,0,0,0,0,1
otm_W110314231,W110314231,Theotokos Kyriotissa (Kalenderhane),Theotokos Kyriotissa (Kalenderhane),"religion,mosques,interesting_places",religious,Q1758501,,41.013145446777344,28.960369110107425,Suleymaniye,445.37194853,3,,,opentripmap,0,1,Kalenderhane Mosque,search,0.25,1,5785.0,15.849315068493151,39.0,365,0.0035770399175394,keep,1,1,historical and current names refer to the same building/site,Kalenderhane Mosque,"Theotokos Kyriotissa (Kalenderhane) Theotokos Kyriotissa (Kalenderhane) religion,mosques,interesting_places religious Kalenderhane Mosque","theotokos kyriotissa kalenderhane theotokos kyriotissa kalenderhane religion,mosques,interesting places religious kalenderhane mosque",theotokos kyriotissa kalenderhane,1,0,0,0,0,0,0,0,0,0,0,0,0,0,0,0,1,0,,0,0,0,,,0,1,0,0,0,0
otm_W103339339,W103339339,Tiled Kiosk,Tiled Kiosk,"cultural,museums,interesting_places,art_galleries",museum,Q3294735,,41.01202392578125,28.981237411499023,Topkapi Palace,182.97617478,3,,,opentripmap,0,1,Tiled Kiosk,search,1.0,1,6154.0,16.86027397260274,45.0,365,0.003805203742876,,1,1,,Tiled Kiosk,"Tiled Kiosk Tiled Kiosk cultural,museums,interesting_places,art_galleries museum Tiled Kiosk","tiled kiosk tiled kiosk cultural,museums,interesting places,art galleries museum tiled kiosk",tiled kiosk,0,0,0,0,0,1,0,0,0,0,0,0,0,0,0,0,1,0,,0,0,0,,,0,0,1,0,0,0
otm_Q7813639,Q7813639,Toklu Dede Mosque,Toklu Dede Mosque,"religion,mosques,interesting_places",religious,Q7813639,,41.03950119018555,28.9424991607666,Eyup / Pierre Loti,1253.00147015,3,,,opentripmap,0,1,Toklu Dede Mosque,search,1.0,1,1042.0,2.8547945205479452,12.0,365,0.000644300016262,,1,1,,Toklu Dede Mosque,"Toklu Dede Mosque Toklu Dede Mosque religion,mosques,interesting_places religious Toklu Dede Mosque","toklu dede mosque toklu dede mosque religion,mosques,interesting places religious toklu dede mosque",toklu dede,1,0,0,0,0,0,0,0,0,0,0,0,0,0,0,0,1,0,,0,0,0,,,0,1,0,0,0,0
otm_N269497288,N269497288,Tomb of Hayreddin Barbarossa,Tomb of Hayreddin Barbarossa,"historic,monuments_and_memorials,burial_places,interesting_places,mausoleums,monuments",historic,Q6021475,,41.04192352294922,29.0068359375,Yildiz Palace,519.88217588,3,,,opentripmap,0,1,Tomb of Hayreddin Barbarossa,search,1.0,1,2420.0,6.63013698630137,20.0,365,0.0014963589629119,,1,1,,Tomb of Hayreddin Barbarossa,"Tomb of Hayreddin Barbarossa Tomb of Hayreddin Barbarossa historic,monuments_and_memorials,burial_places,interesting_places,mausoleums,monuments historic Tomb of Hayreddin Barbarossa","tomb of hayreddin barbarossa tomb of hayreddin barbarossa historic,monuments and memorials,burial places,interesting places,mausoleums,monuments historic tomb of hayreddin barbarossa",of hayreddin barbarossa,0,0,0,0,0,0,1,1,0,0,0,0,0,1,0,0,3,0,,0,0,0,,,0,0,0,0,0,1
otm_Q27926432,Q27926432,Tombili,Tombili,"historic,cultural,urban_environment,monuments_and_memorials,interesting_places,sculptures,monuments",historic,Q27926432,,40.9857292175293,29.039587020874023,Kadikoy Historic Center,1256.87317116,3,,,opentripmap,0,1,Tombili,search,1.0,1,50195.0,137.5205479452055,986.0,365,0.0310370818774234,,1,1,,Tombili,"Tombili Tombili historic,cultural,urban_environment,monuments_and_memorials,interesting_places,sculptures,monuments historic Tombili","tombili tombili historic,cultural,urban environment,monuments and memorials,interesting places,sculptures,monuments historic tombili",tombili,0,0,0,0,0,0,1,0,0,0,0,0,0,0,0,0,1,0,,0,0,0,,,1,0,0,0,0,1
otm_W335415778,W335415778,Topkapı Palace,Topkapı Palace,"palaces,architecture,historic_architecture,cultural,museums,interesting_places,other_museums",museum,Q170495,,41.012977600097656,28.984066009521484,Topkapi Palace,176.48062573,3,,,opentripmap,0,1,Topkapı Palace,search,1.0,1,268748.0,736.2958904109589,1057.0,365,0.1661749911424206,,1,1,,Topkapı Palace,"Topkapı Palace Topkapı Palace palaces,architecture,historic_architecture,cultural,museums,interesting_places,other_museums museum Topkapı Palace","topkapi palace topkapi palace palaces,architecture,historic architecture,cultural,museums,interesting places,other museums museum topkapi palace",topkapi,0,0,0,0,1,1,0,0,0,0,0,0,0,0,0,0,2,0,,0,0,0,,,1,0,1,0,1,0
otm_R8120955,R8120955,Turkish and Islamic Arts Museum,Turkish and Islamic Arts Museum,"national_museums,cultural,museums,interesting_places",museum,Q525939,,41.00642395019531,28.974912643432617,Sultanahmet Core,195.40366904,3,,,opentripmap,0,2,Turkish and Islamic Arts Museum,search,1.0,1,11127.0,30.48493150684931,72.0,365,0.0068801595786451,,1,1,,Turkish and Islamic Arts Museum,"Turkish and Islamic Arts Museum Turkish and Islamic Arts Museum national_museums,cultural,museums,interesting_places museum Turkish and Islamic Arts Museum","turkish and islamic arts museum turkish and islamic arts museum national museums,cultural,museums,interesting places museum turkish and islamic arts museum",turkish and islamic arts,0,0,0,0,0,1,0,0,0,0,0,0,0,0,0,0,1,0,,0,0,0,,,0,0,1,0,0,0
otm_W23276526,W23276526,Valens Aqueduct,Valens Aqueduct,"bridges,architecture,interesting_places,aqueducts",historic,Q952924,,41.016117095947266,28.95530128479004,Fatih / Valens Aqueduct,140.64764642,3,,,opentripmap,0,1,Aqueduct of Valens,search,1.0,1,27802.0,76.16986301369863,299.0,365,0.0171908148292883,,1,1,,Aqueduct of Valens,"Valens Aqueduct Valens Aqueduct bridges,architecture,interesting_places,aqueducts historic Aqueduct of Valens","valens aqueduct valens aqueduct bridges,architecture,interesting places,aqueducts historic aqueduct of valens",valens aqueduct,0,0,0,0,0,0,0,0,0,0,0,1,0,0,0,0,1,0,,0,0,0,,,1,0,0,1,0,1
otm_W315742592,W315742592,Vasat Atik Ali Pasha Mosque,Vasat Atik Ali Pasha Mosque,"religion,mosques,interesting_places",religious,Q6022200,,41.02490997314453,28.94177627563477,Balat / Fener,852.634583,3,,,opentripmap,0,1,Vasat Atik Ali Pasha Mosque,search,1.0,1,635.0,1.7638888888888888,8.0,360,0.0003926396452268,,1,1,,Vasat Atik Ali Pasha Mosque,"Vasat Atik Ali Pasha Mosque Vasat Atik Ali Pasha Mosque religion,mosques,interesting_places religious Vasat Atik Ali Pasha Mosque","vasat atik ali pasha mosque vasat atik ali pasha mosque religion,mosques,interesting places religious vasat atik ali pasha mosque",vasat atik ali pasha,1,0,0,0,0,0,0,0,0,0,0,0,0,0,0,0,1,0,,0,0,0,,,0,1,0,0,0,0
otm_N4509066189,N4509066189,Vefa Kilise Mosque,Vefa Kilise Mosque,"religion,churches,interesting_places,other_churches",religious,Q246275,,41.01634979248047,28.960275650024418,Suleymaniye,296.92538178,3,,,opentripmap,0,1,Church-Mosque of Vefa,search,0.5,1,3454.0,9.463013698630135,33.0,365,0.0021357123379743,,1,1,,Church-Mosque of Vefa,"Vefa Kilise Mosque Vefa Kilise Mosque religion,churches,interesting_places,other_churches religious Church-Mosque of Vefa","vefa kilise mosque vefa kilise mosque religion,churches,interesting places,other churches religious church mosque of vefa",vefa,1,1,0,0,0,0,0,0,0,0,0,0,0,0,0,0,2,1,dup_003,1,0,0,,,0,1,0,0,0,0
otm_R4429629,R4429629,Walls of Constantinople,Walls of Constantinople,"architecture,historic_architecture,fortifications,defensive_walls,historic,interesting_places,destroyed_objects",historic,Q89917,,41.0323371887207,28.938077926635746,Balat / Fener,1020.32218241,3,,,opentripmap,0,2,Walls of Constantinople,search,1.0,1,209372.0,573.6219178082192,1542.0,365,0.1294610201581812,,1,1,,Walls of Constantinople,"Walls of Constantinople Walls of Constantinople architecture,historic_architecture,fortifications,defensive_walls,historic,interesting_places,destroyed_objects historic Walls of Constantinople","walls of constantinople walls of constantinople architecture,historic architecture,fortifications,defensive walls,historic,interesting places,destroyed objects historic walls of constantinople",walls of constantinople,0,0,0,0,0,0,0,0,1,0,0,0,0,0,0,0,1,0,,0,0,0,,,1,0,0,1,0,1
otm_N5243953336,N5243953336,Yavuz Sultan Selim Mosque,Yavuz Sultan Selim Mosque,"religion,mosques,interesting_places",religious,Q2565329,,41.026519775390625,28.951000213623047,Balat / Fener,369.78253581,3,,,opentripmap,0,3,Yavuz Sultan Selim Mosque,search,1.0,1,1749.0,4.791780821917809,26.0,365,0.0010814594322863,,1,1,,Yavuz Sultan Selim Mosque,"Yavuz Sultan Selim Mosque Yavuz Sultan Selim Mosque religion,mosques,interesting_places religious Yavuz Sultan Selim Mosque","yavuz sultan selim mosque yavuz sultan selim mosque religion,mosques,interesting places religious yavuz sultan selim mosque",yavuz sultan selim,1,0,0,0,0,0,0,0,0,0,0,0,0,0,0,0,1,0,,0,0,0,,,0,1,0,0,0,0
otm_R7321116,R7321116,Yeni Valide Cami,Yeni Valide Cami,"religion,mosques,interesting_places",religious,Q2334567,,41.0247917175293,29.015148162841797,Uskudar Waterfront,112.00300158,3,,,opentripmap,0,1,Yeni Valide Mosque,manual_review,1.0,1,0.0,0.0,0.0,0,0.0,fix,1,0,replaced incorrect Thessaloniki mosque page with correct Üsküdar page,"Yeni Mosque, Thessaloniki","Yeni Valide Cami Yeni Valide Cami religion,mosques,interesting_places religious Yeni Valide Mosque","yeni valide cami yeni valide cami religion,mosques,interesting places religious yeni valide mosque",yeni valide,1,0,0,0,0,0,0,0,0,0,0,0,0,0,0,0,1,0,,0,0,0,,,0,1,0,0,0,0
otm_N3402422970,N3402422970,Yeraltı Camii,Yeraltı Camii,"religion,mosques,interesting_places",religious,Q12885210,,41.0223274230957,28.97679901123047,Galata Tower,425.60441704,3,,,opentripmap,0,1,Yeraltı Mosque,search,0.3333333333333333,1,2641.0,7.235616438356164,27.0,365,0.0016330099260538,,1,1,,Yeraltı Mosque,"Yeraltı Camii Yeraltı Camii religion,mosques,interesting_places religious Yeraltı Mosque","yeralti camii yeralti camii religion,mosques,interesting places religious yeralti mosque",yeralti,1,0,0,0,0,0,0,0,0,0,0,0,0,0,0,0,1,0,,0,0,0,,,0,1,0,0,0,0
otm_Q3394745,Q3394745,Yıldız Clock Tower,Yıldız Clock Tower,"architecture,towers,interesting_places,clock_towers",attraction,Q3394745,,41.049800872802734,29.00979995727539,Yildiz Palace,703.93543498,3,,,opentripmap,0,1,Yıldız Clock Tower,search,1.0,1,1298.0,3.565934065934066,43.0,364,0.0008025925346527,,1,1,,Yıldız Clock Tower,"Yıldız Clock Tower Yıldız Clock Tower architecture,towers,interesting_places,clock_towers attraction Yıldız Clock Tower","yildiz clock tower yildiz clock tower architecture,towers,interesting places,clock towers attraction yildiz clock tower",yildiz clock,0,0,0,0,0,0,0,0,0,1,0,0,0,0,0,0,1,0,,0,0,0,,,0,0,0,1,0,0
otm_W437709811,W437709811,Yıldız Hamidiye Mosque,Yıldız Hamidiye Mosque,"religion,mosques,interesting_places",religious,Q1573438,,41.04939651489258,29.00998878479004,Yildiz Palace,656.45495318,3,,,opentripmap,0,1,Yıldız Hamidiye Mosque,search,1.0,1,6316.0,17.304109589041097,54.0,365,0.0039053732271701,,1,1,,Yıldız Hamidiye Mosque,"Yıldız Hamidiye Mosque Yıldız Hamidiye Mosque religion,mosques,interesting_places religious Yıldız Hamidiye Mosque","yildiz hamidiye mosque yildiz hamidiye mosque religion,mosques,interesting places religious yildiz hamidiye mosque",yildiz hamidiye,1,0,0,0,0,0,0,0,0,0,0,0,0,0,0,0,1,0,,0,0,0,,,0,1,0,0,0,0
otm_W331247663,W331247663,Zal Mahmud Pasha Mosque,Zal Mahmud Pasha Mosque,"religion,mosques,interesting_places",religious,Q1572457,,41.04463577270508,28.93585205078125,Eyup / Pierre Loti,458.21191288,3,,,opentripmap,0,1,Zal Mahmud Pasha Mosque,search,1.0,1,3067.0,8.402739726027397,39.0,365,0.0018964185699383,,1,1,,Zal Mahmud Pasha Mosque,"Zal Mahmud Pasha Mosque Zal Mahmud Pasha Mosque religion,mosques,interesting_places religious Zal Mahmud Pasha Mosque","zal mahmud pasha mosque zal mahmud pasha mosque religion,mosques,interesting places religious zal mahmud pasha mosque",zal mahmud pasha,1,0,0,0,0,0,0,0,0,0,0,0,0,0,0,0,1,0,,0,0,0,,,0,1,0,0,0,0
otm_W104061375,W104061375,Zeynep Sultan Mosque,Zeynep Sultan Mosque,"religion,mosques,interesting_places",religious,Q1153320,,41.01007080078125,28.978498458862305,Hagia Sophia / Basilica Cistern,258.23910109,3,,,opentripmap,0,2,Zeynep Sultan Mosque,search,1.0,1,1510.0,4.136986301369863,77.0,365,0.000933678526445,,1,1,,Zeynep Sultan Mosque,"Zeynep Sultan Mosque Zeynep Sultan Mosque religion,mosques,interesting_places religious Zeynep Sultan Mosque","zeynep sultan mosque zeynep sultan mosque religion,mosques,interesting places religious zeynep sultan mosque",zeynep sultan,1,0,0,0,0,0,0,0,0,0,0,0,0,0,0,0,1,0,,0,0,0,,,0,1,0,0,0,0
otm_W235463557,W235463557,Zühtü Pacha mosque,Zühtü Pacha mosque,"religion,mosques,interesting_places",religious,Q6019534,,40.98413848876953,29.0400390625,Kadikoy Historic Center,1378.54466524,3,,,opentripmap,0,1,,,,0,0.0,0.0,0.0,0,0.0,,0,0,,,"Zühtü Pacha mosque Zühtü Pacha mosque religion,mosques,interesting_places religious ","zuhtu pacha mosque zuhtu pacha mosque religion,mosques,interesting places religious",zuhtu pacha,1,0,0,0,0,0,0,0,0,0,0,0,0,0,0,0,1,0,,0,0,0,,,0,1,0,0,0,0
otm_W48968788,W48968788,Çadır Köşkü,Çadır Köşkü,"other,unclassified_objects,interesting_places,tourist_object",attraction,Q6100184,,41.047698974609375,29.0133113861084,Yildiz Palace,438.54118211,3,,,opentripmap,0,1,,,,0,0.0,0.0,0.0,0,0.0,,0,0,,,"Çadır Köşkü Çadır Köşkü other,unclassified_objects,interesting_places,tourist_object attraction ","cadir kosku cadir kosku other,unclassified objects,interesting places,tourist object attraction",cadir kosku,0,0,0,0,0,0,0,0,0,0,0,0,0,0,0,0,0,0,,0,0,0,,,0,0,0,0,0,0
otm_W238027309,W238027309,Çinili Mosque,Çinili Mosque,"religion,mosques,interesting_places",religious,Q18515442,,41.01979446411133,29.029155731201172,Uskudar Waterfront,1350.06344586,3,,,opentripmap,0,1,Çinili Mosque,search,1.0,1,1485.0,4.068493150684931,15.0,365,0.0009182202726959,,1,1,,Çinili Mosque,"Çinili Mosque Çinili Mosque religion,mosques,interesting_places religious Çinili Mosque","cinili mosque cinili mosque religion,mosques,interesting places religious cinili mosque",cinili,1,0,0,0,0,0,0,0,0,0,0,0,0,0,0,0,1,0,,0,0,0,,,0,1,0,0,0,0
otm_Q1463961,Q1463961,İstanbul Modern,İstanbul Modern,"museums,cultural,interesting_places,art_galleries",museum,Q1463961,,41.0260009765625,28.98294448852539,Galata Tower,719.34203369,3,,,opentripmap,0,1,Istanbul Modern,search,0.3333333333333333,1,6626.0,18.153424657534245,79.0,365,0.0040970555736588,,1,1,,Istanbul Modern,"İstanbul Modern İstanbul Modern museums,cultural,interesting_places,art_galleries museum Istanbul Modern","istanbul modern istanbul modern museums,cultural,interesting places,art galleries museum istanbul modern",istanbul modern,0,0,0,0,0,1,0,0,0,0,0,0,0,0,0,0,1,0,,0,0,0,,,0,0,1,0,0,0
otm_N5111212308,N5111212308,İşbank Museum,İşbank Museum,"cultural,museums,interesting_places,other_museums",museum,Q16850066,,41.01616668701172,28.972620010375977,Eminonu / Spice Bazaar,206.97969901,3,,,opentripmap,0,1,İşbank Museum,search,1.0,1,1000.0,2.7472527472527473,14.0,364,0.0006183301499636,,1,1,,İşbank Museum,"İşbank Museum İşbank Museum cultural,museums,interesting_places,other_museums museum İşbank Museum","isbank museum isbank museum cultural,museums,interesting places,other museums museum isbank museum",isbank,0,0,0,0,0,1,0,0,0,0,0,0,0,0,0,0,1,0,,0,0,0,,,0,0,1,0,0,0
otm_R7656706,R7656706,Şehzade Mosque,Şehzade Mosque,"religion,mosques,interesting_places",religious,Q644677,,41.01383209228515,28.9571590423584,Fatih / Valens Aqueduct,355.99061986,3,,,opentripmap,0,3,Şehzade Mosque,search,1.0,1,35316.0,96.75616438356164,325.0,365,0.0218369475761148,,1,1,,Şehzade Mosque,"Şehzade Mosque Şehzade Mosque religion,mosques,interesting_places religious Şehzade Mosque","sehzade mosque sehzade mosque religion,mosques,interesting places religious sehzade mosque",sehzade,1,0,0,0,0,0,0,0,0,0,0,0,0,0,0,0,1,0,,0,0,0,,,1,1,0,0,0,0
otm_W237833983,W237833983,Şemsi Pasha Mosque,Şemsi Pasha Mosque,"religion,mosques,interesting_places",religious,Q1572431,,41.02594375610352,29.0113525390625,Uskudar Waterfront,323.98892778,3,,,opentripmap,0,1,Şemsi Pasha Mosque,search,1.0,1,2771.0,7.591780821917808,23.0,365,0.0017133928455491,,1,1,,Şemsi Pasha Mosque,"Şemsi Pasha Mosque Şemsi Pasha Mosque religion,mosques,interesting_places religious Şemsi Pasha Mosque","semsi pasha mosque semsi pasha mosque religion,mosques,interesting places religious semsi pasha mosque",semsi pasha,1,0,0,0,0,0,0,0,0,0,0,0,0,0,0,0,1,0,,0,0,0,,,0,1,0,0,0,0
otm_W329264309,W329264309,Şeyh Süleyman Mosque,Şeyh Süleyman Mosque,"religion,mosques,interesting_places",religious,Q8082507,,41.01921081542969,28.955366134643555,Fatih / Valens Aqueduct,263.55652995,3,,,opentripmap,0,1,Şeyh Süleyman Mosque,search,1.0,1,0.0,0.0,0.0,0,0.0,,1,0,,Şeyh Süleyman Mosque,"Şeyh Süleyman Mosque Şeyh Süleyman Mosque religion,mosques,interesting_places religious Şeyh Süleyman Mosque","seyh suleyman mosque seyh suleyman mosque religion,mosques,interesting places religious seyh suleyman mosque",seyh suleyman,1,0,0,0,0,0,0,0,0,0,0,0,0,0,0,0,1,0,,0,0,0,,,0,1,0,0,0,0
otm_W444944499,W444944499,Abdurrahman Ağa Mosque,Abdurrahman Ağa Mosque,"religion,mosques,interesting_places",religious,Q6054560,,41.03158187866211,29.0223331451416,Uskudar Waterfront,878.70432599,2,,,opentripmap,0,1,,,,0,0.0,0.0,0.0,0,0.0,,0,0,,,"Abdurrahman Ağa Mosque Abdurrahman Ağa Mosque religion,mosques,interesting_places religious ","abdurrahman aga mosque abdurrahman aga mosque religion,mosques,interesting places religious",abdurrahman aga,1,0,0,0,0,0,0,0,0,0,0,0,0,0,0,0,1,0,,0,0,0,,,0,1,0,0,0,0
otm_W523879940,W523879940,Ahmediye Cami,Ahmediye Cami,"religion,mosques,interesting_places",religious,Q6056835,,41.01496124267578,28.946699142456055,Fatih / Valens Aqueduct,854.98235509,2,,,opentripmap,0,1,,,,0,0.0,0.0,0.0,0,0.0,,0,0,,,"Ahmediye Cami Ahmediye Cami religion,mosques,interesting_places religious ","ahmediye cami ahmediye cami religion,mosques,interesting places religious",ahmediye,1,0,0,0,0,0,0,0,0,0,0,0,0,0,0,0,1,0,,0,0,0,,,0,1,0,0,0,0
otm_W175520628,W175520628,Ahrida Synagogue,Ahrida Synagogue,"religion,synagogues,interesting_places",religious,Q3393562,,41.03291320800781,28.945518493652344,Balat / Fener,500.86057773,2,,,opentripmap,0,1,Ahrida Synagogue of Istanbul,search,0.6666666666666666,1,0.0,0.0,0.0,0,0.0,,1,0,,Ahrida Synagogue of Istanbul,"Ahrida Synagogue Ahrida Synagogue religion,synagogues,interesting_places religious Ahrida Synagogue of Istanbul","ahrida synagogue ahrida synagogue religion,synagogues,interesting places religious ahrida synagogue of istanbul",ahrida,0,0,1,0,0,0,0,0,0,0,0,0,0,0,0,0,1,0,,0,0,0,,,0,1,0,0,0,0
otm_Q64517880,Q64517880,Ali Pertek Mosque,Ali Pertek Mosque,"religion,mosques,interesting_places",religious,Q64517880,,41.08858108520508,29.056739807128903,Rumeli Hisari,408.71564679,2,,,opentripmap,0,1,Pertek,search,0.3333333333333333,1,0.0,0.0,0.0,0,0.0,,1,0,,Pertek,"Ali Pertek Mosque Ali Pertek Mosque religion,mosques,interesting_places religious Pertek","ali pertek mosque ali pertek mosque religion,mosques,interesting places religious pertek",ali pertek,1,0,0,0,0,0,0,0,0,0,0,0,0,0,0,0,1,0,,0,0,0,,,0,1,0,0,0,0
otm_W46332545,W46332545,Alman Protestan Kilisesi,Alman Protestan Kilisesi,"religion,churches,interesting_places,other_churches",religious,Q65741537,,41.03614044189453,28.97385025024414,Istiklal / Pera,421.80644011,2,,,opentripmap,0,1,,,,0,0.0,0.0,0.0,0,0.0,,0,0,,,"Alman Protestan Kilisesi Alman Protestan Kilisesi religion,churches,interesting_places,other_churches religious ","alman protestan kilisesi alman protestan kilisesi religion,churches,interesting places,other churches religious",alman protestan,0,1,0,0,0,0,0,0,0,0,0,0,0,0,0,0,1,0,,0,0,0,,,0,1,0,0,0,0
otm_Q620190,Q620190,Apostolic Exarchate of Istanbul,Apostolic Exarchate of Istanbul,"religion,other_temples,interesting_places",religious,Q620190,,41.03689956665039,28.977500915527344,Istiklal / Pera,334.85741244,2,,,opentripmap,0,1,Exarchate of Istanbul,search,0.6666666666666666,1,0.0,0.0,0.0,0,0.0,,1,0,,Exarchate of Istanbul,"Apostolic Exarchate of Istanbul Apostolic Exarchate of Istanbul religion,other_temples,interesting_places religious Exarchate of Istanbul","apostolic exarchate of istanbul apostolic exarchate of istanbul religion,other temples,interesting places religious exarchate of istanbul",apostolic exarchate of istanbul,0,0,0,0,0,0,0,0,0,0,0,0,0,0,0,0,0,0,,0,0,0,,,0,0,0,0,0,0
otm_N5665713222,N5665713222,Atlas,Atlas,"cultural,cinemas,theatres_and_entertainments,interesting_places",attraction,Q6065720,,41.034183502197266,28.97917366027832,Istiklal / Pera,111.56845856,2,,,opentripmap,0,1,Atlas,search,1.0,1,0.0,0.0,0.0,0,0.0,,1,0,,Atlas,"Atlas Atlas cultural,cinemas,theatres_and_entertainments,interesting_places attraction Atlas","atlas atlas cultural,cinemas,theatres and entertainments,interesting places attraction atlas",atlas,0,0,0,0,0,0,0,0,0,0,0,0,0,0,0,0,0,0,,0,0,0,,,0,0,0,0,0,0
otm_W167640480,W167640480,Aya Nikola Kilisesi,Aya Nikola Kilisesi,"religion,churches,interesting_places,other_churches",religious,Q25477759,,41.02445602416992,28.97852325439453,Galata Tower,373.18513,2,,,opentripmap,0,1,,,,0,0.0,0.0,0.0,0,0.0,,0,0,,,"Aya Nikola Kilisesi Aya Nikola Kilisesi religion,churches,interesting_places,other_churches religious ","aya nikola kilisesi aya nikola kilisesi religion,churches,interesting places,other churches religious",aya nikola,0,1,0,0,0,0,0,0,0,0,0,0,0,0,0,0,1,0,,0,0,0,,,0,1,0,0,0,0
otm_Q61071689,Q61071689,Ayrılık Çeşmesi,Ayrılık Çeşmesi,"fountains,historic,cultural,urban_environment,monuments_and_memorials,interesting_places,sculptures,monuments",historic,Q61071689,,41.000221252441406,29.030738830566406,Kadikoy Historic Center,1100.56016711,2,,,opentripmap,0,1,Ayrılık Çeşmesi (Istanbul Metro),search,0.5,1,0.0,0.0,0.0,0,0.0,,1,0,,Ayrılık Çeşmesi (Istanbul Metro),"Ayrılık Çeşmesi Ayrılık Çeşmesi fountains,historic,cultural,urban_environment,monuments_and_memorials,interesting_places,sculptures,monuments historic Ayrılık Çeşmesi (Istanbul Metro)","ayrilik cesmesi ayrilik cesmesi fountains,historic,cultural,urban environment,monuments and memorials,interesting places,sculptures,monuments historic ayrilik cesmesi istanbul metro",ayrilik,0,0,0,0,0,0,1,0,0,0,0,0,0,0,1,0,2,0,,0,0,0,,,0,0,0,0,0,1
otm_Q31188778,Q31188778,Ayvansaray Panayia Balino Church,Ayvansaray Panayia Balino Church,"religion,churches,interesting_places,other_churches",religious,Q31188778,,41.03580474853515,28.944805145263672,Balat / Fener,793.19539096,2,,,opentripmap,0,1,,,,0,0.0,0.0,0.0,0,0.0,,0,0,,,"Ayvansaray Panayia Balino Church Ayvansaray Panayia Balino Church religion,churches,interesting_places,other_churches religious ","ayvansaray panayia balino church ayvansaray panayia balino church religion,churches,interesting places,other churches religious",ayvansaray panayia balino,0,1,0,0,0,0,0,0,0,0,0,0,0,0,0,0,1,0,,0,0,0,,,0,1,0,0,0,0
otm_W329089871,W329089871,Aziz Mahmud Hudayi Vakfi Gazanfer Ağa Medresesi Egitim ve Kultur Merkezi,Aziz Mahmud Hudayi Vakfi Gazanfer Ağa Medresesi Egitim ve Kultur Merkezi,"cultural,museums,interesting_places,other_museums",museum,Q31189333,,41.01634216308594,28.95543670654297,Fatih / Valens Aqueduct,115.46007627,2,,,opentripmap,0,1,,,,0,0.0,0.0,0.0,0,0.0,,0,0,,,"Aziz Mahmud Hudayi Vakfi Gazanfer Ağa Medresesi Egitim ve Kultur Merkezi Aziz Mahmud Hudayi Vakfi Gazanfer Ağa Medresesi Egitim ve Kultur Merkezi cultural,museums,interesting_places,other_museums museum ","aziz mahmud hudayi vakfi gazanfer aga medresesi egitim ve kultur merkezi aziz mahmud hudayi vakfi gazanfer aga medresesi egitim ve kultur merkezi cultural,museums,interesting places,other museums museum",aziz mahmud hudayi vakfi gazanfer aga medresesi egitim ve kultur merkezi,0,0,0,0,0,1,0,0,0,0,0,0,0,0,0,0,1,0,,0,0,0,,,0,0,1,0,0,0
otm_Q18979885,Q18979885,Badawi Tekke of Beylerbeyi,Badawi Tekke of Beylerbeyi,"religion,other_temples,interesting_places",religious,Q18979885,,41.041378021240234,29.045475006103516,Beylerbeyi Palace,423.95557917,2,,,opentripmap,0,1,Badawi Tekke of Beylerbeyi,search,1.0,1,0.0,0.0,0.0,0,0.0,,1,0,,Badawi Tekke of Beylerbeyi,"Badawi Tekke of Beylerbeyi Badawi Tekke of Beylerbeyi religion,other_temples,interesting_places religious Badawi Tekke of Beylerbeyi","badawi tekke of beylerbeyi badawi tekke of beylerbeyi religion,other temples,interesting places religious badawi tekke of beylerbeyi",badawi tekke of beylerbeyi,0,0,0,0,0,0,0,0,0,0,0,0,1,0,0,0,1,0,,0,0,0,,,0,0,0,0,0,0
otm_W338274455,W338274455,Bahariye Mevlevihanesi,Bahariye Mevlevihanesi,"other,unclassified_objects,interesting_places,historic_object",historic,Q4900443,,41.05601119995117,28.940004348754883,Eyup / Pierre Loti,1080.98005725,2,,,opentripmap,0,1,Beşiktaş Mevlevihanesi,search,0.3333333333333333,1,0.0,0.0,0.0,0,0.0,,1,0,,Beşiktaş Mevlevihanesi,"Bahariye Mevlevihanesi Bahariye Mevlevihanesi other,unclassified_objects,interesting_places,historic_object historic Beşiktaş Mevlevihanesi","bahariye mevlevihanesi bahariye mevlevihanesi other,unclassified objects,interesting places,historic object historic besiktas mevlevihanesi",bahariye mevlevihanesi,0,0,0,0,0,0,0,0,0,0,0,0,0,0,0,0,0,0,,0,0,0,,,0,0,0,0,0,1
otm_Q65059780,Q65059780,Battle of Constantinople,Battle of Constantinople,"battlefields,historic,historical_places,interesting_places",historic,Q65059780,,41.01388931274414,28.955554962158203,Fatih / Valens Aqueduct,354.51758639,2,,,opentripmap,0,1,Battle of Constantinople,search,1.0,1,0.0,0.0,0.0,0,0.0,,1,0,,Battle of Constantinople,"Battle of Constantinople Battle of Constantinople battlefields,historic,historical_places,interesting_places historic Battle of Constantinople","battle of constantinople battle of constantinople battlefields,historic,historical places,interesting places historic battle of constantinople",battle of constantinople,0,0,0,0,0,0,0,0,0,0,0,0,0,0,0,0,0,0,,0,1,1,historical_event,"Historical event, not a visitable attraction POI",0,0,0,0,0,1
otm_Q2527826,Q2527826,Battle of Pegae,Battle of Pegae,"battlefields,historic,historical_places,interesting_places",historic,Q2527826,,41.01224136352539,28.97601890563965,Topkapi Palace,618.05045638,2,,,opentripmap,0,1,Battle of Pegae,search,1.0,1,0.0,0.0,0.0,0,0.0,,1,0,,Battle of Pegae,"Battle of Pegae Battle of Pegae battlefields,historic,historical_places,interesting_places historic Battle of Pegae","battle of pegae battle of pegae battlefields,historic,historical places,interesting places historic battle of pegae",battle of pegae,0,0,0,0,0,0,0,0,0,0,0,0,0,0,0,0,0,0,,0,1,1,historical_event,"Historical event, not a visitable attraction POI",0,0,0,0,0,1
otm_Q3409200,Q3409200,Bet Nissim Synagogue,Bet Nissim Synagogue,"religion,synagogues,interesting_places",religious,Q3409200,,41.032928466796875,29.03145980834961,Beylerbeyi Palace,1262.01260223,2,,,opentripmap,0,1,Bet Nissim Synagogue,search,1.0,1,0.0,0.0,0.0,0,0.0,,1,0,,Bet Nissim Synagogue,"Bet Nissim Synagogue Bet Nissim Synagogue religion,synagogues,interesting_places religious Bet Nissim Synagogue","bet nissim synagogue bet nissim synagogue religion,synagogues,interesting places religious bet nissim synagogue",bet nissim,0,0,1,0,0,0,0,0,0,0,0,0,0,0,0,0,1,0,,0,0,0,,,0,1,0,0,0,0
otm_N6548565311,N6548565311,Burhaniye Camii,Burhaniye Camii,"religion,other_temples,interesting_places",religious,Q60753015,,41.03091812133789,29.047670364379883,Beylerbeyi Palace,1370.5084583,2,,,opentripmap,0,1,,,,0,0.0,0.0,0.0,0,0.0,,0,0,,,"Burhaniye Camii Burhaniye Camii religion,other_temples,interesting_places religious ","burhaniye camii burhaniye camii religion,other temples,interesting places religious",burhaniye,1,0,0,0,0,0,0,0,0,0,0,0,0,0,0,0,1,0,,0,0,0,,,0,1,0,0,0,0
otm_N5862307939,N5862307939,Bülbülderesi Mezarlığı,Bülbülderesi Mezarlığı,"cemeteries,historic,burial_places,interesting_places",historic,Q6028021,,41.0261344909668,29.02469825744629,Uskudar Waterfront,799.69665462,2,,,opentripmap,0,1,,,,0,0.0,0.0,0.0,0,0.0,,0,0,,,"Bülbülderesi Mezarlığı Bülbülderesi Mezarlığı cemeteries,historic,burial_places,interesting_places historic ","bulbulderesi mezarligi bulbulderesi mezarligi cemeteries,historic,burial places,interesting places historic",bulbulderesi mezarligi,0,0,0,0,0,0,0,1,0,0,0,0,0,0,0,0,1,0,,0,0,0,,,0,0,0,0,0,1
otm_Q6024151,Q6024151,Caferağa Mosque,Caferağa Mosque,"religion,mosques,interesting_places",religious,Q6024151,,40.98933410644531,29.024396896362305,Kadikoy Historic Center,236.34390278,2,,,opentripmap,0,1,"Caferağa, Kadıköy",search,0.3333333333333333,1,0.0,0.0,0.0,0,0.0,,1,0,,"Caferağa, Kadıköy","Caferağa Mosque Caferağa Mosque religion,mosques,interesting_places religious Caferağa, Kadıköy","caferaga mosque caferaga mosque religion,mosques,interesting places religious caferaga, kadikoy",caferaga,1,0,0,0,0,0,0,0,0,0,0,0,0,0,0,0,1,0,,0,0,0,,,0,1,0,0,0,0
otm_W310249875,W310249875,Cami,Cami,"religion,mosques,interesting_places",religious,Q63348784,,41.091896057128906,29.04642105102539,Rumeli Hisari,1167.9555228,2,,,opentripmap,0,1,Cami (disambiguation),search,0.5,1,0.0,0.0,0.0,0,0.0,,1,0,,Cami (disambiguation),"Cami Cami religion,mosques,interesting_places religious Cami (disambiguation)","cami cami religion,mosques,interesting places religious cami disambiguation",,1,0,0,0,0,0,0,0,0,0,0,0,0,0,0,0,1,0,,0,0,0,,,0,1,0,0,0,0
otm_Q1366011,Q1366011,Chaldean Catholic Archeparchy of Diyarbakir,Chaldean Catholic Archeparchy of Diyarbakir,"religion,other_temples,interesting_places",religious,Q1366011,,41.01666641235352,28.96666717529297,Suleymaniye,246.63447304,2,,,opentripmap,0,1,Chaldean Catholic Archeparchy of Amida,search,0.6,1,0.0,0.0,0.0,0,0.0,,1,0,,Chaldean Catholic Archeparchy of Amida,"Chaldean Catholic Archeparchy of Diyarbakir Chaldean Catholic Archeparchy of Diyarbakir religion,other_temples,interesting_places religious Chaldean Catholic Archeparchy of Amida","chaldean catholic archeparchy of diyarbakir chaldean catholic archeparchy of diyarbakir religion,other temples,interesting places religious chaldean catholic archeparchy of amida",chaldean catholic archeparchy of diyarbakir,0,0,0,0,0,0,0,0,0,0,0,0,0,0,0,0,0,0,,0,0,0,,,0,0,0,0,0,0
otm_W588282831,W588282831,Church of the Holy Cross,Church of the Holy Cross,"religion,churches,interesting_places,other_churches",religious,Q20471279,,41.02481842041016,29.030797958374023,Uskudar Waterfront,1316.34529679,2,,,opentripmap,0,1,"Church of the Holy Cross, Ilam",search,0.8,1,0.0,0.0,0.0,0,0.0,,1,0,,"Church of the Holy Cross, Ilam","Church of the Holy Cross Church of the Holy Cross religion,churches,interesting_places,other_churches religious Church of the Holy Cross, Ilam","church of the holy cross church of the holy cross religion,churches,interesting places,other churches religious church of the holy cross, ilam",of the holy cross,0,1,0,0,0,0,0,0,0,0,0,0,0,0,0,0,1,0,,0,0,0,,,0,1,0,0,0,0
otm_Q20474865,Q20474865,Divanyolu Çeşmesi,Divanyolu Çeşmesi,"fountains,historic,cultural,urban_environment,monuments_and_memorials,interesting_places,sculptures,monuments",historic,Q20474865,,41.00837707519531,28.973268508911133,Sultanahmet Core,444.59413268,2,,,opentripmap,0,1,,,,0,0.0,0.0,0.0,0,0.0,,0,0,,,"Divanyolu Çeşmesi Divanyolu Çeşmesi fountains,historic,cultural,urban_environment,monuments_and_memorials,interesting_places,sculptures,monuments historic ","divanyolu cesmesi divanyolu cesmesi fountains,historic,cultural,urban environment,monuments and memorials,interesting places,sculptures,monuments historic",divanyolu,0,0,0,0,0,0,1,0,0,0,0,0,0,0,1,0,2,0,,0,0,0,,,0,0,0,0,0,1
otm_W315742598,W315742598,Dragoman Yunus Beg Mosque,Dragoman Yunus Beg Mosque,"religion,mosques,interesting_places",religious,Q6042026,,41.02887344360352,28.9440860748291,Balat / Fener,480.97574189,2,,,opentripmap,0,1,,,,0,0.0,0.0,0.0,0,0.0,,0,0,,,"Dragoman Yunus Beg Mosque Dragoman Yunus Beg Mosque religion,mosques,interesting_places religious ","dragoman yunus beg mosque dragoman yunus beg mosque religion,mosques,interesting places religious",dragoman yunus beg,1,0,0,0,0,0,0,0,0,0,0,0,0,0,0,0,1,0,,0,0,0,,,0,1,0,0,0,0
otm_Q1335287,Q1335287,Emek Sineması,Emek Sineması,"cinemas,cultural,theatres_and_entertainments,interesting_places",attraction,Q1335287,,41.034908294677734,28.97969627380371,Istiklal / Pera,188.19122084,2,,,opentripmap,0,1,,,,0,0.0,0.0,0.0,0,0.0,,0,0,,,"Emek Sineması Emek Sineması cinemas,cultural,theatres_and_entertainments,interesting_places attraction ","emek sinemasi emek sinemasi cinemas,cultural,theatres and entertainments,interesting places attraction",emek sinemasi,0,0,0,0,0,0,0,0,0,0,0,0,0,0,0,0,0,0,,0,0,0,,,0,0,0,0,0,0
otm_Q6102514,Q6102514,Fenerbahçe Museum,Fenerbahçe Museum,"museums,cultural,interesting_places,other_museums",museum,Q6102514,,40.98807144165039,29.037443161010746,Kadikoy Historic Center,988.90934118,2,,,opentripmap,0,1,Fenerbahçe S.K.,search,0.5,1,0.0,0.0,0.0,0,0.0,,1,0,,Fenerbahçe S.K.,"Fenerbahçe Museum Fenerbahçe Museum museums,cultural,interesting_places,other_museums museum Fenerbahçe S.K.","fenerbahce museum fenerbahce museum museums,cultural,interesting places,other museums museum fenerbahce s k",fenerbahce,0,0,0,0,0,1,0,0,0,0,0,0,0,0,0,0,1,0,,0,0,0,,,0,0,1,0,0,0
otm_N8225587082,N8225587082,Feshane,Feshane,"architecture,historic_architecture,interesting_places,other_buildings_and_structures",historic,Q6059242,,41.0455436706543,28.937965393066406,Eyup / Pierre Loti,520.10004876,2,,,opentripmap,0,2,,,,0,0.0,0.0,0.0,0,0.0,,0,0,,,"Feshane Feshane architecture,historic_architecture,interesting_places,other_buildings_and_structures historic ","feshane feshane architecture,historic architecture,interesting places,other buildings and structures historic",feshane,0,0,0,0,0,0,0,0,0,0,0,0,0,0,0,0,0,0,,0,0,0,,,0,0,0,0,0,1
otm_W165718178,W165718178,Galata Mevlevi House Museum,Galata Mevlevi House Museum,"religion,other_temples,cultural,museums,interesting_places,other_museums",museum,Q6090478,,41.02801513671875,28.975114822387695,Galata Tower,264.00056931,2,,,opentripmap,0,2,Galata Mevlevi Lodge Museum,search,0.6,1,0.0,0.0,0.0,0,0.0,,1,0,,Galata Mevlevi Lodge Museum,"Galata Mevlevi House Museum Galata Mevlevi House Museum religion,other_temples,cultural,museums,interesting_places,other_museums museum Galata Mevlevi Lodge Museum","galata mevlevi house museum galata mevlevi house museum religion,other temples,cultural,museums,interesting places,other museums museum galata mevlevi lodge museum",galata mevlevi house,0,0,0,0,0,1,0,0,0,0,0,0,0,0,0,0,1,0,,0,0,0,,,0,0,1,0,0,0
otm_W676830364,W676830364,"Haidar Pasha Cemetery, Commonwealth War Graves Commission Plot","Haidar Pasha Cemetery, Commonwealth War Graves Commission Plot","cemeteries,historic,monuments_and_memorials,burial_places,interesting_places,war_graves,monuments",historic,Q62060898,,40.99964141845703,29.02056312561035,Kadikoy Historic Center,1084.03976569,2,,,opentripmap,0,1,,,,0,0.0,0.0,0.0,0,0.0,,0,0,,,"Haidar Pasha Cemetery, Commonwealth War Graves Commission Plot Haidar Pasha Cemetery, Commonwealth War Graves Commission Plot cemeteries,historic,monuments_and_memorials,burial_places,interesting_places,war_graves,monuments historic ","haidar pasha cemetery, commonwealth war graves commission plot haidar pasha cemetery, commonwealth war graves commission plot cemeteries,historic,monuments and memorials,burial places,interesting places,war graves,monuments historic","haidar pasha cemetery, commonwealth war graves commission plot",0,0,0,0,0,0,1,1,0,0,0,0,0,0,0,0,2,0,,0,0,0,,,0,0,0,0,0,1
otm_Q3397455,Q3397455,Handan Agha Mosque,Handan Agha Mosque,"religion,mosques,interesting_places",religious,Q3397455,,41.03821563720703,28.951101303100582,Balat / Fener,953.06091594,2,,,opentripmap,0,1,Handan Agha Mosque,search,1.0,1,0.0,0.0,0.0,0,0.0,,1,0,,Handan Agha Mosque,"Handan Agha Mosque Handan Agha Mosque religion,mosques,interesting_places religious Handan Agha Mosque","handan agha mosque handan agha mosque religion,mosques,interesting places religious handan agha mosque",handan agha,1,0,0,0,0,0,0,0,0,0,0,0,0,0,0,0,1,0,,0,0,0,,,0,1,0,0,0,0
otm_Q106090154,Q106090154,Hasan Rıza Paşa Çeşmesi,Hasan Rıza Paşa Çeşmesi,"fountains,historic,cultural,urban_environment,monuments_and_memorials,interesting_places,sculptures,monuments",historic,Q106090154,,40.98518371582031,29.02216339111328,Kadikoy Historic Center,724.07361674,2,,,opentripmap,0,1,,,,0,0.0,0.0,0.0,0,0.0,,0,0,,,"Hasan Rıza Paşa Çeşmesi Hasan Rıza Paşa Çeşmesi fountains,historic,cultural,urban_environment,monuments_and_memorials,interesting_places,sculptures,monuments historic ","hasan riza pasa cesmesi hasan riza pasa cesmesi fountains,historic,cultural,urban environment,monuments and memorials,interesting places,sculptures,monuments historic",hasan riza pasa,0,0,0,0,0,0,1,0,0,0,0,0,0,0,1,0,2,0,,0,0,0,,,0,0,0,0,0,1
otm_Q29877998,Q29877998,Hayal Kahvesi,Hayal Kahvesi,"concert_halls,cultural,theatres_and_entertainments,interesting_places",attraction,Q29877998,,41.03554916381836,28.983484268188477,Istiklal / Pera,504.1293983,2,,,opentripmap,0,1,,,,0,0.0,0.0,0.0,0,0.0,,0,0,,,"Hayal Kahvesi Hayal Kahvesi concert_halls,cultural,theatres_and_entertainments,interesting_places attraction ","hayal kahvesi hayal kahvesi concert halls,cultural,theatres and entertainments,interesting places attraction",hayal kahvesi,0,0,0,0,0,0,0,0,0,0,0,0,0,0,0,0,0,0,,0,0,0,,,0,0,0,0,0,0
otm_N278713308,N278713308,Holy Trinity,Holy Trinity,"religion,churches,interesting_places,catholic_churches",religious,Q25474174,,41.03173065185547,28.975557327270508,Istiklal / Pera,311.10363978,2,,,opentripmap,0,1,Holy Trinity (disambiguation),search,0.6666666666666666,1,0.0,0.0,0.0,0,0.0,,1,0,,Holy Trinity (disambiguation),"Holy Trinity Holy Trinity religion,churches,interesting_places,catholic_churches religious Holy Trinity (disambiguation)","holy trinity holy trinity religion,churches,interesting places,catholic churches religious holy trinity disambiguation",holy trinity,0,1,0,0,0,0,0,0,0,0,0,0,0,0,0,0,1,0,,0,0,0,,,0,1,0,0,0,0
otm_Q105814877,Q105814877,Horhor Çeşmesi (Kırma Tulumba Sokağı),Horhor Çeşmesi (Kırma Tulumba Sokağı),"fountains,historic,cultural,urban_environment,monuments_and_memorials,interesting_places,sculptures,monuments",historic,Q105814877,,41.0131950378418,28.951019287109375,Fatih / Valens Aqueduct,625.31732766,2,,,opentripmap,0,1,,,,0,0.0,0.0,0.0,0,0.0,,0,0,,,"Horhor Çeşmesi (Kırma Tulumba Sokağı) Horhor Çeşmesi (Kırma Tulumba Sokağı) fountains,historic,cultural,urban_environment,monuments_and_memorials,interesting_places,sculptures,monuments historic ","horhor cesmesi kirma tulumba sokagi horhor cesmesi kirma tulumba sokagi fountains,historic,cultural,urban environment,monuments and memorials,interesting places,sculptures,monuments historic",horhor kirma tulumba sokagi,0,0,0,0,0,0,1,0,0,0,0,0,0,0,1,0,2,0,,0,0,0,,,0,0,0,0,0,1
otm_Q106035131,Q106035131,Hüseyin Ağa Çeşmesi,Hüseyin Ağa Çeşmesi,"fountains,historic,cultural,urban_environment,monuments_and_memorials,interesting_places,sculptures,monuments",historic,Q106035131,,40.989891052246094,29.02583885192871,Kadikoy Historic Center,118.74609798,2,,,opentripmap,0,1,,,,0,0.0,0.0,0.0,0,0.0,,0,0,,,"Hüseyin Ağa Çeşmesi Hüseyin Ağa Çeşmesi fountains,historic,cultural,urban_environment,monuments_and_memorials,interesting_places,sculptures,monuments historic ","huseyin aga cesmesi huseyin aga cesmesi fountains,historic,cultural,urban environment,monuments and memorials,interesting places,sculptures,monuments historic",huseyin aga,0,0,0,0,0,0,1,0,0,0,0,0,0,0,1,0,2,0,,0,0,0,,,0,0,0,0,0,1
otm_W335364925,W335364925,Imperial Gate,Imperial Gate,"fortifications,defensive_walls,historic,interesting_places",historic,Q6090328,,41.00860977172851,28.98147201538086,Hagia Sophia / Basilica Cistern,148.51558916,2,,,opentripmap,0,2,India Gate,search,0.3333333333333333,1,0.0,0.0,0.0,0,0.0,,1,0,,India Gate,"Imperial Gate Imperial Gate fortifications,defensive_walls,historic,interesting_places historic India Gate","imperial gate imperial gate fortifications,defensive walls,historic,interesting places historic india gate",imperial,0,0,0,0,0,0,0,0,1,0,0,0,0,0,0,1,2,0,,0,0,0,,,0,0,0,1,0,1
otm_Q6088683,Q6088683,Istanbul Zoology Museum,Istanbul Zoology Museum,"museums,cultural,science_museums,interesting_places",museum,Q6088683,,41.01333236694336,28.963611602783203,Suleymaniye,318.78903543,2,,,opentripmap,0,1,Istanbul Zoology Museum,search,1.0,1,0.0,0.0,0.0,0,0.0,,1,0,,Istanbul Zoology Museum,"Istanbul Zoology Museum Istanbul Zoology Museum museums,cultural,science_museums,interesting_places museum Istanbul Zoology Museum","istanbul zoology museum istanbul zoology museum museums,cultural,science museums,interesting places museum istanbul zoology museum",istanbul zoology,0,0,0,0,0,1,0,0,0,0,0,0,0,0,0,0,1,0,,0,0,0,,,0,0,1,0,0,0
otm_Q20471148,Q20471148,Kadıköy Süryani Kilisesi,Kadıköy Süryani Kilisesi,"religion,churches,interesting_places,other_churches",religious,Q20471148,,40.983665466308594,29.02553939819336,Kadikoy Historic Center,806.02126033,2,,,opentripmap,0,1,,,,0,0.0,0.0,0.0,0,0.0,,0,0,,,"Kadıköy Süryani Kilisesi Kadıköy Süryani Kilisesi religion,churches,interesting_places,other_churches religious ","kadikoy suryani kilisesi kadikoy suryani kilisesi religion,churches,interesting places,other churches religious",kadikoy suryani,0,1,0,0,0,0,0,0,0,0,0,0,0,0,0,0,1,0,,0,0,0,,,0,1,0,0,0,0
otm_N5787843345,N5787843345,Kaligaria Gate,Kaligaria Gate,"fortifications,historic,interesting_places,castles",historic,Q6069178,,41.03647232055664,28.93939781188965,Eyup / Pierre Loti,1398.53106247,2,,,opentripmap,0,1,,,,0,0.0,0.0,0.0,0,0.0,,0,0,,,"Kaligaria Gate Kaligaria Gate fortifications,historic,interesting_places,castles historic ","kaligaria gate kaligaria gate fortifications,historic,interesting places,castles historic",kaligaria,0,0,0,0,0,0,0,0,1,0,0,0,0,0,0,1,2,0,,0,0,0,,,0,0,0,1,0,1
otm_Q6024672,Q6024672,Karikatür ve Mizah Müzesi,Karikatür ve Mizah Müzesi,"museums,cultural,interesting_places,other_museums",museum,Q6024672,,41.0330810546875,28.973779678344727,Istiklal / Pera,358.22942489,2,,,opentripmap,0,1,,,,0,0.0,0.0,0.0,0,0.0,,0,0,,,"Karikatür ve Mizah Müzesi Karikatür ve Mizah Müzesi museums,cultural,interesting_places,other_museums museum ","karikatur ve mizah muzesi karikatur ve mizah muzesi museums,cultural,interesting places,other museums museum",karikatur ve mizah,0,0,0,0,0,1,0,0,0,0,0,0,0,0,0,0,1,0,,0,0,0,,,0,0,1,0,0,0
otm_W165484023,W165484023,Kemankeş Karamustafa Paşa Camii,Kemankeş Karamustafa Paşa Camii,"religion,other_temples,interesting_places",religious,Q25472937,,41.02275466918945,28.97670555114746,Galata Tower,380.36292314,2,,,opentripmap,0,1,,,,0,0.0,0.0,0.0,0,0.0,,0,0,,,"Kemankeş Karamustafa Paşa Camii Kemankeş Karamustafa Paşa Camii religion,other_temples,interesting_places religious ","kemankes karamustafa pasa camii kemankes karamustafa pasa camii religion,other temples,interesting places religious",kemankes karamustafa pasa,1,0,0,0,0,0,0,0,0,0,0,0,0,0,0,0,1,0,,0,0,0,,,0,1,0,0,0,0
otm_Q1775931,Q1775931,Kloster Sanctus Angelus in Rufiniano,Kloster Sanctus Angelus in Rufiniano,"religion,monasteries,interesting_places",religious,Q1775931,,40.988887786865234,29.02777862548828,Kadikoy Historic Center,255.62628159,2,,,opentripmap,0,1,,,,0,0.0,0.0,0.0,0,0.0,,0,0,,,"Kloster Sanctus Angelus in Rufiniano Kloster Sanctus Angelus in Rufiniano religion,monasteries,interesting_places religious ","kloster sanctus angelus in rufiniano kloster sanctus angelus in rufiniano religion,monasteries,interesting places religious",kloster sanctus angelus in rufiniano,0,0,0,0,0,0,0,0,0,0,0,0,0,0,0,0,0,0,,0,0,0,,,0,0,0,0,0,0
otm_Q106151902,Q106151902,Ladikli Ahmed Ağa Çeşmesi,Ladikli Ahmed Ağa Çeşmesi,"fountains,historic,cultural,urban_environment,monuments_and_memorials,interesting_places,sculptures,monuments",historic,Q106151902,,40.9958381652832,29.023975372314453,Kadikoy Historic Center,582.30106093,2,,,opentripmap,0,1,,,,0,0.0,0.0,0.0,0,0.0,,0,0,,,"Ladikli Ahmed Ağa Çeşmesi Ladikli Ahmed Ağa Çeşmesi fountains,historic,cultural,urban_environment,monuments_and_memorials,interesting_places,sculptures,monuments historic ","ladikli ahmed aga cesmesi ladikli ahmed aga cesmesi fountains,historic,cultural,urban environment,monuments and memorials,interesting places,sculptures,monuments historic",ladikli ahmed aga,0,0,0,0,0,0,1,0,0,0,0,0,0,0,1,0,2,0,,0,0,0,,,0,0,0,0,0,1
otm_W175517661,W175517661,Mahmut Pasha Hamam,Mahmut Pasha Hamam,"religion,other_temples,interesting_places",religious,Q101049516,,41.01119613647461,28.971376419067383,Eminonu / Spice Bazaar,597.10811889,2,,,opentripmap,0,1,Mahmut Pasha Hamam,search,1.0,1,0.0,0.0,0.0,0,0.0,,1,0,,Mahmut Pasha Hamam,"Mahmut Pasha Hamam Mahmut Pasha Hamam religion,other_temples,interesting_places religious Mahmut Pasha Hamam","mahmut pasha hamam mahmut pasha hamam religion,other temples,interesting places religious mahmut pasha hamam",mahmut pasha,0,0,0,0,0,0,0,0,0,0,1,0,0,0,0,0,1,1,dup_001,1,0,0,,,0,0,0,0,0,1
otm_Q48969579,Q48969579,"Melkite Greek Catholic Cathedral, Istanbul","Melkite Greek Catholic Cathedral, Istanbul","religion,churches,interesting_places,other_churches",religious,Q48969579,,41.034889221191406,28.976119995117188,Istiklal / Pera,185.62903722,2,,,opentripmap,0,1,"Holy Trinity Greek Catholic Cathedral, Istanbul",search,0.5714285714285714,1,0.0,0.0,0.0,0,0.0,,1,0,,"Holy Trinity Greek Catholic Cathedral, Istanbul","Melkite Greek Catholic Cathedral, Istanbul Melkite Greek Catholic Cathedral, Istanbul religion,churches,interesting_places,other_churches religious Holy Trinity Greek Catholic Cathedral, Istanbul","melkite greek catholic cathedral, istanbul melkite greek catholic cathedral, istanbul religion,churches,interesting places,other churches religious holy trinity greek catholic cathedral, istanbul","melkite greek catholic cathedral, istanbul",0,1,0,1,0,0,0,0,0,0,0,0,0,0,0,0,2,0,,0,0,0,,,0,1,0,0,0,0
otm_W309052088,W309052088,Mesih Mehmed Pasha Mosque,Mesih Mehmed Pasha Mosque,"religion,mosques,interesting_places",religious,Q56907,,41.02188873291016,28.943557739257812,Balat / Fener,1009.79174866,2,,,opentripmap,0,1,Mesih Mehmed Pasha Mosque,search,1.0,1,0.0,0.0,0.0,0,0.0,,1,0,,Mesih Mehmed Pasha Mosque,"Mesih Mehmed Pasha Mosque Mesih Mehmed Pasha Mosque religion,mosques,interesting_places religious Mesih Mehmed Pasha Mosque","mesih mehmed pasha mosque mesih mehmed pasha mosque religion,mosques,interesting places religious mesih mehmed pasha mosque",mesih mehmed pasha,1,0,0,0,0,0,0,0,0,0,0,0,0,0,0,0,1,0,,0,0,0,,,0,1,0,0,0,0
otm_W103339340,W103339340,Museum Of Ancient Orient,Museum Of Ancient Orient,"cultural,museums,interesting_places,other_museums",museum,Q99397898,,41.01144790649414,28.9804630279541,Topkapi Palace,238.76065077,2,,,opentripmap,0,1,Ancient Orient Museum,search,1.0,1,0.0,0.0,0.0,0,0.0,,1,0,,Ancient Orient Museum,"Museum Of Ancient Orient Museum Of Ancient Orient cultural,museums,interesting_places,other_museums museum Ancient Orient Museum","museum of ancient orient museum of ancient orient cultural,museums,interesting places,other museums museum ancient orient museum",of ancient orient,0,0,0,0,0,1,0,0,0,0,0,0,0,0,0,0,1,0,,0,0,0,,,0,0,1,0,0,0
otm_Q6056837,Q6056837,Müderris Abdülbaki Efendi Camii,Müderris Abdülbaki Efendi Camii,"religion,mosques,interesting_places",religious,Q6056837,,41.02743911743164,29.020336151123047,Uskudar Waterfront,468.74416103,2,,,opentripmap,0,1,,,,0,0.0,0.0,0.0,0,0.0,,0,0,,,"Müderris Abdülbaki Efendi Camii Müderris Abdülbaki Efendi Camii religion,mosques,interesting_places religious ","muderris abdulbaki efendi camii muderris abdulbaki efendi camii religion,mosques,interesting places religious",muderris abdulbaki efendi,1,0,0,0,0,0,0,0,0,0,0,0,0,0,0,0,1,0,,0,0,0,,,0,1,0,0,0,0
otm_Q20474293,Q20474293,Ortaköy Surp Asdvadzadzin Kilisesi,Ortaköy Surp Asdvadzadzin Kilisesi,"religion,churches,interesting_places,other_churches",religious,Q20474293,,41.04979705810547,29.02303123474121,Ortakoy,373.01882501,2,,,opentripmap,0,1,,,,0,0.0,0.0,0.0,0,0.0,,0,0,,,"Ortaköy Surp Asdvadzadzin Kilisesi Ortaköy Surp Asdvadzadzin Kilisesi religion,churches,interesting_places,other_churches religious ","ortakoy surp asdvadzadzin kilisesi ortakoy surp asdvadzadzin kilisesi religion,churches,interesting places,other churches religious",ortakoy surp asdvadzadzin,0,1,0,0,0,0,0,0,0,0,0,0,0,0,0,0,1,0,,0,0,0,,,0,1,0,0,0,0
otm_Q25474126,Q25474126,Ortaköy Surp Krikor Lusavoriç Kilisesi,Ortaköy Surp Krikor Lusavoriç Kilisesi,"religion,churches,interesting_places,other_churches",religious,Q25474126,,41.0521125793457,29.024194717407227,Ortakoy,555.44034549,2,,,opentripmap,0,1,,,,0,0.0,0.0,0.0,0,0.0,,0,0,,,"Ortaköy Surp Krikor Lusavoriç Kilisesi Ortaköy Surp Krikor Lusavoriç Kilisesi religion,churches,interesting_places,other_churches religious ","ortakoy surp krikor lusavoric kilisesi ortakoy surp krikor lusavoric kilisesi religion,churches,interesting places,other churches religious",ortakoy surp krikor lusavoric,0,1,0,0,0,0,0,0,0,0,0,0,0,0,0,0,1,0,,0,0,0,,,0,1,0,0,0,0
otm_N6432240559,N6432240559,Ortaoyuncular Tiyatrosu,Ortaoyuncular Tiyatrosu,"cultural,theatres_and_entertainments,interesting_places,other_theatres",attraction,Q6028362,,41.034400939941406,28.979145050048828,Istiklal / Pera,118.45041591,2,,,opentripmap,0,1,,,,0,0.0,0.0,0.0,0,0.0,,0,0,,,"Ortaoyuncular Tiyatrosu Ortaoyuncular Tiyatrosu cultural,theatres_and_entertainments,interesting_places,other_theatres attraction ","ortaoyuncular tiyatrosu ortaoyuncular tiyatrosu cultural,theatres and entertainments,interesting places,other theatres attraction",ortaoyuncular tiyatrosu,0,0,0,0,0,0,0,0,0,0,0,0,0,0,0,0,0,0,,0,0,0,,,0,0,0,0,0,0
otm_Q106175113,Q106175113,Osman Ağa Çeşmesi,Osman Ağa Çeşmesi,"fountains,historic,cultural,urban_environment,monuments_and_memorials,interesting_places,sculptures,monuments",historic,Q106175113,,40.99553680419922,29.041166305541992,Kadikoy Historic Center,1352.71703016,2,,,opentripmap,0,1,,,,0,0.0,0.0,0.0,0,0.0,,0,0,,,"Osman Ağa Çeşmesi Osman Ağa Çeşmesi fountains,historic,cultural,urban_environment,monuments_and_memorials,interesting_places,sculptures,monuments historic ","osman aga cesmesi osman aga cesmesi fountains,historic,cultural,urban environment,monuments and memorials,interesting places,sculptures,monuments historic",osman aga,0,0,0,0,0,0,1,0,0,0,0,0,0,0,1,0,2,0,,0,0,0,,,0,0,0,0,0,1
otm_N6525497699,N6525497699,Oyun Atölyesi,Oyun Atölyesi,"cultural,theatres_and_entertainments,interesting_places,other_theatres",attraction,Q6050267,,40.98635482788086,29.0257625579834,Kadikoy Historic Center,506.8820494,2,,,opentripmap,0,1,,,,0,0.0,0.0,0.0,0,0.0,,0,0,,,"Oyun Atölyesi Oyun Atölyesi cultural,theatres_and_entertainments,interesting_places,other_theatres attraction ","oyun atolyesi oyun atolyesi cultural,theatres and entertainments,interesting places,other theatres attraction",oyun atolyesi,0,0,0,0,0,0,0,0,0,0,0,0,0,0,0,0,0,0,,0,0,0,,,0,0,0,0,0,0
otm_Q1997570,Q1997570,Palace of Antiochos,Palace of Antiochos,"palaces,architecture,historic_architecture,interesting_places",historic,Q1997570,,41.00740051269531,28.975099563598633,Sultanahmet Core,264.1695703,2,,,opentripmap,0,1,Palace of Antiochos,search,1.0,1,0.0,0.0,0.0,0,0.0,,1,0,,Palace of Antiochos,"Palace of Antiochos Palace of Antiochos palaces,architecture,historic_architecture,interesting_places historic Palace of Antiochos","palace of antiochos palace of antiochos palaces,architecture,historic architecture,interesting places historic palace of antiochos",of antiochos,0,0,0,0,1,0,0,0,0,0,0,0,0,0,0,0,1,0,,0,0,0,,,0,0,0,0,1,1
otm_Q1152384,Q1152384,Palace of Daphne,Palace of Daphne,"palaces,architecture,historic_architecture,interesting_places",historic,Q1152384,,41.00600051879883,28.97599983215332,Sultanahmet Core,94.70736182,2,,,opentripmap,0,1,Palace of Daphne,search,1.0,1,0.0,0.0,0.0,0,0.0,,1,0,,Palace of Daphne,"Palace of Daphne Palace of Daphne palaces,architecture,historic_architecture,interesting_places historic Palace of Daphne","palace of daphne palace of daphne palaces,architecture,historic architecture,interesting places historic palace of daphne",of daphne,0,0,0,0,1,0,0,0,0,0,0,0,0,0,0,0,1,0,,0,0,0,,,0,0,0,0,1,1
otm_Q1997580,Q1997580,Palace of Lausus,Palace of Lausus,"palaces,architecture,historic_architecture,interesting_places",historic,Q1997580,,41.0078010559082,28.975400924682617,Sultanahmet Core,291.39254378,2,,,opentripmap,0,1,Palace of Lausus,search,1.0,1,0.0,0.0,0.0,0,0.0,,1,0,,Palace of Lausus,"Palace of Lausus Palace of Lausus palaces,architecture,historic_architecture,interesting_places historic Palace of Lausus","palace of lausus palace of lausus palaces,architecture,historic architecture,interesting places historic palace of lausus",of lausus,0,0,0,0,1,0,0,0,0,0,0,0,0,0,0,0,1,0,,0,0,0,,,0,0,0,0,1,1
otm_Q31188713,Q31188713,Panayia Hançeriotissa Kilisesi,Panayia Hançeriotissa Kilisesi,"religion,churches,interesting_places,other_churches",religious,Q31188713,,41.0329704284668,28.940889358520508,Balat / Fener,825.28601373,2,,,opentripmap,0,1,,,,0,0.0,0.0,0.0,0,0.0,,0,0,,,"Panayia Hançeriotissa Kilisesi Panayia Hançeriotissa Kilisesi religion,churches,interesting_places,other_churches religious ","panayia hanceriotissa kilisesi panayia hanceriotissa kilisesi religion,churches,interesting places,other churches religious",panayia hanceriotissa,0,1,0,0,0,0,0,0,0,0,0,0,0,0,0,0,1,0,,0,0,0,,,0,1,0,0,0,0
otm_Q31188024,Q31188024,Panayia İsodion Church,Panayia İsodion Church,"religion,churches,interesting_places,other_churches",religious,Q31188024,,41.03277587890625,28.975833892822266,Istiklal / Pera,213.85909942,2,,,opentripmap,0,1,,,,0,0.0,0.0,0.0,0,0.0,,0,0,,,"Panayia İsodion Church Panayia İsodion Church religion,churches,interesting_places,other_churches religious ","panayia isodion church panayia isodion church religion,churches,interesting places,other churches religious",panayia isodion,0,1,0,0,0,0,0,0,0,0,0,0,0,0,0,0,1,0,,0,0,0,,,0,1,0,0,0,0
otm_W884165212,W884165212,Perili Köşk,Perili Köşk,"other,unclassified_objects,interesting_places,tourist_object",attraction,Q12811372,,41.08917236328125,29.056659698486328,Rumeli Hisari,474.42222702,2,,,opentripmap,0,1,Perili Köşk,search,1.0,1,0.0,0.0,0.0,0,0.0,,1,0,,Perili Köşk,"Perili Köşk Perili Köşk other,unclassified_objects,interesting_places,tourist_object attraction Perili Köşk","perili kosk perili kosk other,unclassified objects,interesting places,tourist object attraction perili kosk",perili kosk,0,0,0,0,0,0,0,0,0,0,0,0,0,0,0,0,0,0,,0,0,0,,,0,0,0,0,0,0
otm_Q30682582,Q30682582,Piyer Loti Museum,Piyer Loti Museum,"museums,cultural,interesting_places,other_museums",museum,Q30682582,,41.054443359375,28.934165954589844,Eyup / Pierre Loti,726.23065996,2,,,opentripmap,0,1,Piyer Loti Museum,search,1.0,1,0.0,0.0,0.0,0,0.0,,1,0,,Piyer Loti Museum,"Piyer Loti Museum Piyer Loti Museum museums,cultural,interesting_places,other_museums museum Piyer Loti Museum","piyer loti museum piyer loti museum museums,cultural,interesting places,other museums museum piyer loti museum",piyer loti,0,0,0,0,0,1,0,0,0,0,0,0,0,0,0,0,1,0,,0,0,0,,,0,0,1,0,0,0
otm_Q65051536,Q65051536,Pyrrhias Cyon,Pyrrhias Cyon,"settlements,historic,archaeology,interesting_places",historic,Q65051536,,41.08811569213867,29.04944610595703,Rumeli Hisari,713.71228073,2,,,opentripmap,0,1,Pyrrhias Cyon,search,1.0,1,0.0,0.0,0.0,0,0.0,,1,0,,Pyrrhias Cyon,"Pyrrhias Cyon Pyrrhias Cyon settlements,historic,archaeology,interesting_places historic Pyrrhias Cyon","pyrrhias cyon pyrrhias cyon settlements,historic,archaeology,interesting places historic pyrrhias cyon",pyrrhias cyon,0,0,0,0,0,0,0,0,0,0,0,0,0,0,0,0,0,0,,0,1,1,ancient_or_non_operational_entity,"Ancient settlement/entity style row, not a practical attraction POI",0,0,0,0,0,1
otm_Q1400402,Q1400402,Reconquest of Constantinople,Reconquest of Constantinople,"battlefields,historic,historical_places,interesting_places",historic,Q1400402,,41.01666641235352,28.97694396972656,Eminonu / Spice Bazaar,567.60433361,2,,,opentripmap,0,1,Reconquest of Constantinople,search,1.0,1,0.0,0.0,0.0,0,0.0,,1,0,,Reconquest of Constantinople,"Reconquest of Constantinople Reconquest of Constantinople battlefields,historic,historical_places,interesting_places historic Reconquest of Constantinople","reconquest of constantinople reconquest of constantinople battlefields,historic,historical places,interesting places historic reconquest of constantinople",reconquest of constantinople,0,0,0,0,0,0,0,0,0,0,0,0,0,0,0,0,0,0,,0,1,1,historical_event,"Historical event, not a visitable attraction POI",0,0,0,0,0,1
otm_N6560073264,N6560073264,Rexx Cinema,Rexx Cinema,"cultural,cinemas,theatres_and_entertainments,interesting_places",attraction,Q36174965,,40.98738098144531,29.026870727539062,Kadikoy Historic Center,393.87776228,2,,,opentripmap,0,1,,,,0,0.0,0.0,0.0,0,0.0,,0,0,,,"Rexx Cinema Rexx Cinema cultural,cinemas,theatres_and_entertainments,interesting_places attraction ","rexx cinema rexx cinema cultural,cinemas,theatres and entertainments,interesting places attraction",rexx cinema,0,0,0,0,0,0,0,0,0,0,0,0,0,0,0,0,0,0,,0,0,0,,,0,0,0,0,0,0
otm_N5081442512,N5081442512,Rezan Has Museum,Rezan Has Museum,"cultural,museums,interesting_places,other_museums",museum,Q7319839,,41.0252799987793,28.958433151245117,Balat / Fener,883.34923769,2,,,opentripmap,0,1,Rezan Has Museum,search,1.0,1,0.0,0.0,0.0,0,0.0,,1,0,,Rezan Has Museum,"Rezan Has Museum Rezan Has Museum cultural,museums,interesting_places,other_museums museum Rezan Has Museum","rezan has museum rezan has museum cultural,museums,interesting places,other museums museum rezan has museum",rezan has,0,0,0,0,0,1,0,0,0,0,0,0,0,0,0,0,1,0,,0,0,0,,,0,0,1,0,0,0
otm_W309036497,W309036497,Rum Ortodoks Aya Konstantin Kilisesi,Rum Ortodoks Aya Konstantin Kilisesi,"religion,churches,interesting_places,other_churches",religious,Q21524121,,41.03805160522461,28.97709274291992,Istiklal / Pera,465.90047775,2,,,opentripmap,0,1,,,,0,0.0,0.0,0.0,0,0.0,,0,0,,,"Rum Ortodoks Aya Konstantin Kilisesi Rum Ortodoks Aya Konstantin Kilisesi religion,churches,interesting_places,other_churches religious ","rum ortodoks aya konstantin kilisesi rum ortodoks aya konstantin kilisesi religion,churches,interesting places,other churches religious",rum ortodoks aya konstantin,0,1,0,0,0,0,0,0,0,0,0,0,0,0,0,0,1,0,,0,0,0,,,0,1,0,0,0,0
otm_Q6035037,Q6035037,Ses Theater,Ses Theater,"theatres_and_entertainments,cultural,interesting_places,other_theatres",attraction,Q6035037,,41.03450775146485,28.97919273376465,Istiklal / Pera,128.03512319,2,,,opentripmap,0,1,Movie theater,search,0.3333333333333333,1,0.0,0.0,0.0,0,0.0,,1,0,,Movie theater,"Ses Theater Ses Theater theatres_and_entertainments,cultural,interesting_places,other_theatres attraction Movie theater","ses theater ses theater theatres and entertainments,cultural,interesting places,other theatres attraction movie theater",ses theater,0,0,0,0,0,0,0,0,0,0,0,0,0,0,0,0,0,0,,0,0,0,,,0,0,0,0,0,0
otm_Q3485862,Q3485862,Siege of Constantinople,Siege of Constantinople,"battlefields,historic,historical_places,interesting_places",historic,Q3485862,,41.01224136352539,28.97601890563965,Topkapi Palace,618.05045638,2,,,opentripmap,0,1,,,0.0,0,0.0,0.0,0.0,0,0.0,drop_wiki,0,0,"historical event / episode, not a practical attraction POI",Siege of Constantinople (860),"Siege of Constantinople Siege of Constantinople battlefields,historic,historical_places,interesting_places historic ","siege of constantinople siege of constantinople battlefields,historic,historical places,interesting places historic",siege of constantinople,0,0,0,0,0,0,0,0,0,0,0,0,0,0,0,0,0,1,dup_002,10,1,1,"Historical event entry, not a concrete attraction POI",exclude_part_b_recommendation,0,0,0,0,0,1
otm_Q3181408,Q3181408,Siege of Constantinople,Siege of Constantinople,"battlefields,historic,historical_places,interesting_places",historic,Q3181408,,41.01224136352539,28.97601890563965,Eminonu / Spice Bazaar,680.67586898,2,,,opentripmap,0,1,,,0.0,0,0.0,0.0,0.0,0,0.0,drop_wiki,0,0,"historical event / episode, not a practical attraction POI",Siege of Constantinople (860),"Siege of Constantinople Siege of Constantinople battlefields,historic,historical_places,interesting_places historic ","siege of constantinople siege of constantinople battlefields,historic,historical places,interesting places historic",siege of constantinople,0,0,0,0,0,0,0,0,0,0,0,0,0,0,0,0,0,1,dup_002,10,1,1,"Historical event entry, not a concrete attraction POI",exclude_part_b_recommendation,0,0,0,0,0,1
otm_Q25474044,Q25474044,Surp Asdvadzadzin Ermeni Katolik Kilisesi,Surp Asdvadzadzin Ermeni Katolik Kilisesi,"religion,churches,interesting_places,other_churches",religious,Q25474044,,41.0352783203125,28.97944450378418,Istiklal / Pera,200.69069386,2,,,opentripmap,0,1,,,,0,0.0,0.0,0.0,0,0.0,,0,0,,,"Surp Asdvadzadzin Ermeni Katolik Kilisesi Surp Asdvadzadzin Ermeni Katolik Kilisesi religion,churches,interesting_places,other_churches religious ","surp asdvadzadzin ermeni katolik kilisesi surp asdvadzadzin ermeni katolik kilisesi religion,churches,interesting places,other churches religious",surp asdvadzadzin ermeni katolik,0,1,0,0,0,0,0,0,0,0,0,0,0,0,0,0,1,0,,0,0,0,,,0,1,0,0,0,0
otm_Q6019728,Q6019728,Surp Hovhan Vosgeperan Kilisesi,Surp Hovhan Vosgeperan Kilisesi,"religion,churches,interesting_places,other_churches",religious,Q6019728,,41.0352783203125,28.97944450378418,Istiklal / Pera,200.69600585,2,,,opentripmap,0,1,,,,0,0.0,0.0,0.0,0,0.0,,0,0,,,"Surp Hovhan Vosgeperan Kilisesi Surp Hovhan Vosgeperan Kilisesi religion,churches,interesting_places,other_churches religious ","surp hovhan vosgeperan kilisesi surp hovhan vosgeperan kilisesi religion,churches,interesting places,other churches religious",surp hovhan vosgeperan,0,1,0,0,0,0,0,0,0,0,0,0,0,0,0,0,1,0,,0,0,0,,,0,1,0,0,0,0
otm_Q20471350,Q20471350,Surp Yerrortutyun Armenian Church,Surp Yerrortutyun Armenian Church,"religion,churches,interesting_places,other_churches",religious,Q20471350,,41.03424453735352,28.97757911682129,Istiklal / Pera,46.81948827,2,,,opentripmap,0,1,Surp Yerrortutyun Armenian Church,search,1.0,1,0.0,0.0,0.0,0,0.0,,1,0,,Surp Yerrortutyun Armenian Church,"Surp Yerrortutyun Armenian Church Surp Yerrortutyun Armenian Church religion,churches,interesting_places,other_churches religious Surp Yerrortutyun Armenian Church","surp yerrortutyun armenian church surp yerrortutyun armenian church religion,churches,interesting places,other churches religious surp yerrortutyun armenian church",surp yerrortutyun armenian,0,1,0,0,0,0,0,0,0,0,0,0,0,0,0,0,1,0,,0,0,0,,,0,1,0,0,0,0
otm_Q20471356,Q20471356,Surp Yeyğa Kilisesi,Surp Yeyğa Kilisesi,"religion,churches,interesting_places,other_churches",religious,Q20471356,,41.04298782348633,28.93124008178711,Eyup / Pierre Loti,569.87327725,2,,,opentripmap,0,1,,,,0,0.0,0.0,0.0,0,0.0,,0,0,,,"Surp Yeyğa Kilisesi Surp Yeyğa Kilisesi religion,churches,interesting_places,other_churches religious ","surp yeyga kilisesi surp yeyga kilisesi religion,churches,interesting places,other churches religious",surp yeyga,0,1,0,0,0,0,0,0,0,0,0,0,0,0,0,0,1,0,,0,0,0,,,0,1,0,0,0,0
otm_W237058776,W237058776,Söğütlüçeşme Mosque,Söğütlüçeşme Mosque,"religion,other_temples,interesting_places,baths_and_saunas,saunas,amusements",religious,Q105671926,,40.9922981262207,29.03331756591797,Kadikoy Historic Center,610.64639885,2,,,opentripmap,0,1,,,,0,0.0,0.0,0.0,0,0.0,,0,0,,,"Söğütlüçeşme Mosque Söğütlüçeşme Mosque religion,other_temples,interesting_places,baths_and_saunas,saunas,amusements religious ","sogutlucesme mosque sogutlucesme mosque religion,other temples,interesting places,baths and saunas,saunas,amusements religious",sogutlucesme,1,0,0,0,0,0,0,0,0,0,1,0,0,0,0,0,2,0,,0,0,0,,,0,1,0,0,0,1
otm_Q56221678,Q56221678,T3 (İstanbul Tram),T3 (İstanbul Tram),"museums,cultural,interesting_places,heritage_railways,museums_of_science_and_technology,railway_museums,open_air_museums",museum,Q56221678,,40.98991012573242,29.022003173828125,Kadikoy Historic Center,377.95573714,2,,,opentripmap,0,1,Tram,search,0.5,1,0.0,0.0,0.0,0,0.0,,1,0,,Tram,"T3 (İstanbul Tram) T3 (İstanbul Tram) museums,cultural,interesting_places,heritage_railways,museums_of_science_and_technology,railway_museums,open_air_museums museum Tram","t3 istanbul tram t3 istanbul tram museums,cultural,interesting places,heritage railways,museums of science and technology,railway museums,open air museums museum tram",t3 istanbul tram,0,0,0,0,0,1,0,0,0,0,0,0,0,0,0,0,1,0,,0,0,0,,,0,0,1,0,0,0
otm_N4520210689,N4520210689,Tabaklar Camii,Tabaklar Camii,"religion,mosques,interesting_places",religious,Q6055439,,41.01759719848633,29.02060890197754,Uskudar Waterfront,1018.2031012,2,,,opentripmap,0,1,,,,0,0.0,0.0,0.0,0,0.0,,0,0,,,"Tabaklar Camii Tabaklar Camii religion,mosques,interesting_places religious ","tabaklar camii tabaklar camii religion,mosques,interesting places religious",tabaklar,1,0,0,0,0,0,0,0,0,0,0,0,0,0,0,0,1,0,,0,0,0,,,0,1,0,0,0,0
otm_W112659195,W112659195,Tahtakale Hamam,Tahtakale Hamam,"architecture,historic_architecture,interesting_places,other_buildings_and_structures",historic,Q100320010,,41.01775360107422,28.96790885925293,Eminonu / Spice Bazaar,237.72782077,2,,,opentripmap,0,1,Tahtakale Hamam,search,1.0,1,0.0,0.0,0.0,0,0.0,,1,0,,Tahtakale Hamam,"Tahtakale Hamam Tahtakale Hamam architecture,historic_architecture,interesting_places,other_buildings_and_structures historic Tahtakale Hamam","tahtakale hamam tahtakale hamam architecture,historic architecture,interesting places,other buildings and structures historic tahtakale hamam",tahtakale,0,0,0,0,0,0,0,0,0,0,1,0,0,0,0,0,1,0,,0,0,0,,,0,0,0,0,0,1
otm_N7112399780,N7112399780,Tarlabasi,Tarlabasi,"religion,churches,interesting_places,other_churches",religious,Q20471688,,41.03667449951172,28.98073959350586,Istiklal / Pera,389.68987829,2,,,opentripmap,0,1,,,,0,0.0,0.0,0.0,0,0.0,,0,0,,,"Tarlabasi Tarlabasi religion,churches,interesting_places,other_churches religious ","tarlabasi tarlabasi religion,churches,interesting places,other churches religious",tarlabasi,0,1,0,0,0,0,0,0,0,0,0,0,0,0,0,0,1,0,,0,0,0,,,0,1,0,0,0,0
otm_Q20470923,Q20470923,Tatavla Aya Dimitri Church,Tatavla Aya Dimitri Church,"religion,churches,interesting_places,other_churches",religious,Q20470923,,41.00972366333008,28.981111526489254,Hagia Sophia / Basilica Cistern,216.70381027,2,,,opentripmap,0,1,,,,0,0.0,0.0,0.0,0,0.0,,0,0,,,"Tatavla Aya Dimitri Church Tatavla Aya Dimitri Church religion,churches,interesting_places,other_churches religious ","tatavla aya dimitri church tatavla aya dimitri church religion,churches,interesting places,other churches religious",tatavla aya dimitri,0,1,0,0,0,0,0,0,0,0,0,0,0,0,0,0,1,0,,0,0,0,,,0,1,0,0,0,0
otm_N1620494633,N1620494633,Tomb of Hatice Turhan Sultan,Tomb of Hatice Turhan Sultan,"historic,monuments_and_memorials,burial_places,interesting_places,other_burial_places,monuments",historic,Q66537010,,41.01620101928711,28.971904754638672,Eminonu / Spice Bazaar,147.14833408,2,,,opentripmap,0,1,Tomb of Turhan Sultan,search,0.75,1,0.0,0.0,0.0,0,0.0,,1,0,,Tomb of Turhan Sultan,"Tomb of Hatice Turhan Sultan Tomb of Hatice Turhan Sultan historic,monuments_and_memorials,burial_places,interesting_places,other_burial_places,monuments historic Tomb of Turhan Sultan","tomb of hatice turhan sultan tomb of hatice turhan sultan historic,monuments and memorials,burial places,interesting places,other burial places,monuments historic tomb of turhan sultan",of hatice turhan sultan,0,0,0,0,0,0,1,1,0,0,0,0,0,1,0,0,3,0,,0,0,0,,,0,0,0,0,0,1
otm_W111002511,W111002511,Tomb of Hürrem Sultan,Tomb of Hürrem Sultan,"cemeteries,historic,monuments_and_memorials,burial_places,interesting_places,monuments",historic,Q85817411,,41.0156364440918,28.96457862854004,Suleymaniye,90.53367792,2,,,opentripmap,0,1,Hürrem Sultan,search,0.6666666666666666,1,0.0,0.0,0.0,0,0.0,,1,0,,Hürrem Sultan,"Tomb of Hürrem Sultan Tomb of Hürrem Sultan cemeteries,historic,monuments_and_memorials,burial_places,interesting_places,monuments historic Hürrem Sultan","tomb of hurrem sultan tomb of hurrem sultan cemeteries,historic,monuments and memorials,burial places,interesting places,monuments historic hurrem sultan",of hurrem sultan,0,0,0,0,0,0,1,1,0,0,0,0,0,1,0,0,3,0,,0,0,0,,,0,0,0,0,0,1
otm_Q85817590,Q85817590,Tomb of Mehmed the Conqueror,Tomb of Mehmed the Conqueror,"historic,monuments_and_memorials,burial_places,interesting_places,other_burial_places,monuments",historic,Q85817590,,41.01926040649414,28.950305938720703,Fatih / Valens Aqueduct,578.46570607,2,,,opentripmap,0,1,,,0.0,0,0.0,0.0,0.0,0,0.0,drop_wiki,0,0,"keep POI, but remove person-page linkage; related mosque already represented separately",Mehmed II,"Tomb of Mehmed the Conqueror Tomb of Mehmed the Conqueror historic,monuments_and_memorials,burial_places,interesting_places,other_burial_places,monuments historic ","tomb of mehmed the conqueror tomb of mehmed the conqueror historic,monuments and memorials,burial places,interesting places,other burial places,monuments historic",of mehmed the conqueror,0,0,0,0,0,0,1,1,0,0,0,0,0,1,0,0,3,0,,0,0,0,,,0,0,0,0,0,1
otm_Q85813863,Q85813863,Tomb of Suleiman the Magnificent,Tomb of Suleiman the Magnificent,"historic,monuments_and_memorials,burial_places,interesting_places,other_burial_places,monuments",historic,Q85813863,,41.01568984985352,28.96446990966797,Suleymaniye,79.84021266,2,,,opentripmap,0,1,Suleiman the Magnificent,search,0.75,1,0.0,0.0,0.0,0,0.0,,1,0,,Suleiman the Magnificent,"Tomb of Suleiman the Magnificent Tomb of Suleiman the Magnificent historic,monuments_and_memorials,burial_places,interesting_places,other_burial_places,monuments historic Suleiman the Magnificent","tomb of suleiman the magnificent tomb of suleiman the magnificent historic,monuments and memorials,burial places,interesting places,other burial places,monuments historic suleiman the magnificent",of suleiman the magnificent,0,0,0,0,0,0,1,1,0,0,0,0,0,1,0,0,3,0,,0,0,0,,,0,0,0,0,0,1
otm_Q2811614,Q2811614,Turkcell Kuruçeşme Arena,Turkcell Kuruçeşme Arena,"concert_halls,cultural,theatres_and_entertainments,interesting_places",attraction,Q2811614,,41.05634689331055,29.034767150878903,Ortakoy,1246.16149614,2,,,opentripmap,0,1,Kuruçeşme Arena,search,0.6666666666666666,1,0.0,0.0,0.0,0,0.0,,1,0,,Kuruçeşme Arena,"Turkcell Kuruçeşme Arena Turkcell Kuruçeşme Arena concert_halls,cultural,theatres_and_entertainments,interesting_places attraction Kuruçeşme Arena","turkcell kurucesme arena turkcell kurucesme arena concert halls,cultural,theatres and entertainments,interesting places attraction kurucesme arena",turkcell kurucesme arena,0,0,0,0,0,0,0,0,0,0,0,0,0,0,0,0,0,0,,0,0,0,,,0,0,0,0,0,0
otm_W260976707,W260976707,Türkiye İş Bankası Museum,Türkiye İş Bankası Museum,"cultural,museums,interesting_places,other_museums",museum,Q6053818,,41.01609420776367,28.97260093688965,Eminonu / Spice Bazaar,206.91890418,2,,,opentripmap,0,4,İşbank Museum,search,0.25,1,1000.0,2.7472527472527473,14.0,364,0.0006183301499636,keep,1,1,correct wiki identity; likely duplicate/alternate naming of existing İşbank Museum row,İşbank Museum,"Türkiye İş Bankası Museum Türkiye İş Bankası Museum cultural,museums,interesting_places,other_museums museum İşbank Museum","turkiye is bankasi museum turkiye is bankasi museum cultural,museums,interesting places,other museums museum isbank museum",turkiye is bankasi,0,0,0,0,0,1,0,0,0,0,0,0,0,0,0,0,1,0,,0,0,0,,,0,0,1,0,0,0
otm_N4945509321,N4945509321,Vefa,Vefa,"fortifications,historic,interesting_places,castles",historic,Q331206,,41.01688766479492,28.959970474243164,Fatih / Valens Aqueduct,292.22910996,2,,,opentripmap,0,1,Vefa,search,1.0,1,0.0,0.0,0.0,0,0.0,,1,0,,Vefa,"Vefa Vefa fortifications,historic,interesting_places,castles historic Vefa","vefa vefa fortifications,historic,interesting places,castles historic vefa",vefa,0,0,0,0,0,0,0,0,1,0,0,0,0,0,0,0,1,1,dup_003,1,0,0,,,0,0,0,1,0,1
otm_Q20855697,Q20855697,Women's Museum Istanbul,Women's Museum Istanbul,"museums,cultural,interesting_places,other_museums",museum,Q20855697,,41.01163864135742,28.981369018554688,Topkapi Palace,163.13007034,2,,,opentripmap,0,1,Women's Museum Istanbul,search,1.0,1,0.0,0.0,0.0,0,0.0,,1,0,,Women's Museum Istanbul,"Women's Museum Istanbul Women's Museum Istanbul museums,cultural,interesting_places,other_museums museum Women's Museum Istanbul","women s museum istanbul women s museum istanbul museums,cultural,interesting places,other museums museum women s museum istanbul",women istanbul,0,0,0,0,0,1,0,0,0,0,0,0,0,0,0,0,1,0,,0,0,0,,,0,0,1,0,0,0
otm_Q105982169,Q105982169,Yoğurtçu Çeşmesi,Yoğurtçu Çeşmesi,"fountains,historic,cultural,urban_environment,monuments_and_memorials,interesting_places,sculptures,monuments",historic,Q105982169,,40.983612060546875,29.03324508666992,Kadikoy Historic Center,998.21962651,2,,,opentripmap,0,1,Yoğurtçu Fountain,search,0.3333333333333333,1,0.0,0.0,0.0,0,0.0,,1,0,,Yoğurtçu Fountain,"Yoğurtçu Çeşmesi Yoğurtçu Çeşmesi fountains,historic,cultural,urban_environment,monuments_and_memorials,interesting_places,sculptures,monuments historic Yoğurtçu Fountain","yogurtcu cesmesi yogurtcu cesmesi fountains,historic,cultural,urban environment,monuments and memorials,interesting places,sculptures,monuments historic yogurtcu fountain",yogurtcu,0,0,0,0,0,0,1,0,0,0,0,0,0,0,1,0,2,0,,0,0,0,,,0,0,0,0,0,1
otm_N3254396169,N3254396169,Yıldız Porcelain Factory,Yıldız Porcelain Factory,"cultural,museums,interesting_places,other_museums",museum,Q6082521,,41.04828643798828,29.01881980895996,Ortakoy,613.53309814,2,,,opentripmap,0,1,Imperial Porcelain Factory,search,0.6666666666666666,1,317.0,0.97239263803681,16.0,326,0.0001960106575384,,1,1,,Imperial Porcelain Factory,"Yıldız Porcelain Factory Yıldız Porcelain Factory cultural,museums,interesting_places,other_museums museum Imperial Porcelain Factory","yildiz porcelain factory yildiz porcelain factory cultural,museums,interesting places,other museums museum imperial porcelain factory",yildiz porcelain factory,0,0,0,0,0,1,0,0,0,0,0,0,0,0,0,0,1,0,,0,0,0,,,0,0,1,0,0,0
otm_Q11908797,Q11908797,batalla del Bòsfor,batalla del Bòsfor,"battlefields,historic,historical_places,interesting_places",historic,Q11908797,,41.01666641235352,28.97694396972656,Eminonu / Spice Bazaar,567.60433361,2,,,opentripmap,0,1,,,,0,0.0,0.0,0.0,0,0.0,,0,0,,,"batalla del Bòsfor batalla del Bòsfor battlefields,historic,historical_places,interesting_places historic ","batalla del bosfor batalla del bosfor battlefields,historic,historical places,interesting places historic",batalla del bosfor,0,0,0,0,0,0,0,0,0,0,0,0,0,0,0,0,0,0,,0,1,1,historical_event,"Historical event, not a visitable attraction POI",0,0,0,0,0,1
otm_Q3360967,Q3360967,palais de France,palais de France,"palaces,architecture,historic_architecture,interesting_places",historic,Q3360967,,41.03083419799805,28.977222442626953,Istiklal / Pera,345.30378881,2,,,opentripmap,0,1,"Palais de France, Istanbul",search,0.6666666666666666,1,0.0,0.0,0.0,0,0.0,,1,0,,"Palais de France, Istanbul","palais de France palais de France palaces,architecture,historic_architecture,interesting_places historic Palais de France, Istanbul","palais de france palais de france palaces,architecture,historic architecture,interesting places historic palais de france, istanbul",palais de france,0,0,0,0,1,0,0,0,0,0,0,0,0,0,0,0,1,0,,0,0,0,,,0,0,0,0,1,1
otm_Q3582353,Q3582353,église Saint-Louis-des-Français d'Istanbul,église Saint-Louis-des-Français d'Istanbul,"religion,churches,interesting_places,other_churches",religious,Q3582353,,41.030799865722656,28.976900100708008,Istiklal / Pera,354.39100947,2,,,opentripmap,0,1,,,,0,0.0,0.0,0.0,0,0.0,,0,0,,,"église Saint-Louis-des-Français d'Istanbul église Saint-Louis-des-Français d'Istanbul religion,churches,interesting_places,other_churches religious ","eglise saint louis des francais d istanbul eglise saint louis des francais d istanbul religion,churches,interesting places,other churches religious",eglise saint louis des francais istanbul,0,1,0,0,0,0,0,0,0,0,0,0,0,0,0,0,1,0,,0,0,0,,,0,1,0,0,0,0
otm_Q106090932,Q106090932,İbrahim Ağa Çeşmesi,İbrahim Ağa Çeşmesi,"fountains,historic,cultural,urban_environment,monuments_and_memorials,interesting_places,sculptures,monuments",historic,Q106090932,,41.00149917602539,29.031665802001953,Kadikoy Historic Center,1260.69790668,2,,,opentripmap,0,1,,,,0,0.0,0.0,0.0,0,0.0,,0,0,,,"İbrahim Ağa Çeşmesi İbrahim Ağa Çeşmesi fountains,historic,cultural,urban_environment,monuments_and_memorials,interesting_places,sculptures,monuments historic ","ibrahim aga cesmesi ibrahim aga cesmesi fountains,historic,cultural,urban environment,monuments and memorials,interesting places,sculptures,monuments historic",ibrahim aga,0,0,0,0,0,0,1,0,0,0,0,0,0,0,1,0,2,0,,0,0,0,,,0,0,0,0,0,1
otm_Q6045782,Q6045782,"İskender Pasha Mosque, Fatih","İskender Pasha Mosque, Fatih","religion,mosques,interesting_places",religious,Q6045782,,41.01667022705078,28.94787979125977,Fatih / Valens Aqueduct,725.9863164,2,,,opentripmap,0,1,"İskender Pasha Mosque, Fatih",search,1.0,1,1243.0,3.405479452054794,26.0,365,0.0007685843764047,,1,1,,"İskender Pasha Mosque, Fatih","İskender Pasha Mosque, Fatih İskender Pasha Mosque, Fatih religion,mosques,interesting_places religious İskender Pasha Mosque, Fatih","iskender pasha mosque, fatih iskender pasha mosque, fatih religion,mosques,interesting places religious iskender pasha mosque, fatih","iskender pasha mosque, fatih",1,0,0,0,0,0,0,0,0,0,0,0,0,0,0,0,1,0,,0,0,0,,,0,1,0,0,0,0
