poi_id,name,name_en,category,category_clean,lat,lon,distance_to_center_km,nearby_count_500m,cluster_id,category_score,landmark_name_score,centrality_score,density_score,importance_score,is_park,is_historic,is_museum,is_attraction,is_religious
13615790287,Lausos Sarayı'nın Kalıntıları,,historic:archaeological_site,historic,41.007586,28.9755539,0.24838363825961496,64,12,0.82,0.55,0.9973667298974932,0.9411764705882353,0.8630041366163068,0,1,0,0,0
1075801479,Antiochos Sarayı'nın Kalıntıları,,historic:archaeological_site,historic,41.0072892,28.9753286,0.2769067279826808,63,12,0.82,0.55,0.9970210361405072,0.9264705882352942,0.8592239579009757,0,1,0,0,0
8120955,İbrahim Paşa Sarayı,Ibrahim Pasha Palace,historic:castle,historic,41.0063974,28.9748082,0.3619564841626458,63,12,0.82,0.55,0.9959902512560485,0.9264705882352942,0.8589147224356382,0,1,0,0,0
311681431,Sağlık Müzesi,,tourism:museum,museum,41.0083138,28.9752897,0.2612902406615519,66,12,0.85,0.35,0.9972103046322933,0.9705882352941176,0.8493101502132174,0,0,1,0,0
1153966162,Büyük Saray Mozaikleri Müzesi,Great Palace Mosaic Museum,tourism:museum,museum,41.0042947,28.977433,0.4417661901704877,55,12,0.85,0.5900000000000001,0.9950229746607822,0.8088235294117647,0.8442127747511758,0,0,1,0,0
103953125,Sultan Ahmet Türbesi,Tomb of Sultan Ahmed I,tourism:attraction,attraction,41.0067894,28.9769854,0.19670308791643645,68,12,0.78,0.35,0.9979930871324456,1.0,0.8358979261397337,0,0,0,1,1
11867279469,Ayasofya Tarih ve Deneyim Müzesi,Hagia Sophia History and Experience Museum,tourism:museum,museum,41.0064549,28.9753667,0.3200588224798351,62,12,0.85,0.35,0.9964980419693507,0.9117647058823529,0.8343905890613934,0,0,1,0,0
5113500256,Türk ve İslam Eserleri Müzesi,Turkish and Islamic Arts Museum,tourism:museum,museum,41.0062801,28.974915,0.36206342452441015,62,12,0.85,0.35,0.9959889551616985,0.9117647058823529,0.8342378630190977,0,0,1,0,0
3373094254,Halı Müzesi,Carpet Museum,tourism:museum,museum,41.0056817,28.9786693,0.28093286885944846,60,12,0.85,0.35,0.9969722401727716,0.8823529411764706,0.827179907345949,0,0,1,0,0
527580309,Keçecizâde Fuad Paşa Türbesi,Turbe of Keçecizâde Fuad Pasha,historic:tomb,historic,41.0065607,28.9728429,0.5006616097447163,61,12,0.82,0.35,0.9943091747513209,0.8970588235294118,0.8210574583077491,0,1,0,0,1
1652694014,Magnaura Sarayı,,historic:ruins,historic,41.0054477,28.9796589,0.3237603925697854,52,12,0.82,0.55,0.9964531797302466,0.7647058823529411,0.8186124245073092,0,1,0,0,0
10284696709,Topkapi Sarayı,Topkapi Palace,tourism:museum,museum,41.011344,28.9832034,0.5335360930561551,48,12,0.85,0.55,0.9939107430331849,0.7058823529411765,0.8121438111452497,0,0,1,0,0
149049165,Piskoposluk Sarayı,Archeological Park,historic:archaeological_site,historic,41.0073268,28.9803843,0.19274526064945852,50,12,0.82,0.55,0.9980410551538174,0.7352941176470589,0.8117358459579099,0,1,0,0,0
18055570,Sultanahmet Camii,Blue Mosque,tourism:attraction,attraction,41.0054066,28.9766495,0.34359241961388415,63,12,0.78,0.29,0.9962128197971508,0.9264705882352942,0.8079814929979688,0,0,0,1,1
132277807,Şehzadeler Türbesi,Mausoleum of Princes,historic:tomb,historic,41.0080155,28.9793917,0.08570487216380214,57,12,0.82,0.35,0.9993383618062213,0.8382352941176471,0.8078603320712782,0,1,0,0,1
5244801843,Marmara Üniversitesi Cumhuriyet Müzesi ve Sanat Galerisi,,tourism:museum,museum,41.0051858,28.9743891,0.47498213530549166,54,12,0.85,0.35,0.9946204044982561,0.7941176470588235,0.8044155331141827,0,0,1,0,0
2472730735,Binbirdirek Sarnıcı,Cistern of Philoxenos,tourism:museum,museum,41.007606,28.9744173,0.3406526909370128,64,12,0.85,0.1,0.9962484486810023,0.9411764705882353,0.8041686522513595,0,0,1,0,0
109836395,Sultan III. Murad Türbesi,Mausoleum of Sultan Murad III,historic:tomb,historic,41.0079049,28.9794475,0.09382082505006607,56,12,0.82,0.35,0.999239998190217,0.8235294117647058,0.8041543523982415,0,1,0,0,1
5113620677,Sahabe-i Kiramdan Abdurrahman Şami Türbesi,,historic:tomb,historic,41.0066904,28.9791454,0.1791343770306378,56,12,0.82,0.35,0.9982060161569826,0.8235294117647058,0.8038441577882711,0,1,0,0,1
4990028128,Halı Müzesi,Carpet Museum,tourism:museum,museum,41.0087318,28.9809561,0.22248278874711774,53,12,0.85,0.35,0.9976806426630469,0.7794117647058824,0.8016571339753846,0,0,1,0,0
709381141,Sultan II. Selim Türbesi,Mausoleum of Sultan Selim II,historic:tomb,historic,41.0079253,28.979715,0.114491112477229,55,12,0.82,0.35,0.9989894787202699,0.8088235294117647,0.8004027259690221,0,1,0,0,1
109836394,Sultan III. Mehmet Türbesi,Mausoleum of Sultan Mehmed III,historic:tomb,historic,41.0077754,28.9799026,0.13463285309134446,55,12,0.82,0.35,0.9987453651248378,0.8088235294117647,0.8003294918903925,0,1,0,0,1
329062194,Sultan 2. Mahmut Türbesi,Mausoleum of Sultan Mahmud II,historic:tomb,historic,41.0084813,28.9725914,0.4883986340478596,55,12,0.82,0.35,0.9944577993982869,0.8088235294117647,0.7990432221724273,0,1,0,0,1
4742554,Aya İrini Kilisesi,Hagia Irene,tourism:museum,museum,41.0098292,28.9809477,0.2802102704885338,54,12,0.85,0.3,0.9969809979107327,0.7941176470588235,0.7976237111379257,0,0,1,0,1
1908677124,Milyon Taşı,Milion,historic:monument,historic,41.0080674,28.9780181,0.035274453992151955,64,12,0.82,0.1,0.999949567706192,0.9411764705882353,0.7962789879589164,0,1,0,0,0
103953128,Sultan Ahmet Medresesi,Sultan Ahmed Madrasah,historic:building,historic,41.0065583,28.9772241,0.20750900138703773,64,12,0.82,0.1,0.9978621217685392,0.9411764705882353,0.7956527541776205,0,1,0,0,0
13385771384,II. Abdülhamid Türbesi,,historic:tomb,historic,41.0086349,28.972596,0.4894044845737539,54,12,0.82,0.35,0.9944456087046897,0.7941176470588235,0.7953630943761127,0,1,0,0,1
335374188,İstanbul Arkeoloji Müzeleri,,tourism:museum,museum,41.0116941,28.9812131,0.45460725842633437,51,12,0.85,0.35,0.9948673436554396,0.75,0.7934602030966318,0,0,1,0,0
319020883,İstanbul Arkeoloji Müzesi,Istanbul Archaeological Museum,tourism:museum,museum,41.0116433,28.9813725,0.4569499231556182,51,12,0.85,0.35,0.9948389510591436,0.75,0.7934516853177431,0,0,1,0,0
5244801844,İstanbul Cumhuriyet Eğitim Müzesi,,tourism:museum,museum,41.0049596,28.9739331,0.5199246389371006,51,12,0.85,0.35,0.9940757109506912,0.75,0.7932227132852074,0,0,1,0,0
5244807623,Türkiye Gazeteciler Cemiyeti Basın Müzesi,TGC Press Media Museum,tourism:museum,museum,41.0085619,28.9722162,0.5204365771827077,51,12,0.85,0.35,0.9940695063684672,0.75,0.7932208519105401,0,0,1,0,0
109874498,Alman Çeşmesi,German Fountain,tourism:attraction,attraction,41.0071134,28.9766752,0.18853350814454253,66,12,0.78,0.1,0.9980921006948529,0.9705882352941176,0.7910746890319853,0,0,0,1,0
103339340,Eski Şark Eserleri Müzesi,Museum Of Ancient Orient,tourism:museum,museum,41.011393,28.9804023,0.3927903775121708,50,12,0.85,0.35,0.9956165510525293,0.7352941176470589,0.7900084947275234,0,0,1,0,0
4742207,Marmara Üniversitesi Cumhuriyet Müzesi,Marmara University Republic Museum,tourism:museum,museum,41.0048417,28.97413,0.5175212864968767,50,12,0.85,0.35,0.9941048390690854,0.7352941176470589,0.7895549811324903,0,0,1,0,0
13702456359,Fulham Park Cistern,,tourism:attraction,attraction,41.0137644,28.9817985,0.6812817126277358,46,12,0.78,0.5900000000000001,0.9921200976716965,0.6764705882352942,0.7892536763603326,0,0,0,1,0
1120852417,Theodosius Dikilitaşı,Obelisk of Theodosius,historic:monument,historic,41.0059276,28.9754001,0.3566683423378241,62,12,0.82,0.1,0.9960543424058028,0.9117647058823529,0.787757479192329,0,1,0,0,0
1184924695,Yerebatan Sarnıcı,,historic:cistern,historic,41.0088628,28.9776419,0.09735568247632742,61,12,0.82,0.1,0.9991971564729992,0.8970588235294118,0.7850238528242527,0,1,0,0,0
5108843098,Cevri Kalfa Çeşmesi,,tourism:attraction,attraction,41.0080019,28.9767691,0.13860980020088026,64,12,0.78,0.1,0.9986971653750569,0.9411764705882353,0.7839032672595759,0,0,0,1,0
1154702450,Şerefiye Sarnıcı,Theodosia Cistern,tourism:museum,museum,41.0074148,28.9723954,0.511355246124009,58,12,0.85,0.1,0.9941795701617868,0.8529411764705882,0.781489165166183,0,0,1,0,0
1379168992,Katip Sinan Camii,,historic:ruins,historic,41.0059631,28.9707766,0.686343289539622,52,12,0.82,0.29,0.9920587524403092,0.7647058823529411,0.778294096320328,0,1,0,0,1
5108843109,Hacı Beşir Ağa Çeşmesi,,tourism:attraction,attraction,41.0082703,28.977987,0.03552532644035192,62,12,0.78,0.1,0.999946527185688,0.9117647058823529,0.7769251346262946,0,0,0,1,0
25512790,Sultanahmet Meydanı,Sultan Ahmed Square,tourism:attraction,attraction,41.0065205,28.9760528,0.27141782546450066,62,12,0.78,0.1,0.9970875604669971,0.9117647058823529,0.7760674446106873,0,0,0,1,0
1272157516,SARNIÇ CISTERN,,historic:ruins,historic,41.0120848,28.9838441,0.6286998713560744,40,12,0.82,0.55,0.9927573783602519,0.5882352941176471,0.7733860370374873,0,1,0,0,0
1120852418,Örme Dikilitaş,The Walled Obelisk,historic:monument,historic,41.0054052,28.9748422,0.430932393130965,58,12,0.82,0.1,0.99515427796759,0.8529411764705882,0.7727815775079241,0,1,0,0,0
1377906859,Üçler Mescidi,,historic:ruins,historic,41.0055263,28.9743308,0.4527448438750298,58,12,0.82,0.1,0.9948899157221252,0.8529411764705882,0.7727022688342846,0,1,0,0,0
11006008339,Yerebatan Sarnıcı,Basilica Cistern (Exit),tourism:attraction,attraction,41.0084795,28.9783826,0.03111330033475052,60,12,0.78,0.1,1.0,0.8823529411764706,0.7695882352941177,0,0,0,1,0
415157636,Yılanlı Sütun,Serpent Column,tourism:attraction,attraction,41.0056649,28.9751101,0.3945517681069771,60,12,0.78,0.1,0.9955952033746251,0.8823529411764706,0.7682667963065052,0,0,0,1,0
1555271,Ayasofya-i Kebir Câmi-i Şerifi,,tourism:museum,museum,41.0084634,28.9798633,0.12622951720305753,54,12,0.85,0.1,0.9988472117614624,0.7941176470588235,0.7681835752931446,0,0,1,0,0
32396096,Saray Mutfakları,Palace Kitchens,historic:building,historic,41.0116668,28.984489,0.6400267758861231,38,12,0.82,0.55,0.9926200986959507,0.5588235294117647,0.7659919119617264,0,1,0,0,0
303491953,Alay Köşkü,,tourism:museum,museum,41.0110425,28.978391,0.3160729177005624,53,12,0.85,0.1,0.9965463502841762,0.7794117647058824,0.7638168462617234,0,0,1,0,0
109738926,Sıbyan Mektebi,,historic:yes,historic,41.0080258,28.9790857,0.06070991428432623,55,12,0.82,0.1,0.9996412953586153,0.8088235294117647,0.7630982709605257,0,1,0,0,0
335415778,Topkapı Sarayı,Topkapı Palace,tourism:attraction,attraction,41.01281,28.9840154,0.6962533579366789,40,12,0.78,0.55,0.9919386445274067,0.5882352941176471,0.7611404168876338,0,0,0,1,0
151790453,Haseki Hürrem Hamamı,Haseki Hürrem Hammam,tourism:attraction,attraction,41.0069452,28.9788591,0.14474801412163954,57,12,0.78,0.1,0.9986227715330134,0.8382352941176471,0.7581456549893157,0,0,0,1,0
13385771382,Sultan Abdulaziz Han kabri,,historic:tomb,historic,41.008552,28.9725794,0.4899684876502703,54,12,0.82,0.1,0.9944387731078324,0.7941176470588235,0.7578610436970555,0,1,0,0,0
5113620695,İslam bilim ve teknoloji tarihi müzesi,Museum of The History of Science and Technology in Islam,tourism:museum,museum,41.0132188,28.9789678,0.5600957745445511,41,12,0.85,0.35,0.9935888453647619,0.6029411764705882,0.7563119477270756,0,0,1,0,0
103339339,Çinili Köşk,Tiled Kiosk,tourism:museum,museum,41.0120223,28.9812383,0.4871959929695964,50,12,0.85,0.1,0.9944723751513589,0.7352941176470589,0.7521652419571724,0,0,1,0,0
109862851,Ayasofya-i Kebir Câmi-i Şerifi,Hagia Sophia,tourism:attraction,attraction,41.0085112,28.9799976,0.13844780025654838,54,12,0.78,0.1,0.9986991287797907,0.7941176470588235,0.747139150398643,0,0,0,1,0
175523076,Milli Saraylar Resim Müzesi;Resim Müzesi,National Palaces Painting Museum;Painting Museum,tourism:museum,museum,41.0396619,29.0027225,4.049951230478401,32,12,0.85,0.5900000000000001,0.9512925424181591,0.47058823529411764,0.7465348215489771,0,0,1,0,0
263949137,Dolmabahçe Sarayı Harem Bölümü,Dolmabahce Palace,tourism:museum,museum,41.0397895,29.0015991,4.015703370820323,33,12,0.85,0.55,0.951707619164363,0.4852941176470588,0.7443358151610736,0,0,1,0,0
914394417,Dolmabahçe Sarayı İç Hazine Dairesi,Clock Museum,tourism:museum,museum,41.0404788,29.0004493,4.0378257660753345,33,12,0.85,0.55,0.951439500457607,0.4852941176470588,0.7442553795490467,0,0,1,0,0
263949162,Dolmabahçe Sarayı Muayede Salonu,Dolmabahce Palace,tourism:museum,museum,41.0391296,29.0005456,3.908915127092587,32,12,0.85,0.55,0.9530018698761408,0.47058823529411764,0.7410476197863717,0,0,1,0,0
335402651,Darphane-i Amire,Imperial Mint,tourism:attraction,attraction,41.0104187,28.9803838,0.29761219258255645,52,12,0.78,0.1,0.996770090330738,0.7647058823529411,0.7392074976874566,0,0,0,1,0
175516451,Dolmabahçe Sarayı Selamlık Bölümü,Dolmabahce Palace,tourism:museum,museum,41.0387836,28.9995191,3.8345706859305015,31,12,0.85,0.55,0.9539029086284595,0.45588235294117646,0.737641460823832,0,0,1,0,0
1184851395,Bukoleon Sarayı Kalıntıları,Bucoleon Palace Ruins,historic:archaeological_site,historic,41.0024553,28.9760876,0.667603773132156,30,12,0.82,0.55,0.9922858713777698,0.4411764705882353,0.7364798790603897,0,1,0,0,0
5108838368,Paşa Kapısı,,tourism:attraction,attraction,41.0111434,28.9779823,0.3291628316956472,51,12,0.78,0.1,0.9963877033216093,0.75,0.7354163109964827,0,0,0,1,0
6180706492,Saray Koleksiyonları Müzesi,Palace Collections Museum,tourism:museum,museum,41.04121,29.004119,4.257683134051385,29,12,0.85,0.5900000000000001,0.9487748761032812,0.4264705882352941,0.7347501098898078,0,0,1,0,0
335364925,Bâb-ı Hümâyûn,Imperial Gate,historic:city_gate,historic,41.0085967,28.981487,0.2627571028039567,47,12,0.82,0.1,0.9971925265763425,0.6911764705882353,0.7329518756199614,0,1,0,0,0
335402649,Bâbüsselâm,Gate of Salutation,historic:building,historic,41.0114028,28.9832355,0.5398641249090023,47,12,0.82,0.1,0.9938340486383358,0.6911764705882353,0.7319443322385596,0,1,0,0,0
3281285898,Atatürk,,historic:memorial,historic,41.0044513,28.9733107,0.596764080975812,47,12,0.82,0.1,0.9931444333204985,0.6911764705882353,0.7317374476432082,0,1,0,0,0
4721808990,Kapali Carsi,Grand Bazaar,tourism:museum,museum,41.0101095,28.969963,0.7390901085381428,32,12,0.85,0.4,0.9914194722569314,0.47058823529411764,0.7300729005006088,0,0,1,0,0
111862615,Vezir Hanı,,tourism:museum,museum,41.0092573,28.9720052,0.54930912936754,44,12,0.85,0.1,0.9937195772010644,0.6470588235294118,0.7298805790426722,0,0,1,0,0
1271934199,Dolmabahçe Sarayı Saltanat Kapı,,historic:building,historic,41.0390793,28.998473,3.8243144735946304,31,12,0.82,0.55,0.9540272117319892,0.45588235294117646,0.7286787517548909,0,1,0,0,0
13084855510,Dolmabahçe Sarayı Deniz Kapısı,,historic:city_gate,historic,41.0387281,29.000731,3.8771866548741527,31,12,0.82,0.55,0.953386412184534,0.45588235294117646,0.7284865118906544,0,1,0,0,0
32396432,III. Ahmet Çeşmesi,Sultan Ahmed III Fountain,tourism:attraction,attraction,41.0082486,28.9812612,0.24014273217802765,49,12,0.78,0.1,0.9974666079195439,0.7205882352941176,0.7283870411993926,0,0,0,1,0
103907772,Dîvân-ı Hümâyûn,Imperial Council Hall,historic:building,historic,41.0124903,28.9834925,0.6404435252375288,45,12,0.82,0.1,0.9926150477827991,0.6617647058823529,0.7242256908054279,0,1,0,0,0
3281285899,Mithat Paşa,,historic:memorial,historic,41.0042194,28.9733768,0.6112148148616255,44,12,0.82,0.1,0.9929692935114282,0.6470588235294118,0.7206554939357813,0,1,0,0,0
4743322,Harem-i Hümayûn,Imperial Harem,historic:building,historic,41.0130721,28.9832643,0.6782921049206379,44,12,0.82,0.1,0.9921563310787437,0.6470588235294118,0.720411605205976,0,1,0,0,0
329063100,Sinan Paşa Türbesi,Tomb of Sinan Pasha,historic:tomb,historic,41.0088174,28.9687309,0.8142254083985294,33,12,0.82,0.35,0.9905088484660591,0.4852941176470588,0.7169761839515824,0,1,0,0,1
663391267,Çemberlitaş Hamamı,Çemberlitaş Hammam,tourism:attraction,attraction,41.0085416,28.9716244,0.5698035421276741,46,12,0.78,0.1,0.9934711892945276,0.6764705882352942,0.7161590038471818,0,0,0,1,0
111002508,Gazi Atik Ali Paşa Camii,,historic:mosque,historic,41.0087421,28.9705447,0.661882552247707,35,12,0.82,0.29,0.9923552113532527,0.5147058823529411,0.715883033994211,0,1,0,0,1
5244807883,Yahya Kemal Museum,,tourism:museum,museum,41.008741,28.967614,0.9070417411465843,30,12,0.85,0.35,0.989383934331971,0.4411764705882353,0.7146092979466501,0,0,1,0,0
586013144,Domabahçe Sarayı Mefruşat Dairesi,,historic:building,historic,41.0385531,28.9970682,3.7207537541639097,27,12,0.82,0.55,0.9552823455384516,0.39705882352941174,0.7143494095438884,0,1,0,0,0
11813287018,Sohum Kalesi Kitâbesi,,historic:memorial,historic,41.0123834,28.9840355,0.6633101649908081,42,12,0.82,0.1,0.9923379089916405,0.6176470588235294,0.7131131374033745,0,1,0,0,0
5478162925,Sarayburnu Atatürk Anıtı,Sarayburnu Atatürk Monument,historic:memorial,historic,41.016263,28.9861325,1.106688802151692,24,12,0.82,0.55,0.9869642545826814,0.35294117647058826,0.7128245704924515,0,1,0,0,0
5244805876,Pera Spa,,tourism:attraction,attraction,41.0105966,28.9731818,0.5125705899992306,45,12,0.78,0.1,0.9941648404535282,0.6617647058823529,0.7126906286066466,0,0,0,1,0
1153684927,Çemberlitaş Sütunu,Column of Constantine,tourism:attraction,attraction,41.008553,28.9712828,0.5984880113228774,45,12,0.78,0.1,0.9931235396527982,0.6617647058823529,0.7123782383664277,0,0,0,1,0
1488385517,Sarayburnu Arkeopark,,historic:yes,historic,41.0170598,28.9847081,1.1183396701874626,22,12,0.82,0.5900000000000001,0.986823048549866,0.3235294117647059,0.7114292675061363,0,1,0,0,0
330344403,İshakpaşa Hamamı,İshakpaşa Hammam,historic:ruins,historic,41.0065719,28.9812065,0.29703908103412635,41,12,0.82,0.1,0.9967770363203301,0.6029411764705882,0.710768405013746,0,1,0,0,0
1900616737,Ancient Hippodrome Substructure,,historic:archaeological_site,historic,41.004072,28.973413,0.621136357130983,41,12,0.82,0.1,0.9928490465376434,0.6029411764705882,0.70959000807894,0,1,0,0,0
9393008312,Nakkaş Sarnıcı,Cistern Nakkas,tourism:attraction,attraction,41.0041016,28.9751527,0.5309728364171327,44,12,0.78,0.1,0.9939418091563247,0.6470588235294118,0.7089472486292503,0,0,0,1,0
103907804,Has Oda Koğuşu,,historic:building,historic,41.0133249,28.9841768,0.7481231384497021,40,12,0.82,0.1,0.9913099938632016,0.5882352941176471,0.7054518216883723,0,1,0,0,0
303807317,Kapalı Çarşı,Grand Bazaar,tourism:attraction,attraction,41.0109671,28.9682528,0.9053194955666574,31,12,0.78,0.4,0.9894048075806534,0.45588235294117646,0.7047920305094901,0,0,0,1,0
263956600,Dolmabahçe Sarayı Hazine-i Hassa Dairesi,,historic:building,historic,41.0378554,28.9973596,3.6610832895970633,24,12,0.82,0.55,0.9560055388277303,0.35294117647058826,0.7035369557659662,0,1,0,0,0
1377852887,Cankurtaran Mescidi,,historic:ruins,historic,41.0049146,28.9807878,0.41665903884653455,39,12,0.82,0.1,0.995327267973767,0.5735294117647058,0.7029805333333065,0,1,0,0,0
110313596,Şehzade Mehmet Kervansarayı,,historic:building,historic,41.0140646,28.9580878,1.824810126515407,22,12,0.82,0.55,0.9782607774698807,0.3235294117647059,0.7028605861821408,0,1,0,0,0
5244807872,Karababa Türbesi,,historic:tomb,historic,41.0083008,28.9692078,0.7713942189825341,29,12,0.82,0.35,0.991027953336154,0.4264705882352941,0.7024260330596697,0,1,0,0,1
32396111,Bâbüssaâde,Gate of Felicity,historic:building,historic,41.0126325,28.9843785,0.7032510600413768,39,12,0.82,0.1,0.991853833872098,0.5735294117647058,0.7019385031028059,0,1,0,0,0
103907818,Arz Odası,Audience Chamber,historic:building,historic,41.0127679,28.9845264,0.7226574531399103,39,12,0.82,0.1,0.9916186325315379,0.5735294117647058,0.7018679427006379,0,1,0,0,0
32396231,III. Ahmed Kütüphanesi,Library of Ahmed III,historic:building,historic,41.0130279,28.9845542,0.7448766833167773,39,12,0.82,0.1,0.9913493402062059,0.5735294117647058,0.7017871550030382,0,1,0,0,0
5108828680,İstanbul Demiryolu Müzesi,İstanbul Railway Museum,tourism:museum,museum,41.0151993,28.9766829,0.7915105421130213,26,12,0.85,0.35,0.9907841477951961,0.38235294117647056,0.7003234796326764,0,0,1,0,0
175517661,Mahmut Paşa Camii,,tourism:attraction,attraction,41.0111863,28.9713768,0.6764168940571553,34,12,0.78,0.29,0.9921790582340004,0.5,0.7001537174702,0,0,0,1,1
1423624915,Dolmabahçe Sarayı Hazine Kapısı,,historic:building,historic,41.0380917,28.9971133,3.6758943585423465,23,12,0.82,0.55,0.9558260318346806,0.3382352941176471,0.6998066330798159,0,1,0,0,0
3386270532,Galatasaray Müzesi,Galatasaray Museum,tourism:museum,museum,41.0334816,28.9769398,2.813857348888717,18,12,0.85,0.5900000000000001,0.9662737363232715,0.2647058823529412,0.6995585914852167,0,0,1,0,0
165718178,Galata Mevlevihanesi Müzesi,Galata Dervish House Museum,tourism:museum,museum,41.0280128,28.9751142,2.22026587714746,27,12,0.85,0.35,0.9734679382128079,0.39705882352941174,0.6988050873461953,0,0,1,0,0
3811143694,Kartonpiyer Müzesi,Stucco Museum,tourism:museum,museum,41.029581,28.9789875,2.3779728768639896,27,12,0.85,0.35,0.9715565630509889,0.39705882352941174,0.6982316747976496,0,0,1,0,0
969327995,Revan Köşkü,Yerevan Kiosk,historic:building,historic,41.0138271,28.984608,0.8141451718376397,38,12,0.82,0.1,0.9905098209160444,0.5588235294117647,0.6978588286277544,0,1,0,0,0
9206305917,Beyazit Kulesi,,historic:monument,historic,41.0113939,28.9646825,1.2045467222591726,22,12,0.82,0.5,0.9857782374863135,0.3235294117647059,0.6976158241870705,0,1,0,0,0
5108828006,Lions Rug and kilims Art Gallery,,tourism:museum,museum,41.0128714,28.9778917,0.5211846899411585,35,12,0.85,0.1,0.9940604394015773,0.5147058823529411,0.6968946024087085,0,0,1,0,0
499944905,Atik Ali Paşa Medresesi,,historic:building,historic,41.0083319,28.9699962,0.705310888256225,37,12,0.82,0.1,0.9918288691939635,0.5441176470588235,0.6945780725228948,0,1,0,0,0
5108836360,Sultan Spa and Wellness Center,,tourism:attraction,attraction,41.0123762,28.977568,0.46959098735530036,40,12,0.78,0.1,0.9946857440602553,0.5882352941176471,0.6944645467474884,0,0,0,1,0
247442912,Masumiyet Müzesi,,tourism:museum,museum,41.030853,28.9798332,2.5217702807572095,26,12,0.85,0.35,0.9698137692204705,0.38235294117647056,0.6940323660602588,0,0,1,0,0
3279398393,Masumiyet Müzesi,The Museum of Innocence,tourism:museum,museum,41.0308716,28.9797952,2.523686286424964,26,12,0.85,0.35,0.9697905476408968,0.38235294117647056,0.6940253995863866,0,0,1,0,0
2996272,Agavat Dairesi (Deniz Müzesi K. Tarih Arşivi),,historic:building,historic,41.0404574,29.0036252,4.1645582597246715,30,12,0.82,0.35,0.9499035296954206,0.4411764705882353,0.6937651765556849,0,1,0,0,0
8699169212,PTT Müzesi,Post Museum,tourism:museum,museum,41.0147153,28.9738991,0.8169915337247,24,12,0.85,0.35,0.9904753236177491,0.35294117647058826,0.6928778912029718,0,0,1,0,0
569707977,Cat Museum,,tourism:museum,museum,41.0265284,28.9749954,2.0579473348969315,25,12,0.85,0.35,0.9754352042854487,0.36764705882352944,0.6920423259915169,0,0,1,0,0
32396296,Bağdad Köşkü,Baghdad Kiosk,historic:building,historic,41.0141542,28.984545,0.8391610234764134,36,12,0.82,0.1,0.990206634135749,0.5294117647058824,0.6904149314171952,0,1,0,0,0
194486642,Sofa Köşkü,Sofa Pavilion,historic:building,historic,41.0139667,28.9848982,0.8416993476389408,36,12,0.82,0.1,0.9901758701889006,0.5294117647058824,0.6904057022331407,0,1,0,0,0
1807703751,Istanbul Photography Museum,,tourism:museum,museum,41.0046397,28.967754,0.9771167379740844,23,12,0.85,0.35,0.9885346403333447,0.3382352941176471,0.6886192156294152,0,0,1,0,0
260976707,Türkiye İş Bankası Müzesi,İşbank Museum,tourism:museum,museum,41.0160939,28.9726009,1.0036028511137396,23,12,0.85,0.35,0.9882136342975996,0.3382352941176471,0.6885229138186916,0,0,1,0,0
8735018410,Mehmet Akif Ersoy Parkı,,leisure:park,park,41.0077677,28.9754453,0.2525453684512955,63,12,0.45,0.15,0.997316290616213,0.9264705882352942,0.6883125342436873,1,0,0,0,0
3374681017,Atik Ali Paşa Medresesi,,historic:monument,historic,41.0084081,28.9699808,0.7068290434720895,35,12,0.82,0.1,0.9918104694769148,0.5147058823529411,0.6872196114313097,0,1,0,0,0
13385771381,IV. Mehmet Türbesi,Tomb of Mehmed the Hunter,historic:tomb,historic,41.0160855,28.9717905,1.0374841199466585,25,12,0.82,0.35,0.9878030005539195,0.36764705882352944,0.6867526648720581,0,1,0,0,1
1620494633,Hatice Turhan Sultan Türbesi,Tomb of Hatice Turhan Sultan,historic:monument,historic,41.0162025,28.9719047,1.0434658641345362,25,12,0.82,0.35,0.9877305030916279,0.36764705882352944,0.6867309156333706,0,1,0,0,1
13385771383,V. Murat Türbesi,,historic:tomb,historic,41.0161468,28.9717123,1.0467536963482464,25,12,0.82,0.35,0.9876906552672396,0.36764705882352944,0.6867189612860543,0,1,0,0,1
18161438,Nuruosmaniye Camisi,Nuruosmaniye Mosque,tourism:attraction,attraction,41.0103417,28.9704056,0.7118149413356701,32,12,0.78,0.25,0.9917500414594334,0.47058823529411764,0.6866720712613593,0,0,0,1,1
3400112453,Yedi Kule Hisarı Müzesi,,tourism:museum,museum,40.9935689,28.9239308,4.851886728908347,16,17,0.85,0.58,0.9415732554122875,0.23529411764705882,0.6832955060354509,0,0,1,0,0
32396254,Mecidiye Köşkü,Grand Kiosk,historic:building,historic,41.0137476,28.9857176,0.8703493580839893,34,12,0.82,0.1,0.9898286381798652,0.5,0.6829485914539596,0,1,0,0,0
1272160893,Gülhane Kapısı,,historic:city_gate,historic,41.0140875,28.9855319,0.8869458571209022,34,12,0.82,0.1,0.9896274921553431,0.5,0.6828882476466029,0,1,0,0,0
25428553,Sultan Ahmet Parkı,,leisure:park,park,41.0071907,28.9781347,0.11441573703989265,61,12,0.45,0.15,0.9989903922544757,0.8970588235294118,0.6814618235586957,1,0,0,0,0
9597969110,Illusion Museum,,tourism:museum,museum,41.02917,28.9749298,2.3498657595634858,22,12,0.85,0.35,0.971897215311035,0.3235294117647059,0.679951517534487,0,0,1,0,0
1335767641,Tekfur Sarayı Müzesi,,tourism:museum,museum,41.0339273,28.9406735,4.266272651399319,14,12,0.85,0.5900000000000001,0.9486707729871204,0.20588235294117646,0.6795718201314302,0,0,1,0,0
23236783,Galata Kulesi,Galata Tower,tourism:attraction,attraction,41.0256344,28.974213,1.9701891278624708,21,12,0.78,0.5,0.9764988150159358,0.3088235294117647,0.6791555268577218,0,0,0,1,0
5506396363,500. Yıl Vakfı Türk Musevileri Müzesi,The Jewish Museum of Turkey,tourism:museum,museum,41.0267866,28.9727283,2.120809793517874,21,12,0.85,0.35,0.9746733247098122,0.3088235294117647,0.6771078797658847,0,0,1,0,0
112174319,Sepetçiler Kasrı,Sepetçiler Pavilion,tourism:museum,museum,41.0163283,28.9816446,0.9439362830070511,30,12,0.85,0.1,0.9889367803626131,0.4411764705882353,0.6769751517558428,0,0,1,0,0
110234148,Türk Vakıf Hat Sanatları Müzesi,The Museum of Turkish Calligraphic Art,tourism:museum,museum,41.0099999,28.9632173,1.2895814328096742,20,12,0.85,0.35,0.9847476349516713,0.29411764705882354,0.6764537022502073,0,0,1,0,0
9217070484,Türk Eczacılık Tarihi İhtisas Müzesi,,tourism:museum,museum,41.0108493,28.9631157,1.315872205327911,20,12,0.85,0.35,0.9844289964025471,0.29411764705882354,0.6763581106854699,0,0,1,0,0
333112194,Sultan 1. Abdülhamit Türbesi,,historic:tomb,historic,41.0155098,28.9741344,0.8881227742885283,22,12,0.82,0.35,0.9896132281705753,0.3235294117647059,0.6762663213923491,0,1,0,0,1
776287486,Otluk Kapısı,,historic:yes,historic,41.0056915,28.9827615,0.4601562584438563,31,12,0.82,0.1,0.99480009096009,0.45588235294117646,0.6734106155233212,0,1,0,0,0
13357454623,Nimelceyş Kabiri,,historic:tomb,historic,41.0049688,28.9818618,0.4620319305946144,31,12,0.82,0.1,0.99477735821413,0.45588235294117646,0.6734037956995331,0,1,0,0,0
13357454625,Bizans Lahdi,,historic:memorial,historic,41.0043528,28.9812179,0.48878962899827727,31,12,0.82,0.1,0.994453060622976,0.45588235294117646,0.6733065064221869,0,1,0,0,0
214800348,Binbirdirek Sarnıcı,,leisure:park,park,41.0074877,28.973754,0.3978104134721977,61,12,0.45,0.1,0.9955557092886084,0.8970588235294118,0.6729314186689355,1,0,0,0,0
498861869,Deniz Müzesi,Naval Museum,tourism:museum,museum,41.0410687,29.0056763,4.3120256912555845,22,12,0.85,0.35,0.9481162559135843,0.3235294117647059,0.6728172297152518,0,0,1,0,0
3374678647,Koca Sinan Paşa Külliyesi,,historic:monument,historic,41.0088088,28.9690637,0.7863205496442941,31,12,0.82,0.1,0.9908470493957121,0.45588235294117646,0.6722247030540077,0,1,0,0,0
3374678648,Kara Mustafa Paşa Külliyesi,,historic:monument,historic,41.0087157,28.9677599,0.8946421591440941,31,12,0.82,0.1,0.9895342146181924,0.45588235294117646,0.6718308526207518,0,1,0,0,0
12248507560,Dolmabahçe Saat Müzesi,Dolmabahçe Clock Museum,tourism:museum,museum,41.0376899,28.9963411,3.6080478466145665,21,12,0.85,0.35,0.9566483170721647,0.3088235294117647,0.6717003774745904,0,0,1,0,0
225470886,Yeni Daire,,historic:building,historic,41.0404727,29.0020444,4.100255360229909,34,12,0.82,0.1,0.9506828671068744,0.5,0.6712048601320623,0,1,0,0,0
326370631,Saray Tiyatrosu ve Sahne Sanatları Müzesi,,tourism:museum,museum,41.0514006,29.0120193,5.570295235908948,13,10,0.85,0.5900000000000001,0.9328662977072489,0.19117647058823528,0.6711540069592334,0,0,1,0,0
175518810,Elvis Müzik,,tourism:attraction,attraction,41.0281214,28.9745159,2.2390016642846358,25,12,0.78,0.35,0.9732408644733068,0.36764705882352944,0.6703840240478743,0,0,0,1,0
1423624917,Camlı Köşk,,tourism:museum,museum,41.0401269,28.99951,3.967291574934327,31,12,0.85,0.1,0.9522943597932625,0.45588235294117646,0.6696588961732729,0,0,1,0,0
9217099231,İstanbul Üniversitesi Rıdvan Çelikel Arkeoloji Müzesi,,tourism:museum,museum,41.0098561,28.9601156,1.5452286524487562,18,12,0.85,0.35,0.981649245237299,0.2647058823529412,0.668171244159425,0,0,1,0,0
1465652948,Karabaş Hazretleri Türbesi,,historic:tomb,historic,41.0272075,28.9803769,2.1200381814764944,21,12,0.82,0.35,0.9746826764829934,0.3088235294117647,0.6681106852978391,0,1,0,0,1
326372295,Yıldız Sarayı Müze Müdürlüğü,,tourism:museum,museum,41.0499954,29.0115888,5.417493385790165,12,10,0.85,0.5900000000000001,0.9347182235033263,0.17647058823529413,0.6680331141098214,0,0,1,0,0
1377881422,Yedekçiler Mescidi,,historic:ruins,historic,41.0134228,28.9874256,0.9543477161435914,30,12,0.82,0.1,0.9888105960161231,0.4411764705882353,0.6679372964518958,0,1,0,0,0
6432801437,Turgut Reis,,historic:memorial,historic,41.0135331,28.9873206,0.9549389076547332,30,12,0.82,0.1,0.9888034309012436,0.4411764705882353,0.6679351469174318,0,1,0,0,0
13357454659,Hasbahçe Kapısı,,historic:city_gate,historic,41.0145504,28.9866043,0.9861538267561855,30,12,0.82,0.1,0.9884251127469705,0.4411764705882353,0.66782165147115,0,1,0,0,0
5244807985,Çorlulu Alipaşa Madresesi,,tourism:attraction,attraction,41.0089122,28.9683181,0.8496617974234081,33,12,0.78,0.1,0.9900793669977132,0.4852941176470588,0.6673473395110786,0,0,0,1,0
1770612643,Osmanlı Bankası Müzesi,Ottoman Bank Museum,tourism:museum,museum,41.0238356,28.9736169,1.7843144384320468,18,12,0.85,0.35,0.9787515765625172,0.2647058823529412,0.6673019435569905,0,0,1,0,0
4695996389,Gotlar Sütunu,Column of the Goths,tourism:attraction,attraction,41.0146409,28.9856774,0.9411621233181788,33,12,0.78,0.1,0.9889704025856835,0.4852941176470588,0.6670146501874697,0,0,0,1,0
5108837438,Tasciri Spettacolo,,tourism:museum,museum,41.0140444,28.9756133,0.6906526407114383,27,12,0.85,0.1,0.9920065240242707,0.39705882352941174,0.6668666630896342,0,0,1,0,0
414450099,Mevlana Bazaar,,tourism:attraction,attraction,41.0028112,28.9797131,0.6092546839569191,20,12,0.78,0.4,0.9929930498794518,0.29411764705882354,0.6654273267285413,0,0,0,1,0
13084855507,Hoca Ahmet Tûrânî Kabri,,historic:tomb,historic,41.0396879,29.0005098,3.962235147453426,32,12,0.82,0.1,0.9523556426146459,0.47058823529411764,0.6643537516079232,0,1,0,0,0
12347693517,Türkiye İş Bankası Resim Heykel Müzesi,,tourism:museum,museum,41.0315115,28.9759016,2.600584672140611,18,12,0.85,0.35,0.9688585556259257,0.2647058823529412,0.6643340372760129,0,0,1,0,0
12768472401,Padişah Mahfili - Yeni Cami,Sultans Pavillion - the new Mosque,historic:castle,historic,41.0168929,28.9727768,1.075608785813721,23,12,0.82,0.25,0.9873409377442666,0.3382352941176471,0.6642611048526917,0,1,0,0,1
1423624920,Kuşluk,,historic:building,historic,41.0403501,28.9999517,4.006099915967743,32,12,0.82,0.1,0.9518240109865767,0.47058823529411764,0.6641942621195024,0,1,0,0,0
225470917,I. Hareket Köşkü,,historic:building,historic,41.0404103,29.0023843,4.108074341590685,32,12,0.82,0.1,0.9505881027223475,0.47058823529411764,0.6638234896402336,0,1,0,0,0
225470905,Kızlarağası Dairesi,,historic:building,historic,41.0406848,29.0022808,4.130492787787871,32,12,0.82,0.1,0.9503163959413873,0.47058823529411764,0.6637419776059456,0,1,0,0,0
1204498299,Lohusa Sultan Türbesi,,historic:building,historic,41.0283616,28.9706165,2.335038863470243,20,12,0.82,0.35,0.9720769141257384,0.29411764705882354,0.6636524860024273,0,1,0,0,1
5244807882,Merzifonlu Kara Mustafa Paşa Medresesi,,tourism:attraction,attraction,41.008669,28.9679366,0.8795235385530812,32,12,0.78,0.1,0.9897174490715176,0.47058823529411764,0.6635622935449846,0,0,0,1,0
5108837436,Hodjapasta,,tourism:museum,museum,41.0142713,28.9756894,0.7123796793395696,26,12,0.85,0.1,0.991743196955413,0.38235294117647056,0.6631111943807415,0,0,1,0,0
180866633,Yedikule Mezarlığı,,historic:yes,historic,40.9927794,28.9210075,5.11246819315738,16,17,0.82,0.5,0.9384150637068385,0.23529411764705882,0.6613480485238161,0,1,0,0,0
5112732265,Beyazıt Türk Hamam Kültürü Müzesi,II. Bayezid Turkish Bath Culture Museum,tourism:museum,museum,41.0099458,28.9615545,1.4267476616126946,16,12,0.85,0.35,0.9830852095473093,0.23529411764705882,0.6612490922759575,0,0,1,0,0
1423624921,Koltuk Kapısı,,historic:building,historic,41.0395207,28.9996109,3.910936580680975,31,12,0.82,0.1,0.952977370290285,0.45588235294117646,0.6608637993223796,0,1,0,0,0
1423624918,Uzun Yol,,historic:building,historic,41.0395329,28.9997351,3.916894534548219,31,12,0.82,0.1,0.9529051611615995,0.45588235294117646,0.660842136583774,0,1,0,0,0
1423624916,Kuşluk Köşkü,,historic:building,historic,41.0401072,28.9998008,3.976286229814223,31,12,0.82,0.1,0.9521853464967223,0.45588235294117646,0.6606261921843108,0,1,0,0,0
3220979738,Manifaturaci Draper,,historic:memorial,historic,41.0148075,28.9710909,0.957036513563184,28,12,0.82,0.1,0.9887780083655292,0.4117647058823529,0.660574578980247,0,1,0,0,0
112676117,Pera Müzesi,Pera Museum,tourism:museum,museum,41.0318037,28.975204,2.6382754931039325,17,12,0.85,0.35,0.9684017509238684,0.25,0.6605205252771604,0,0,1,0,0
5108828672,II. Abdülhamit Çeşmesi,,tourism:attraction,attraction,41.0147801,28.9790412,0.7336500451115663,31,12,0.78,0.1,0.9914854046640597,0.45588235294117646,0.660416209634512,0,0,0,1,0
5244803053,Mehmet Efendi Çeşmesi,,tourism:attraction,attraction,41.0031805,28.9720795,0.769946284011983,31,12,0.78,0.1,0.9910455019988235,0.45588235294117646,0.6602842388349411,0,0,0,1,0
225470914,Hereke Dokumahanesi,,historic:building,historic,41.0409874,29.0026588,4.17531091521694,31,12,0.82,0.1,0.9497732098068394,0.45588235294117646,0.659902551177346,0,1,0,0,0
5112750009,Ebuzer Gifari Türbesi,,historic:tomb,historic,41.0376062,28.9428599,4.425045281962965,21,12,0.82,0.35,0.9467464826069758,0.3088235294117647,0.6597298271350338,0,1,0,0,1
5081445115,Seyyit Velayet Türbesi,,historic:tomb,historic,41.0238481,28.954732,2.640211410557406,19,12,0.82,0.35,0.9683782880177034,0.27941176470588236,0.6588664275817815,0,1,0,0,1
13357454624,Hasan Baba Kabri,,historic:tomb,historic,41.0044472,28.9815974,0.49610308652232804,27,12,0.82,0.1,0.9943644230794072,0.39705882352941174,0.6585740328061751,0,1,0,0,0
111861682,İsa Yusuf Alptekin Parkı,,leisure:park,park,41.0048668,28.975197,0.4578290661912673,55,12,0.45,0.15,0.9948282960332725,0.8088235294117647,0.658154371162923,1,0,0,0,0
6390364,Rüstem Paşa Medresesi,,historic:building,historic,41.0131608,28.9724589,0.7434913251259212,27,12,0.82,0.1,0.9913661304516673,0.39705882352941174,0.657674545017853,0,1,0,0,0
1043098720,Musahiban Dairesi,,historic:building,historic,41.0399867,29.0037397,4.124511098656316,30,12,0.82,0.1,0.950388892736408,0.4411764705882353,0.6564107854679812,0,1,0,0,0
225470899,II. Hareket Köşkü,,historic:building,historic,41.0405222,29.0027201,4.132759787445298,30,12,0.82,0.1,0.9502889203896056,0.4411764705882353,0.6563807937639404,0,1,0,0,0
225470921,Baltacılar Dairesi,,historic:building,historic,41.0411602,29.0031531,4.212383348634572,30,12,0.82,0.1,0.9493238998297934,0.4411764705882353,0.6560912875959969,0,1,0,0,0
7656706,Şehzadebaşı Camii,The Şehzade Mosque,tourism:attraction,attraction,41.0138822,28.9570828,1.8969565019374672,23,12,0.78,0.29,0.977386378804984,0.3382352941176471,0.6552747371709069,0,0,0,1,1
23272351,Tower of Cannon,,historic:ruins,historic,40.9940266,28.9233519,4.880996916092711,14,17,0.82,0.5,0.9412204461594319,0.20588235294117646,0.6548367220831236,0,1,0,0,0
20318937,Yedikule Zindanları,Yedikule Fortress,historic:castle,historic,40.9930397,28.9232092,4.92881083777348,14,17,0.82,0.5,0.9406409516382372,0.20588235294117646,0.6546628737267652,0,1,0,0,0
3254365422,Atatürk,,historic:memorial,historic,41.0150527,28.9768215,0.7734112548050088,26,12,0.82,0.1,0.9910035072926777,0.38235294117647056,0.6538892874819209,0,1,0,0,0
530624261,Yavuz Sultan Selim Türbesi,Tomb of Selim the Resolute,historic:tomb,historic,41.026245,28.951634,3.0114601220032053,18,12,0.82,0.35,0.963878832906705,0.2647058823529412,0.6538401204602468,0,1,0,0,1
9909824529,Orhan Kemal Müzesi,,tourism:museum,museum,41.0305186,28.9836008,2.5197826189653307,15,12,0.85,0.35,0.9698378592569681,0.22058823529411764,0.6535984166006199,0,0,1,0,0
1203332143,Ebu Şeybe El-Hudri Türbesi,,historic:tomb,historic,41.0393053,28.941413,4.64656301739042,19,12,0.82,0.35,0.9440617349536727,0.27941176470588236,0.6515714616625723,0,1,0,0,1
1458321039,Acımusluk Sarnıcı,,historic:building,historic,41.0137529,28.9731158,0.7601534712220217,25,12,0.82,0.1,0.9911641887988052,0.36764705882352944,0.6502610213455239,0,1,0,0,0
24533505,Orhan Kemal Müzesi,Orhan Kemal Museum,tourism:museum,museum,41.0305795,28.9836082,2.5265596329775577,14,12,0.85,0.35,0.9697557232942172,0.20588235294117646,0.6498973052235593,0,0,1,0,0
10113477451,Yıldız Clock Tower,Yıldız Clock Tower,historic:yes,historic,41.0498637,29.0097995,5.329180959986878,13,10,0.82,0.5,0.9357885512469508,0.19117647058823528,0.649530683021144,0,1,0,0,0
5640069827,İstanbul Modern Sanat Müzesi,Istanbul Museum of Modern Art,tourism:museum,museum,41.025911,28.982812,2.0038612489306358,13,12,0.85,0.35,0.9760907160985058,0.19117647058823528,0.6481213324766106,0,0,1,0,0
1197779763,Sirkeci Dede Türbesi,,historic:building,historic,41.0273753,28.9558135,2.852559858075659,16,12,0.82,0.35,0.9658046701759669,0.23529411764705882,0.6470649304645547,0,1,0,0,1
526875920,Sekbanbaşı Abdurrahman Ağa Türbesi,,historic:tomb,historic,41.0279508,28.9564033,2.868617820919111,16,12,0.82,0.35,0.9656100510951173,0.23529411764705882,0.6470065447402998,0,1,0,0,1
1197780727,Aya Dede Türbesi,,historic:tomb,historic,41.0277004,28.9560103,2.8688396151035507,16,12,0.82,0.35,0.965607362996961,0.23529411764705882,0.647005738310853,0,1,0,0,1
1338593489,İncili Köşk,,historic:building,historic,41.0099738,28.9870946,0.7557421528714681,24,12,0.82,0.1,0.9912176530352771,0.35294117647058826,0.6466005900282302,0,1,0,0,0
1395835665,Haseki Hafsa Sultan Türbesi,,historic:building,historic,41.0262652,28.9518703,2.9982100170054196,16,12,0.82,0.35,0.9640394213500194,0.23529411764705882,0.6465353558167705,0,1,0,0,1
530624263,Abdülmecid Han Türbesi,,historic:tomb,historic,41.0265133,28.9520446,3.0059866670861255,16,12,0.82,0.35,0.9639451700115681,0.23529411764705882,0.6465070804152351,0,1,0,0,1
530624260,Ayşe Hafsa Sultan Türbesi,,historic:tomb,historic,41.0264039,28.9518982,3.006831796769832,16,12,0.82,0.35,0.9639349272202598,0.23529411764705882,0.6465040075778425,0,1,0,0,1
165574764,Kılıç Ali Paşa Türbesi,,historic:tomb,historic,41.0262374,28.9813163,2.020538804835147,15,12,0.82,0.35,0.9758885876820561,0.22058823529411764,0.6464136351281462,0,1,0,0,1
3279345565,Hamal,,historic:memorial,historic,41.0144875,28.9729077,0.8373552495769317,24,12,0.82,0.1,0.9902285197298288,0.35294117647058826,0.6463038500365957,0,1,0,0,0
528081246,Deutsche Orientbank A.G.,,historic:yes,historic,41.015106,28.9722747,0.9240288946566653,24,12,0.82,0.1,0.9891780536586494,0.35294117647058826,0.6459887102152418,0,1,0,0,0
534077493,Aya Dimitri Kilisesi,Church of St. Demetrius Xyloportas,historic:church,historic,41.037144,28.9450008,4.26719068035083,19,12,0.82,0.3,0.9486596466722523,0.27941176470588236,0.6454508351781463,0,1,0,0,1
4477143891,Yıldız Sarayı,Yıldız Palace,tourism:attraction,attraction,41.0507108,29.0117042,5.49079850435578,13,10,0.78,0.55,0.9338297811189531,0.19117647058823528,0.6444430519827449,0,0,0,1,0
4889959434,Dogançay Müzesi,Dogançay Müzesi,tourism:museum,museum,41.0357703,28.9783705,3.0656827194762943,13,12,0.85,0.35,0.9632216666033344,0.19117647058823528,0.6442606176280592,0,0,1,0,0
8050489585,MSGSÜ Istanbul Resim ve Heykel Müzesi,Museum Of Painting And Sculpture,tourism:museum,museum,41.0274396,28.984281,2.1955084013101116,12,12,0.85,0.35,0.9737679935335602,0.17647058823529413,0.6437480451188916,0,0,1,0,0
534108299,Muhammed El-Ensari Türbesi,,tourism:attraction,attraction,41.0397898,28.9426813,4.617045921437335,20,12,0.78,0.35,0.9444194758539192,0.29411764705882354,0.6433552545208816,0,0,0,1,1
4297527,Rahmi M. Koç Müzesi,,tourism:museum,museum,41.0420763,28.9484777,4.526596628462053,14,12,0.85,0.35,0.9455157019713888,0.20588235294117646,0.6426252988267107,0,0,1,0,0
12243524937,Fethiye Müzesi,Fethiye Museum,tourism:museum,museum,41.0292105,28.946518,3.551417497033932,13,12,0.85,0.35,0.957334664816958,0.19117647058823528,0.6424945170921461,0,0,1,0,0
4977947521,Ayios Polieuktos Kilisesi,Church of St. Polyeuktos,historic:ruins,historic,41.0142319,28.9529591,2.2375290523197413,16,12,0.82,0.3,0.9732587122158785,0.23529411764705882,0.6418011430765282,0,1,0,0,1
319018681,Tarihi Lokomotif 2451,Steam engine n°2251,tourism:attraction,attraction,41.0152764,28.9764265,0.8040951102058125,26,12,0.78,0.1,0.99063162551706,0.38235294117647056,0.6417777229492356,0,0,0,1,0
4363666187,Zindan baba Türbesi,,historic:tomb,historic,41.0187867,28.9691768,1.4087659007113917,13,12,0.82,0.35,0.9833031446498367,0.19117647058823528,0.6412850610420098,0,1,0,0,1
269497288,Barbaros Hayrettin Türbesi,Tomb of Hayreddin Barbarossa,historic:memorial,historic,41.0419227,29.0068359,4.444240901530217,16,10,0.82,0.35,0.946513835796609,0.23529411764705882,0.6412776801507474,0,1,0,0,1
438658753,Şeyh Seyyid Abdurrauf Samedani Türbesi,,historic:tomb,historic,41.0188843,28.9688387,1.4335266649943736,13,12,0.82,0.35,0.9830030494738254,0.19117647058823528,0.6411950324892064,0,1,0,0,1
329233909,Hz. Cabir Cami,,historic:church,historic,41.0385943,28.9441211,4.437543217830375,20,12,0.82,0.25,0.9465950102929129,0.29411764705882354,0.6410079148525797,0,1,0,0,1
534113499,Balat Or-Ahayim Musevi Hastanesi Sinagogu,,historic:building,historic,41.0385029,28.9457624,4.341689786523462,26,12,0.82,0.1,0.947756733413031,0.38235294117647056,0.640915255318027,0,1,0,0,0
4889958234,ISTANBUL'74,ISTANBUL'74,tourism:museum,museum,41.0332891,28.9795904,2.791571400839407,22,12,0.85,0.1,0.9665438372549714,0.3235294117647059,0.6408455041176679,0,0,1,0,0
48658200,Beşiktaş Balık Çarşısı,,tourism:attraction,attraction,41.0436895,29.0048264,4.526288298792665,17,10,0.78,0.4,0.945519438861145,0.25,0.6401558316583436,0,0,0,1,0
498861861,Çırağan Sarayı,Ciragan Palace,historic:castle,historic,41.0434656,29.01531,4.996396368926798,8,10,0.82,0.55,0.9398218294320131,0.11764705882352941,0.6398583135354863,0,1,0,0,0
895150392,Çırağan Sarayı Geçidi,,historic:castle,historic,41.0442707,29.0151496,5.05873872175988,8,10,0.82,0.55,0.9390662534274686,0.11764705882352941,0.6396316407341229,0,1,0,0,0
5112750839,Ebu Şeybe El-Hudri Türbesi,,tourism:attraction,attraction,41.039341,28.9414828,4.645612517207146,19,12,0.78,0.35,0.9440732548129364,0.27941176470588236,0.6395749176203515,0,0,0,1,1
988346544,Rahmi M. Koç Müzesi,,tourism:museum,museum,41.0416506,28.9492884,4.449600980568264,13,12,0.85,0.35,0.9464488727831909,0.19117647058823528,0.6392287794820162,0,0,1,0,0
175518494,Rüstem Paşa Camii,,tourism:attraction,attraction,41.0176797,28.9687178,1.3308134301739551,18,12,0.78,0.29,0.9842479119477721,0.2647058823529412,0.6389508441725669,0,0,0,1,1
5081442512,Rezan Has Museum,,tourism:museum,museum,41.0252799,28.9584325,2.5324722325452447,11,12,0.85,0.35,0.9696840638499581,0.16176470588235295,0.6388463956255755,0,0,1,0,0
61671158,Legacy Ottoman Hotel,,historic:building,historic,41.0158731,28.9740341,0.9285250914623475,22,12,0.82,0.1,0.9891235607134252,0.3235294117647059,0.6386194211552041,0,1,0,0,0
4506862293,Hurrem Haseki (Roksolana) Turbesi,Tomb of Hurrem Sultan (Roxelana),historic:memorial,historic,41.0156683,28.9648085,1.410716699486648,12,12,0.82,0.35,0.9832795013852293,0.17647058823529413,0.6376014974743922,0,1,0,0,1
519572403,Nakşidil Valide Sultan Türbesi,,historic:tomb,historic,41.018574,28.9511984,2.557247899105867,13,12,0.82,0.35,0.9693837880615238,0.19117647058823528,0.6371092540655159,0,1,0,0,1
4885651,Alay Meydanı,First Courtyard,leisure:park,park,41.010091,28.9817985,0.35430367005532354,51,12,0.45,0.1,0.9960830017289447,0.75,0.6363249005186834,1,0,0,0,0
13357454626,Nimelceyş Kabiri,,historic:tomb,historic,41.0039629,28.9819079,0.5555381426036842,21,12,0.82,0.1,0.9936440828907065,0.3088235294117647,0.636299107220153,0,1,0,0,0
349521414,Edebiyat Müzesi,,tourism:museum,museum,41.0488041,29.0111404,5.284661074411075,13,10,0.85,0.35,0.9363281227539199,0.19117647058823528,0.6361925544732348,0,0,1,0,0
329089871,Aziz Mahmud Hüdayi Vakfı Gazanfer Ağa Medresesi Eğitim ve Kültür Merkezi,,tourism:museum,museum,41.0163484,28.9554386,2.1289875544211463,20,12,0.85,0.1,0.9745742119938395,0.29411764705882354,0.6359016753628577,0,0,1,0,0
499944929,III. Mustafa Türbesi,Mausoleum Sultan Mustafa Pasha III and his son Sultan Selim III,historic:tomb,historic,41.0097502,28.9559802,1.8890940089141743,12,12,0.82,0.35,0.9774816705415696,0.17647058823529413,0.6358621482212943,0,1,0,0,1
6916379085,İstanbul’un Orta Noktası,Center of İstanbul,historic:memorial,historic,41.0131228,28.957839,1.8099589755107108,22,12,0.82,0.1,0.9784407702489318,0.3235294117647059,0.635414584015856,0,1,0,0,0
13388465314,Konstantinopolis Kuşatması (717-718),Siege of Constantinople (717-718),historic:battlefield,historic,41.025776,28.9741304,1.9869216499454863,22,12,0.82,0.1,0.9762960204211395,0.3235294117647059,0.6347711590675184,0,1,0,0,0
708327981,Galata citywalls,,historic:citywalls,historic,41.0258179,28.9743622,1.9880985324252962,22,12,0.82,0.1,0.9762817568567806,0.3235294117647059,0.6347668799982107,0,1,0,0,0
4889958232,Borusan Sanat,Borusan Art,tourism:museum,museum,41.0303466,28.9754498,2.4749998964523034,20,12,0.85,0.1,0.9703806162914934,0.29411764705882354,0.6346435966521539,0,0,1,0,0
4889959431,Meşher,ARTER contemporary art museum,tourism:museum,museum,41.0304385,28.9757547,2.4827505721118595,20,12,0.85,0.1,0.9702866797574802,0.29411764705882354,0.6346154156919499,0,0,1,0,0
489743779,Eski Açık Tribün,,tourism:museum,museum,41.0385496,28.9953909,3.663394273586146,21,12,0.85,0.1,0.9559775301952407,0.3088235294117647,0.6339991414115133,0,0,1,0,0
110017005,İstanbul Üniversitesi Kapı Köşkü,,historic:building,historic,41.0110856,28.9647607,1.1885716749795787,21,12,0.82,0.1,0.985971851648234,0.3088235294117647,0.6339974378474112,0,1,0,0,0
4506783904,Kanuni Sultan Suleyman 1 Turbesi,Mausoleum of Suleiman the Magnificent,historic:memorial,historic,41.0156999,28.9644663,1.4360640629905488,11,12,0.82,0.35,0.9829722967519154,0.16176470588235295,0.6338328654961628,0,1,0,0,1
110311531,Fatih Rehberlik ve Araştırma Merkezi,,historic:building,historic,41.0123287,28.9615171,1.4891266052991061,21,12,0.82,0.1,0.9823291900694356,0.3088235294117647,0.632904639373772,0,1,0,0,0
498861884,MSGSÜ Kültür ve Sanat Merkezi,,tourism:museum,museum,41.0276465,28.9815954,2.1789101103455817,19,12,0.85,0.1,0.9739691612758625,0.27941176470588236,0.6320436895592293,0,0,1,0,0
326354955,Şehir Müzesi,,tourism:museum,museum,41.0514836,29.0131585,5.6271683182670476,12,10,0.85,0.35,0.932177008093023,0.17647058823529413,0.6312707494867303,0,0,1,0,0
7328115,Yavuz Sultan Selim Cami,Yavuz Sultan Selim Mosque,tourism:attraction,attraction,41.0266074,28.9512953,3.059515070824684,19,12,0.78,0.25,0.9632964171880308,0.27941176470588236,0.6303418663328798,0,0,0,1,1
4889959435,Türvak Türker Inanoglu Vakfi,Cinema Museum,tourism:museum,museum,41.0326418,28.9777224,2.718402357752716,19,12,0.85,0.1,0.967430630433596,0.27941176470588236,0.6300821303065494,0,0,1,0,0
4889905032,SALT Galata,SALT Galata,tourism:museum,museum,41.0238724,28.9734736,1.7910380700190385,18,12,0.85,0.1,0.9786700875833616,0.2647058823529412,0.6297774968632438,0,0,1,0,0
32394781,İstanbul Surları,Walls of Blachernai,historic:citywalls,historic,41.0368136,28.9407888,4.4809357726785075,23,12,0.82,0.1,0.9460691017936473,0.3382352941176471,0.629379554067506,0,1,0,0,0
7568501,İstanbul Üniversitesi Edebiyat Fakültesi,Istanbul University Faculty of Letters,historic:building,historic,41.0104619,28.9606319,1.5119538677440436,20,12,0.82,0.1,0.9820525285228461,0.29411764705882354,0.6291451703215596,0,1,0,0,0
165574748,Kılıç Ali Paşa Camii,Kılıç Ali Pasha Mosque,tourism:attraction,attraction,41.026417,28.9809474,2.036884261321947,16,12,0.78,0.29,0.9756904842396369,0.23529411764705882,0.6290306746836557,0,0,0,1,1
269709058,Kanburun Bahçesi,,tourism:attraction,attraction,41.042587,29.0038953,4.381167395475476,26,12,0.78,0.1,0.9472782732220787,0.38235294117647056,0.6287717172607412,0,0,0,1,0
5110342142,Molla Hüsrev cami Turbası,,historic:tomb,historic,41.0147778,28.959381,1.7554312578929963,14,12,0.82,0.25,0.9791016345433037,0.20588235294117646,0.6287010785982852,0,1,0,0,1
23261483,Mermer Kule Burcu,Marmara Tower,historic:ruins,historic,40.9885824,28.9208601,5.298713517412703,7,17,0.82,0.5,0.93615781014532,0.10294117647058823,0.627582637161243,0,1,0,0,0
331244574,Sultan 1. Abdülhamit Medresesi,,historic:building,historic,41.0272604,28.9509904,3.127313145649597,21,12,0.82,0.1,0.9624747189978908,0.3088235294117647,0.6269482980523083,0,1,0,0,0
6116486887,Charlie Chaplin Köşesi,,tourism:attraction,attraction,41.0250792,28.9788924,1.8773385963467317,23,12,0.78,0.1,0.9776241436317858,0.3382352941176471,0.6268460666189475,0,0,0,1,0
110016998,Seraskerlik Kapısı,,historic:building,historic,41.0109906,28.9642283,1.2289357565859904,19,12,0.82,0.1,0.9854826475979965,0.27941176470588236,0.6264977354558695,0,1,0,0,0
110016988,İstanbul Üniversitesi Kapı Köşkü,,historic:building,historic,41.0109034,28.9636692,1.2720581939226143,19,12,0.82,0.1,0.984960012865293,0.27941176470588236,0.6263409450360584,0,1,0,0,0
1153649968,Panorama 1453 Tarih Müzesi,Panorama 1453 History Museum,tourism:museum,museum,41.0181549,28.92041,4.989875382481765,10,17,0.85,0.35,0.9399008623953184,0.14705882352941177,0.6262349646009485,0,0,1,0,0
5112750831,İvaz Efendi Çeşmesi,,historic:yes,historic,41.0378888,28.9411463,4.5459153697818175,22,12,0.82,0.1,0.9452815629516714,0.3235294117647059,0.6254668218266779,0,1,0,0,0
1202955220,İvaz Efendi Çeşmesi,,historic:building,historic,41.0378894,28.941147,4.545923439507342,22,12,0.82,0.1,0.9452814651483211,0.3235294117647059,0.6254667924856728,0,1,0,0,0
1051483433,Tophane Çeşmesi,,historic:building,historic,41.0267495,28.9812685,2.076605528837068,19,12,0.82,0.1,0.9752090709589275,0.27941176470588236,0.6234156624641488,0,1,0,0,0
6185937305,Sabanci Universitesi Kasa Galerisi,Sabancı University Vault Gallery,tourism:museum,museum,41.0238431,28.9750813,1.761580040805584,16,12,0.85,0.1,0.979027112607336,0.23529411764705882,0.6225316631939656,0,0,1,0,0
528265635,Panagia Paramythia Church,Panagia Paramythia Church,historic:church,historic,41.0305179,28.9485242,3.527149486714879,12,12,0.82,0.3,0.9576287879201428,0.17647058823529413,0.6224062834348664,0,1,0,0,1
175519814,Sokullu Mehmet Paşa Türbesi,,historic:tomb,historic,41.0472245,28.9342947,5.702457914085673,12,17,0.82,0.35,0.9312645142680832,0.17647058823529413,0.6219970013392484,0,1,0,0,1
175519815,Siyavuş Paşa Türbesi,,historic:tomb,historic,41.0475137,28.9343639,5.723212945088085,12,17,0.82,0.35,0.931012967724099,0.17647058823529413,0.6219215373760532,0,1,0,0,1
1202927901,İskender Bey Çeşmesi,,historic:building,historic,41.0393845,28.9433611,4.545776002291525,21,12,0.82,0.1,0.9452832520558949,0.3088235294117647,0.6217908579697097,0,1,0,0,0
7099516987,Kamondo Merdivenleri,Kamondo Stairs,historic:memorial,historic,41.0239741,28.9737825,1.7962760102600643,18,12,0.82,0.1,0.9786066048660834,0.2647058823529412,0.6207584520480602,0,1,0,0,0
7318154,Rumeli Hisarı,Rumeli Fortress,tourism:museum,museum,41.0849152,29.0560944,10.733997865547408,8,10,0.85,0.5,0.8702833244273671,0.11764705882352941,0.6204967620340924,0,0,1,0,0
329094469,Amcazade Külliyesi,,tourism:museum,museum,41.0152743,28.9520598,2.3458936818298426,16,12,0.85,0.1,0.9719453560450197,0.23529411764705882,0.6204071362252707,0,0,1,0,0
708327982,Galata Surları,Galata Citywalls,historic:citywalls,historic,41.025166,28.972879,1.9425694114361372,18,12,0.82,0.1,0.9768335600814603,0.2647058823529412,0.6202265386126733,0,1,0,0,0
5112749760,Abdullah El Ensari Türbesi,,tourism:attraction,attraction,41.0332977,28.944349,3.9935872773387264,13,12,0.78,0.35,0.9519756614949708,0.19117647058823528,0.61988681609555,0,0,0,1,1
3254460380,Fatih Anıtı,Mehmed II the Conqueror,historic:memorial,historic,41.0155727,28.9542189,2.1882796551816206,18,12,0.82,0.1,0.973855604393103,0.2647058823529412,0.6193331519061661,0,1,0,0,0
529971507,Gazi Ahmed Paşa Türbesi,,historic:tomb,historic,41.0210265,28.9281706,4.449115758113027,10,17,0.82,0.35,0.94645475357574,0.14705882352941177,0.6192011319550749,0,1,0,0,1
1427911102,İstanbul Üniversitesi Atatürk ve Gençlik Anıtı,,historic:memorial,historic,41.0128139,28.9638645,1.323139146169518,17,12,0.82,0.1,0.984340922631237,0.25,0.618802276789371,0,1,0,0,0
112659195,Tahtakale Hamamı,,historic:monument,historic,41.0176229,28.9679695,1.365189064148049,17,12,0.82,0.1,0.9838312866041414,0.25,0.6186493859812424,0,1,0,0,0
331191334,Fâtih Sultan Mehmed Han Türbesi,Tomb of Sultan Muhammad Al-Fatih,historic:tomb,historic,41.0192889,28.9502787,2.6622089033283043,8,12,0.82,0.35,0.9681116831023848,0.11764705882352941,0.6183452696365977,0,1,0,0,1
1203329380,Eğrikapı Çeşmesi,,historic:fountain,historic,41.0364509,28.9396933,4.517989842637355,20,17,0.82,0.1,0.9456200143778006,0.29411764705882354,0.618215416078046,0,1,0,0,0
329233152,Mehmet Ağa Türbesi,,historic:tomb,historic,41.0478717,28.9344396,5.749595032137534,11,17,0.82,0.35,0.9306932224623549,0.16176470588235295,0.6181491432092946,0,1,0,0,1
329233495,Pertev Paşa Türbesi,,historic:tomb,historic,41.0481232,28.9343377,5.776540174259765,11,17,0.82,0.35,0.9303666530933561,0.16176470588235295,0.618051172398595,0,1,0,0,1
16362131,Beylerbeyi Sarayı Kompleksi,,tourism:museum,museum,41.0422156,29.040508,6.438286654279669,1,10,0.85,0.55,0.9223464270564355,0.014705882352941176,0.617880398705166,0,0,1,0,0
13388465315,Konstantinopolis'in Yağmalanması,Sack of Constantinople,historic:battlefield,historic,41.0385746,28.9405573,4.635281500443251,20,12,0.82,0.1,0.9441984645301609,0.29411764705882354,0.6177889511237541,0,1,0,0,0
4889959432,AK Bank Sanat Galerisi,AK Bank Sanat Galerisi,tourism:museum,museum,41.0359382,28.9831097,3.1095549268602154,16,12,0.85,0.1,0.9626899448177542,0.23529411764705882,0.617630512857091,0,0,1,0,0
3254468506,Adam Mickiewicz Müzesi,Adam Mickiewicz Museum,tourism:museum,museum,41.0387821,28.9771474,3.402202216166211,6,12,0.85,0.35,0.9591431221595428,0.08823529411764706,0.6173017601772747,0,0,1,0,0
335402650,Zülüflü Baltacılar Koğuşu,Halberdiers Courtyard,leisure:park,park,41.0120172,28.9825598,0.5495341616635552,46,12,0.45,0.1,0.9937168498576872,0.6764705882352942,0.6172327020161297,1,0,0,0,0
25542618,Gülhane Parkı,Gülhane Park,leisure:park,park,41.0130989,28.9823101,0.6359031557747705,44,12,0.45,0.15,0.992670076091195,0.6470588235294118,0.6170657287097114,1,0,0,0,0
571713421,Beyoğlu Tokatlıyan Oteli,Tokatlıyan Hotel (Beyoğlu),historic:building,historic,41.0341979,28.9783032,2.8908499827722216,18,12,0.82,0.1,0.9653406020406305,0.2647058823529412,0.6167786512004244,0,1,0,0,0
10029601210,Üsküp Saat Kulesi,,historic:monument,historic,41.0316657,28.9101915,6.289141167480505,5,17,0.82,0.5,0.9241540385098125,0.07352941176470588,0.6166285644941202,0,1,0,0,0
5081442505,Şeyh Ahmet Buhara Türbesi,,historic:tomb,historic,41.0231601,28.9602598,2.2546772298578617,7,12,0.82,0.35,0.97305087996572,0.10294117647058823,0.6161505581073631,0,1,0,0,1
5783643263,Fransiz Gecidi,,tourism:attraction,attraction,41.0245125,28.9793708,1.81569750955953,20,12,0.78,0.1,0.9783712204415936,0.29411764705882354,0.6160407778971839,0,0,0,1,0
6132230786,Fransız Geçidi,,tourism:attraction,attraction,41.024615,28.9792854,1.8267782175887617,20,12,0.78,0.1,0.9782369246263127,0.29411764705882354,0.6160004891525996,0,0,0,1,0
708327979,Galata Citywalls,,historic:citywalls,historic,41.0261677,28.9701616,2.1141007616356093,17,12,0.82,0.1,0.9747546367436639,0.25,0.6159263910230991,0,1,0,0,0
733808433,Aziz Mahmut Hüdayi Türbesi,,historic:tomb,historic,41.0223644,29.0143617,3.403555753942641,8,1,0.82,0.35,0.9591267175707097,0.11764705882352941,0.6156497799770952,0,1,0,0,1
1111181701,Cennet Efendi Türbesi,,historic:tomb,historic,41.0224796,29.0146584,3.4315486956008483,8,1,0.82,0.35,0.9587874490950687,0.11764705882352941,0.615547999434403,0,1,0,0,1
662138951,Karacaahmet Sültan Türbesi,,historic:tomb,historic,41.0132126,29.0200585,3.539573531539936,8,1,0.82,0.35,0.9574782111497355,0.11764705882352941,0.6151552280508029,0,1,0,0,1
3254460381,Hava Şehitleri Anıtı,The Aviation Martyr’s Monument,historic:memorial,historic,41.0160748,28.9526349,2.3324152364189117,17,12,0.82,0.1,0.9721087119253846,0.25,0.6151326135776154,0,1,0,0,0
7614527,Kariye Camii,The Chora,historic:church,historic,41.0312131,28.9390393,4.177614638168125,11,17,0.82,0.29,0.9497452891765789,0.16176470588235295,0.6148647632235618,0,1,0,0,1
23276526,Bozdoğan Su Kemeri,Valens Aqueduct,tourism:attraction,attraction,41.0161583,28.9551665,2.140848024875305,20,12,0.78,0.1,0.974430465624469,0.29411764705882354,0.6148585514520465,0,0,0,1,0
329233190,Ferhat Paşa Türbesi,,historic:tomb,historic,41.047351,28.9353119,5.658283566635862,10,17,0.82,0.35,0.931799897926747,0.14705882352941177,0.614804675260377,0,1,0,0,1
970169413,MSGSÜ Kültür ve Sanat Merkezi,,tourism:attraction,attraction,41.0275543,28.9810246,2.1633385398889584,20,12,0.78,0.1,0.9741578853848418,0.29411764705882354,0.6147767773801583,0,0,0,1,0
473891834,Sultan Reşad Türbesi,,historic:tomb,historic,41.0478987,28.9358095,5.678911499910482,10,17,0.82,0.35,0.9315498917800848,0.14705882352941177,0.6147296734163783,0,1,0,0,1
1426032250,BJK 100 Yıl Kartal Heykeli,,historic:monument,historic,41.0435474,29.0041967,4.486805737575487,19,10,0.82,0.1,0.9459979590724936,0.27941176470588236,0.6146523288982186,0,1,0,0,0
329233138,Kapatanı Derya Hüsnü Paşa Türbesi,,historic:tomb,historic,41.0480149,28.9352469,5.7187142217053175,10,17,0.82,0.35,0.931067491290898,0.14705882352941177,0.6145849532696223,0,1,0,0,1
3236233297,Kıztaşı,Column of Marcian,historic:memorial,historic,41.0154411,28.9502846,2.492646404949487,17,12,0.82,0.1,0.9701667443765183,0.25,0.6145500233129555,0,1,0,0,0
5787843345,Eğrikapı,Kaligaria Gate,historic:city_gate,historic,41.0364729,28.9393976,4.537545867297741,19,17,0.82,0.1,0.9453829995346613,0.27941176470588236,0.6144678410368689,0,1,0,0,0
1423624923,Dolmabahçe Sarayı Yerleşkesi,,leisure:park,park,41.0388608,28.9998696,3.8558319223913524,30,12,0.45,0.55,0.9536452269824078,0.4411764705882353,0.6138876857417812,1,0,0,0,0
24826707,Dolmabahçe Sarayı,Dolmabahçe Palace,leisure:park,park,41.0390167,28.9996491,3.862595828011871,30,12,0.45,0.55,0.9535632498905654,0.4411764705882353,0.6138630926142284,1,0,0,0,0
10543470929,Hababam Sınıfı Müzesi,Hababam School Museum,tourism:museum,museum,41.0136158,29.0419533,5.366406221260168,7,1,0.85,0.35,0.935337389028927,0.10294117647058823,0.6138365108263252,0,0,1,0,0
342991252,Tayyare Apartmanları,,historic:building,historic,41.0098388,28.9581282,1.710709641966133,16,12,0.82,0.1,0.9796436509790527,0.23529411764705882,0.6137166247054805,0,1,0,0,0
512590456,Tayyare Apartmanları,,historic:building,historic,41.0101686,28.958121,1.715598649954286,16,12,0.82,0.1,0.9795843972461727,0.23529411764705882,0.6136988485856165,0,1,0,0,0
1320333140,Merkez Efendi Hz. Türbesi,,historic:tomb,historic,41.0159039,28.9199317,4.979992424246064,9,17,0.82,0.35,0.940020641738854,0.1323529411764706,0.6135944278157738,0,1,0,0,1
8615572144,Mahmut Baba Türbesi,,historic:tomb,historic,40.9913443,29.0347259,5.0849125935411745,9,1,0.82,0.35,0.9387490316903149,0.1323529411764706,0.613212944801212,0,1,0,0,1
1346157990,Askerî Müze,Military Museum,tourism:museum,museum,41.0488755,28.9882427,4.597656838381412,6,12,0.85,0.35,0.9446544674004589,0.08823529411764706,0.6129551637495495,0,0,1,0,0
1214227895,Yahya Efendi Türbesi,,historic:tomb,historic,41.0457962,29.0178512,5.3318600343054765,9,10,0.82,0.35,0.9357560814382648,0.1323529411764706,0.6123150597255971,0,1,0,0,1
1214228978,Güzelce Ali Paşa Türbesi,,historic:tomb,historic,41.0457265,29.018088,5.338152627046525,9,10,0.82,0.35,0.9356798165578835,0.1323529411764706,0.6122921802614826,0,1,0,0,1
936868781,Haşım Baba açık türbesi,,historic:monument,historic,41.0167558,29.0184901,3.4956729557421484,7,1,0.82,0.35,0.9580102767544345,0.10294117647058823,0.6116383771439774,0,1,0,0,1
879479979,Sarayburnu Parkı,,leisure:park,park,41.0160836,28.98646,1.1071585781102808,25,12,0.45,0.5900000000000001,0.9869585609983733,0.36764705882352944,0.6114993330053944,1,0,0,0,0
4429629,İstanbul Surları,Walls of Constantinople,historic:ruins,historic,41.0355936,28.9392959,4.476624392235319,18,17,0.82,0.1,0.9461213548040215,0.2647058823529412,0.6110128770294417,0,1,0,0,0
571702706,Turabi Baba Türbesi,,historic:tomb,historic,41.0321411,28.9665922,2.8404668933584287,6,12,0.82,0.35,0.965951234326162,0.08823529411764706,0.6103441938272604,0,1,0,0,1
7491912985,Abacı Dede Türbesi,,historic:memorial,historic,41.0195837,29.0224407,3.905913638943293,7,1,0.82,0.35,0.9530382472716106,0.10294117647058823,0.6101467682991302,0,1,0,0,1
512590454,Tayyare Apartmanları,,historic:building,historic,41.0098355,28.9576622,1.7495553578265586,15,12,0.82,0.1,0.9791728491974441,0.22058823529411764,0.6098989135827626,0,1,0,0,0
512590455,Tayyare Apartmanları,,historic:building,historic,41.0101614,28.9576609,1.7537965835086846,15,12,0.82,0.1,0.979121446447794,0.22058823529411764,0.6098834927578676,0,1,0,0,0
1198136928,İhramcı Mehmet Sıddık Efendi Çeşmesi,,historic:building,historic,41.0269222,28.9560542,2.801550224141425,16,12,0.82,0.1,0.9664228960473019,0.23529411764705882,0.6097503982259552,0,1,0,0,0
308597552,Divan Meydanı,Second Courtyard,leisure:park,park,41.0119517,28.9836112,0.6043384662625005,44,12,0.45,0.1,0.9930526333881616,0.6470588235294118,0.6096804958988015,1,0,0,0,0
7321116,Yeni Valide Camii,,historic:yes,historic,41.0247806,29.015039,3.5844781163319803,9,1,0.82,0.29,0.9569339771704094,0.1323529411764706,0.6096684284452404,0,1,0,0,1
6373152085,Prison of Anemas,Prison of Anemas,tourism:attraction,attraction,41.038414,28.9407981,4.60843740847607,21,12,0.78,0.1,0.9445238091928574,0.3088235294117647,0.6095630251107983,0,0,0,1,0
1197813748,Cumhuriyet Çeşmesi,,historic:building,historic,41.0278007,28.956385,2.8568536992147053,16,12,0.82,0.1,0.9657526297382139,0.23529411764705882,0.6095493183332289,0,1,0,0,0
1317516482,Hacı Ahmet Paşa Türbesi,,historic:tomb,historic,41.0193401,29.0118496,3.067719094395448,6,1,0.82,0.35,0.9631969861741358,0.08823529411764706,0.6095179193816525,0,1,0,0,1
527862160,Sümbül Efendi Türbesi,,historic:tomb,historic,41.0038056,28.9290248,4.171903583156568,7,17,0.82,0.35,0.9498145059438529,0.10294117647058823,0.6091796459008029,0,1,0,0,1
319029239,Kamondo Merdivenleri,Camondo Stairs,tourism:attraction,attraction,41.023967,28.9737782,1.7955829929746434,18,12,0.78,0.1,0.9786150040876046,0.2647058823529412,0.6087609718145167,0,0,0,1,0
1416699707,Justinianus Cistern,,historic:ruins,historic,40.9715382,29.0406181,6.624919417767259,1,1,0.82,0.55,0.9200844778141508,0.014705882352941176,0.6082018139324805,0,1,0,0,0
403116671,Adile Sultan Sarayı,,historic:manor,historic,41.0721451,29.0581234,9.76033830384271,4,10,0.82,0.55,0.8820838704123579,0.058823529411764705,0.6078310434766485,0,1,0,0,0
12356372605,Caffè Nero,,historic:*,historic,41.0434829,29.0050623,4.516042981237578,17,10,0.82,0.1,0.9456436099222579,0.25,0.6071930829766774,0,1,0,0,0
4429796,Kız Kulesi,Maiden's Tower,tourism:attraction,attraction,41.0211108,29.0040638,2.5879303786166203,2,12,0.78,0.5,0.9690119229613996,0.029411764705882353,0.6070565180648904,0,0,0,1,0
103821246,Kız Kulesi,,tourism:attraction,attraction,41.0210907,29.0041377,2.5918550455502287,2,12,0.78,0.5,0.9689643568361878,0.029411764705882353,0.6070422482273268,0,0,0,1,0
928024994,Panayia Belgradu Kilisesi Bostanı,,historic:yes,historic,40.9999318,28.9224125,4.787292200326438,9,17,0.82,0.3,0.9423561273060067,0.1323529411764706,0.6067950734859197,0,1,0,0,1
5081610966,Panayia Belgradu Kilisesi,,historic:church,historic,41.0001135,28.9219792,4.819163701767459,9,17,0.82,0.3,0.9419698515139764,0.1323529411764706,0.6066791907483106,0,1,0,0,1
8204998817,Aynalıkavak Kasrı (Milli Saraylar),,tourism:attraction,attraction,41.0372674,28.9554478,3.76221927461676,1,12,0.78,0.55,0.9547797922845825,0.014705882352941176,0.60661040827361,0,0,0,1,0
4031869601,Panorama Zafer Müzesi,Panoramic Victory Museum,tourism:museum,museum,41.0607508,28.947846,6.380665847649549,6,12,0.85,0.35,0.9230447789291789,0.08823529411764706,0.6064722572081654,0,0,1,0,0
3195027800,Fransız Kültür Merkezi,French Institute in Istanbul,tourism:museum,museum,41.0362806,28.9841655,3.159664384801242,13,12,0.85,0.1,0.9620826288872447,0.19117647058823528,0.6064189063132323,0,0,1,0,0
1183739769,Ak Baba Türbesi,,historic:tomb,historic,41.0332258,28.9656161,2.982264902918656,5,12,0.82,0.35,0.9642326727280343,0.07352941176470588,0.6061521547595867,0,1,0,0,1
1327389168,Adalet Binası ve Sayfiye Sarayı,,historic:ruins,historic,40.9811984,28.8869445,8.241900302101241,2,17,0.82,0.55,0.9004870147655402,0.029411764705882353,0.6059990456061326,0,1,0,0,0
11757911880,Hazzopulo Pasajı,Passaggio Hazzopulo,tourism:attraction,attraction,41.0333902,28.9760307,2.8080700597783954,18,12,0.78,0.1,0.9663438770315446,0.2647058823529412,0.6050796336976986,0,0,0,1,0
4511219615,Molla Gurani Turbesi,,tourism:attraction,attraction,41.0110693,28.9418324,3.084847492082117,8,17,0.78,0.35,0.9629893936515536,0.11764705882352941,0.6048085828013484,0,0,0,1,1
9924403117,Cumaa Bazaar,Cumaa Bazaar,tourism:attraction,attraction,41.0110937,28.9404273,3.202408064440519,6,17,0.78,0.4,0.961564584616958,0.08823529411764706,0.604528198914499,0,0,0,1,0
1463718222,Mahmut Şevket Paşa Türbesi,Mahmut Sevket Pasha Tomb,historic:tomb,historic,41.0685592,28.9818153,6.7177558681770675,8,10,0.82,0.35,0.9189593198582979,0.11764705882352941,0.6035995606633717,0,1,0,0,1
48968788,Çadır Köşkü,,tourism:attraction,attraction,41.0476515,29.0132858,5.273309877990011,20,10,0.78,0.1,0.9364656968307531,0.29411764705882354,0.6034691208139318,0,0,0,1,0
9867832017,Rainbow stairs,,tourism:attraction,attraction,41.0165894,28.9666757,1.3557024455763134,16,12,0.78,0.1,0.983946262395579,0.23529411764705882,0.6030074081304384,0,0,0,1,0
23261420,İstanbul Surları,Theodosian Wall,historic:citywalls,historic,40.9971129,28.9212316,4.953252461975176,16,17,0.82,0.1,0.940344724371866,0.23529411764705882,0.6019269467233245,0,1,0,0,0
23272340,Porta Aurea,Golden Gate,historic:ruins,historic,40.9928118,28.9225786,4.987216982803761,16,17,0.82,0.1,0.939933081631775,0.23529411764705882,0.6018034539012972,0,1,0,0,0
708327980,Tarihî Galata Ceneviz Surları,Historical Galata Genoese Walls,historic:citywalls,historic,41.0248706,28.9688947,2.017955254762721,13,12,0.82,0.1,0.9759198997572756,0.19117647058823528,0.6015700875742415,0,1,0,0,0
225989448,Azapkapı Çeşmesi,Azapkapı Fountain,historic:building,historic,41.025396,28.9686201,2.0807258063431022,13,12,0.82,0.1,0.9751591340753459,0.19117647058823528,0.6013418578696627,0,1,0,0,0
5602054323,Çiçek Pasajı,,tourism:attraction,attraction,41.0340997,28.9779211,2.8801994467135286,17,12,0.78,0.1,0.9654696842634819,0.25,0.6011409052790445,0,0,0,1,0
9214457118,Istiklâl Caddesi,,tourism:attraction,attraction,41.0346417,28.9801102,2.9436854299165733,17,12,0.78,0.1,0.9647002477030499,0.25,0.6009100743109149,0,0,0,1,0
331050716,Hagios İoannes Studius Kilisesi,,historic:ruins,historic,40.9961223,28.9285841,4.3908368840597065,7,17,0.82,0.3,0.9471610810851373,0.10294117647058823,0.6008836184431883,0,1,0,0,1
685291099,santralistanbul Enerji Müzesi,,tourism:museum,museum,41.0665855,28.946664,7.016654559368392,5,12,0.85,0.35,0.9153367315440812,0.07352941176470588,0.6004833724044009,0,0,1,0,0
1352425761,Miniatürk Açıkhava Müzesi,Miniature Park,tourism:museum,museum,41.059005,28.9490675,6.161770723838955,4,12,0.85,0.35,0.9256977410896847,0.058823529411764705,0.5999152046798466,0,0,1,0,0
1087432624,Sinematek,,tourism:museum,museum,40.9864836,29.0326796,5.155778903902035,13,1,0.85,0.1,0.9378901471406311,0.19117647058823528,0.5991611617892482,0,0,1,0,0
4297528,TCG Uluçalireis,,tourism:attraction,attraction,41.0414334,28.947617,4.50825589527586,18,12,0.78,0.1,0.9457379877413588,0.2647058823529412,0.598897866910643,0,0,0,1,0
2446513068,Osmanlı Hamam Kalıntısı,,historic:ruins,historic,40.987487,29.028564,4.798740871727202,15,1,0.82,0.1,0.9422173718532331,0.22058823529411764,0.5988122703794994,0,1,0,0,0
880807812,İklim Müzesi,Climate Museum,tourism:museum,museum,40.9963286,29.0418136,5.4827657857362135,3,1,0.85,0.35,0.9339271359534178,0.04411764705882353,0.5987075525507312,0,0,1,0,0
991449719,Yirmiüç Nisan Parkı,,leisure:park,park,41.0039223,28.9733527,0.6368906413621741,39,12,0.45,0.15,0.9926581079767307,0.5735294117647058,0.5986797853341956,1,0,0,0,0
286321642,Müze Gazhane,,tourism:museum,museum,40.9967248,29.0429089,5.56173227668692,3,1,0.85,0.35,0.9329700789445946,0.04411764705882353,0.5984204354480842,0,0,1,0,0
324173876,Set Köşkü,,tourism:museum,museum,41.0501024,29.010636,5.387144952089316,13,10,0.85,0.1,0.9350860400395624,0.19117647058823528,0.5983199296589276,0,0,1,0,0
324022454,Büyük Mabeyn Köşkü,,tourism:museum,museum,41.0502671,29.010926,5.415206135893611,13,10,0.85,0.1,0.9347459444836823,0.19117647058823528,0.5982179009921637,0,0,1,0,0
2454858578,Alex de Souza Heykeli,Alex de Souza Statue,historic:memorial,historic,40.9875075,29.0338605,5.192067354843221,15,1,0.82,0.1,0.9374503388637979,0.22058823529411764,0.5973821604826688,0,1,0,0,0
23273457,İstanbul Surları,Theodosian Wall,historic:citywalls,historic,40.9902735,28.9210112,5.212335579182588,15,17,0.82,0.1,0.9372046923126234,0.22058823529411764,0.5973084665173164,0,1,0,0,0
10690434505,Can Bartu heykeli,,historic:monument,historic,40.9872304,29.0341218,5.22541958155826,15,1,0.82,0.1,0.9370461169976216,0.22058823529411764,0.5972608939228159,0,1,0,0,0
11989882769,Rumeli Han туннель,,tourism:attraction,attraction,41.0350636,28.9808937,2.994416983371255,16,12,0.78,0.1,0.9640853921077494,0.23529411764705882,0.5970491470440895,0,0,0,1,0
1071113095,Ataköy Baruthane-i Âmire Gözetleme Kulesi,,historic:building,historic,40.9745274,28.8589306,10.703440901504113,4,5,0.82,0.5,0.8706536683068267,0.058823529411764705,0.5969019828449891,0,1,0,0,0
1413624930,Tarihi Lokomotif 23004,Steam engine 23004,historic:locomotive,historic,41.0420565,28.9482884,4.533593563742608,14,12,0.82,0.1,0.9454309006098249,0.20588235294117646,0.5960998584182416,0,1,0,0,0
1413624929,Tarihi Lokomotif 56157,Steam engine 56157,historic:locomotive,historic,41.0421224,28.9483422,4.537169931899643,14,12,0.82,0.1,0.9453875557914139,0.20588235294117646,0.5960868549727183,0,1,0,0,0
1416555020,Tarihi Lokomotif 12,Steam engine 12,historic:locomotive,historic,41.0422779,28.9481002,4.562830902863404,14,12,0.82,0.1,0.9450765503026501,0.20588235294117646,0.5959935533260892,0,1,0,0,0
1416555021,Tarihi Lokomotif 4,Steam locomotive 4,historic:locomotive,historic,41.0423131,28.9480616,4.567884877589844,14,12,0.82,0.1,0.9450152972081272,0.20588235294117646,0.5959751773977323,0,1,0,0,0
531426146,Ilyas bey camii,,historic:mosque,historic,40.996128,28.9286854,4.382549881959492,6,17,0.82,0.29,0.947261517781091,0.08823529411764706,0.5957372788637391,0,1,0,0,1
10284693110,Vodina Caddesi,Vodina Street,tourism:attraction,attraction,41.0303242,28.9500978,3.419064509203824,16,12,0.78,0.1,0.9589387547684863,0.23529411764705882,0.5955051558423107,0,0,0,1,0
137519649,Zeyrek Molla Camii,Molla Zeyrek Mosque,tourism:attraction,attraction,41.0197178,28.9572467,2.1886518063915914,7,12,0.78,0.29,0.9738510939999027,0.10294117647058823,0.5953906223176179,0,0,0,1,1
698165879,"Atatürk Museum, Şişli","Atatürk Museum, Şişli",tourism:museum,museum,41.0564045,28.9872127,5.410833768898658,2,12,0.85,0.35,0.9347989366380416,0.029411764705882353,0.595292622167883,0,0,1,0,0
4479174,Fenerbahçe,,tourism:attraction,attraction,41.0414658,28.9477902,4.50290784256485,17,12,0.78,0.1,0.9458028049982611,0.25,0.5952408414994783,0,0,0,1,0
23272338,Porta Aurea,Golden Gate,historic:ruins,historic,40.9932181,28.922432,4.983477007204523,14,17,0.82,0.1,0.939978409337451,0.20588235294117646,0.5944641110365294,0,1,0,0,0
1478722718,İstanbul Surları,Theodosian Wall,historic:citywalls,historic,40.9931662,28.9223863,4.989024136636887,14,17,0.82,0.1,0.9399111793131941,0.20588235294117646,0.5944439420292523,0,1,0,0,0
314202173,Kemal Sunal Müzesi,,tourism:museum,museum,40.9708911,29.0578153,7.85115664782911,4,1,0.85,0.35,0.9052227444208918,0.058823529411764705,0.5937727056792086,0,0,1,0,0
9833781318,Çözüm Noktasi,,historic:monument,historic,41.0363872,28.9843486,3.1737575291403712,12,12,0.82,0.1,0.9619118229871252,0.17647058823529413,0.5936911939549611,0,1,0,0,0
2437773604,Süreyya İlmen Heykeli,,historic:memorial,historic,40.9869314,29.0337289,5.210946021852429,14,1,0.82,0.1,0.9372215334507565,0.20588235294117646,0.5936370482705211,0,1,0,0,0
5052980822,فندقنا,,tourism:attraction,attraction,41.0341556,28.9839572,2.9235470605649856,15,12,0.78,0.1,0.9649443204395001,0.22058823529411764,0.5936303549553795,0,0,0,1,0
9666685852,Lefter Heykeli,,historic:memorial,historic,40.9871874,29.0341115,5.2267830307033005,14,1,0.82,0.1,0.9370295922851173,0.20588235294117646,0.5935794659208293,0,1,0,0,0
2329194003,Cumhuriyet Anıtı,Republic Monument,historic:memorial,historic,41.0369723,28.9851248,3.24869698789324,12,12,0.82,0.1,0.9610035727486586,0.17647058823529413,0.593418718883421,0,1,0,0,0
5311889622,صرافی,Beer Corner Rock Pubصرافی,tourism:attraction,attraction,41.0357451,28.981708,3.0754261354019157,15,12,0.78,0.1,0.9631035784828009,0.22058823529411764,0.5930781323683697,0,0,0,1,0
9933672047,Kâğıthane Belediyesi Şehir Müzesi,,tourism:museum,museum,41.0810779,28.9722841,8.119878939781481,4,10,0.85,0.35,0.901965887621967,0.058823529411764705,0.5927956486395312,0,0,1,0,0
1114859805,Hafıza 15 Temmuz Müzesi,,tourism:museum,museum,41.0371844,29.041552,6.201199030007332,2,1,0.85,0.35,0.9252198784379426,0.029411764705882353,0.5924189047078534,0,0,1,0,0
1413624932,Tarihi Lokomotif 55022,Steam engine 55022,historic:locomotive,historic,41.0424627,28.9482926,4.570970693348069,13,12,0.82,0.1,0.9449778977800433,0.19117647058823528,0.5922874869810718,0,1,0,0,0
895151560,10 Aralık Şehitleri Parkı,,historic:memorial,historic,41.0386608,28.9931087,3.6048484655724518,10,12,0.82,0.15,0.95668709288724,0.14705882352941177,0.5922708337485248,0,1,0,0,0
1198409150,Nalıncı Kasım Sokak Çeşmesi,,historic:building,historic,41.0254339,28.9580439,2.566913553844861,11,12,0.82,0.1,0.9692666423899681,0.16176470588235295,0.5922211691875786,0,1,0,0,0
13234926,Anadolu Hisarı,Anadoluhisarı,historic:castle,historic,41.0820916,29.0670194,11.07886285901892,3,10,0.82,0.5,0.8661036343445736,0.04411764705882353,0.5918605020680778,0,1,0,0,0
746788646,Aşiyan Müzesi,Aşiyan Museum,tourism:museum,museum,41.0826576,29.0534519,10.400080949914386,6,10,0.85,0.35,0.8743303261444713,0.08823529411764706,0.5918579213727532,0,0,1,0,0
1478722712,İstanbul Surları,Theodosian Wall,historic:citywalls,historic,41.0029473,28.9211352,4.840621788430551,13,17,0.82,0.1,0.9417097840855064,0.19117647058823528,0.5913070528727108,0,1,0,0,0
11985288314,Ara Güler Müzesi,,tourism:museum,museum,41.0583124,28.9803794,5.574725214316331,1,12,0.85,0.35,0.9328126073148727,0.014705882352941176,0.5910202527826971,0,0,1,0,0
1478722719,İstanbul Surları,Theodosian Wall,historic:citywalls,historic,40.9942172,28.9220603,4.977035357952371,13,17,0.82,0.1,0.9400564807509193,0.19117647058823528,0.5908110618723347,0,1,0,0,0
5599994986,Surp Kevork Kilisesi,Church of St. George of Samatya,tourism:attraction,attraction,41.0018646,28.9331468,3.8621497322237897,7,17,0.78,0.3,0.9535686564762633,0.10294117647058823,0.5908058910605261,0,0,0,1,1
335415777,Enderûn Avlusu,Third Courtyard,leisure:park,park,41.0129778,28.9845531,0.740807584747565,39,12,0.45,0.1,0.9913986568120012,0.5735294117647058,0.5908019499847769,1,0,0,0,0
5103810789,Hamidiye Kültür Ve Eğitim Vakfı Topkapı Nusret,,tourism:museum,museum,41.0196249,28.9277844,4.43270817039724,10,17,0.85,0.1,0.946653610035388,0.14705882352941177,0.5907607888929693,0,0,1,0,0
1069354101,Haldun Taner Müze Evi,,tourism:museum,museum,40.9762221,29.0472216,6.782918353126741,2,1,0.85,0.35,0.9181695644546756,0.029411764705882353,0.5903038105128733,0,0,1,0,0
327560146,Şale Kasrı,,tourism:museum,museum,41.0520986,29.0126133,5.662446591265671,11,10,0.85,0.1,0.931749442957153,0.16176470588235295,0.5899660093577341,0,0,1,0,0
1467139675,Açık Hava Müzesi,,tourism:museum,museum,41.0720156,28.9651553,7.1823993399553885,2,12,0.85,0.35,0.9133279401943977,0.029411764705882353,0.5888513232347898,0,0,1,0,0
527404945,Eksarhhane,,historic:building,historic,41.0315389,28.9493431,3.560532017382515,11,12,0.82,0.1,0.9572241987765318,0.16176470588235295,0.5886084361035477,0,1,0,0,0
1416555019,Tarihi Lokomotif n°6,Zingal Forestry Co,historic:locomotive,historic,41.0426817,28.9484599,4.583579689588746,12,12,0.82,0.1,0.9448250794379709,0.17647058823529413,0.5885651708902148,0,1,0,0,0
1558808,Süleymaniye İmareti,,historic:building,historic,41.0168225,28.9622945,1.6568993607619331,9,12,0.82,0.1,0.980295820097285,0.1323529411764706,0.5881769813233031,0,1,0,0,0
10284693111,Kiremit Caddesi,Kiremit Street,tourism:attraction,attraction,41.0295336,28.9476369,3.5054723392412424,14,12,0.78,0.1,0.9578915103188611,0.20588235294117646,0.5878380413309524,0,0,0,1,0
1059149610,Baruthane Müze,,tourism:museum,museum,40.9756297,28.8594952,10.616546729128094,5,5,0.85,0.35,0.8717068071217484,0.07352941176470588,0.5873943950777011,0,0,1,0,0
457941565,Hasan Dede Türbesi,,historic:tomb,historic,41.0537902,28.9329222,6.344353406002866,3,17,0.82,0.35,0.9234848779682401,0.04411764705882353,0.5865748751551778,0,1,0,0,1
1661399,Fatih Camii,Fatih Mosque,tourism:attraction,attraction,41.0197482,28.9497619,2.7244019575292118,5,12,0.78,0.29,0.967357916565383,0.07352941176470588,0.5860897279107913,0,0,0,1,1
722961117,Çamlıca Televizyon Kulesi,Camlica TV Tower,tourism:attraction,attraction,41.0163724,29.0655409,7.3677556866550376,1,1,0.78,0.5,0.911081460851033,0.014705882352941176,0.5860009088435452,0,0,0,1,0
2437773517,Yunus Emre Heykeli,Yunus Emre Monument,historic:memorial,historic,40.9852779,29.0336422,5.290598568044939,12,1,0.82,0.1,0.9362561615988942,0.17647058823529413,0.5859944955384917,0,1,0,0,0
5115935414,Şeyh Seyyid Seyfullah Hz.,,historic:tomb,historic,41.0071684,28.9269866,4.315633757835599,11,17,0.82,0.1,0.9480725269170551,0.16176470588235295,0.5858629345457047,0,1,0,0,0
5076114611,Altınkapı,,tourism:attraction,attraction,40.9919043,28.9220657,5.062930926182984,15,17,0.78,0.1,0.9390154448050106,0.22058823529411764,0.5858516922650326,0,0,0,1,0
7506534954,Emin Baba Tekkesi,,historic:building,historic,41.0325687,28.9362445,4.455318842695083,11,17,0.82,0.1,0.9463795735151334,0.16176470588235295,0.5853550485251282,0,1,0,0,0
20383954,Fenerli Oda 1,,historic:building,historic,41.0312227,28.9499125,3.5022198783312772,10,12,0.82,0.1,0.9579309294506008,0.14705882352941177,0.5851439847175331,0,1,0,0,0
12280108139,15 Temmuz'da Tankın Altında Kalan Araç,,historic:memorial,historic,41.0463297,28.9329086,5.704252811607364,12,17,0.82,0.1,0.9312427604933798,0.17647058823529413,0.5844904752068374,0,1,0,0,0
13094040818,Tarihi Kemer Kalıntısı,,historic:ruins,historic,41.021825,28.952164,2.672210519986162,9,12,0.82,0.1,0.9679904656441095,0.1323529411764706,0.5844853749873504,0,1,0,0,0
1478722706,İstanbul Surları,Theodosian Wall,historic:citywalls,historic,41.0101518,28.9222699,4.714779471126289,11,17,0.82,0.1,0.9432349661004673,0.16176470588235295,0.5844116663007284,0,1,0,0,0
8916085610,Gate of Rhegion,Gate of Rhegion,historic:yes,historic,41.0140859,28.9220687,4.771620976113068,11,17,0.82,0.1,0.942546059197239,0.16176470588235295,0.5842049942297599,0,1,0,0,0
23261412,Rhegion Gate,,historic:city_gate,historic,41.014196,28.9220078,4.77837150165481,11,17,0.82,0.1,0.9424642442690945,0.16176470588235295,0.5841804497513166,0,1,0,0,0
9521568963,Colorful houses,,tourism:attraction,attraction,41.029576,28.9476317,3.508984829919896,13,12,0.78,0.1,0.9578489396818484,0.19117647058823528,0.5841487995516134,0,0,0,1,0
573564519,İstanbul Oyuncak Müzesi,İstanbul Toy Museum,tourism:museum,museum,40.9759534,29.0707066,8.536839707475778,2,14,0.85,0.35,0.8969124121500075,0.029411764705882353,0.5839266648214728,0,0,1,0,0
709297499,Khalkedon Kilisesi,,historic:archaeological_site,historic,40.9987048,29.0246596,4.022923933899311,2,1,0.82,0.3,0.9516201074816327,0.029411764705882353,0.5838389734209604,0,1,0,0,1
1206724765,Çavuşzade Ahmet Efendi Çeşmesi,,historic:building,historic,41.0048884,28.9312268,3.975472259525685,10,17,0.82,0.1,0.9521952116428145,0.14705882352941177,0.5834232693751973,0,1,0,0,0
1033389201,Rami Kütüphanesi F3 Kütüphaneler Kütüphanesi Hakkı Tarık Us Salonu,Rami Library F3 Library of Libraries Hakkı Tarık Us Hall,historic:building,historic,41.0503008,28.9154316,7.057948634263083,13,17,0.82,0.1,0.9148362561737687,0.19117647058823528,0.5832449944991894,0,1,0,0,0
3254396169,Yıldız Seramik Fabrikası,,tourism:museum,museum,41.0482849,29.0188194,5.600249428923794,9,10,0.85,0.1,0.9325032592839462,0.1323529411764706,0.5828392130793014,0,0,1,0,0
230152881,27 Mayıs Müzesi,,tourism:museum,museum,40.8655541,28.9947982,15.921220606133728,9,1,0.85,0.35,0.8074152924249823,0.1323529411764706,0.5828128230216123,0,0,1,0,0
6790724255,Zübeyde Hanim,,historic:memorial,historic,41.0187122,29.0131431,3.1406731755052553,9,1,0.82,0.1,0.9623127982887709,0.1323529411764706,0.5827820747807488,0,1,0,0,0
9431350551,Hasan Rıza Paşa Çeşmesi,,historic:fountain,historic,41.0523275,28.9157172,7.191805196797538,13,17,0.82,0.1,0.9132139432178779,0.19117647058823528,0.5827583006124221,0,1,0,0,0
808535276,Demokrasi ve Özgürlük Müzesi,,tourism:museum,museum,40.8650346,28.9932236,15.96791267306865,9,1,0.85,0.35,0.8068493945437607,0.1323529411764706,0.5826430536572459,0,0,1,0,0
2437539073,Lefter Küçükandonyadis Heykeli,Lefter Küçükandonyadis Statue,historic:memorial,historic,40.9864334,29.0339763,5.254746176357195,11,1,0.82,0.1,0.9366906849306863,0.16176470588235295,0.5824483819497941,0,1,0,0,0
230152867,Adnan Menderes Müzesi,,tourism:museum,museum,40.8640523,28.9943118,16.084148161077813,9,1,0.85,0.35,0.8054406452485364,0.1323529411764706,0.5822204288686785,0,0,1,0,0
4816001723,Atatürk Büstü,Atatürk Monument,historic:memorial,historic,40.9849088,29.0338966,5.329153756748374,11,1,0.82,0.1,0.9357888809443928,0.16176470588235295,0.582177840753906,0,1,0,0,0
9964513645,Yoğurtçu Çeşmesi,,historic:yes,historic,40.983629,29.0332419,5.352462874144978,11,1,0.82,0.1,0.9355063794186783,0.16176470588235295,0.5820930902961917,0,1,0,0,0
235271667,Barış Manço Evi,,tourism:museum,museum,40.9817446,29.0249322,4.889260487131219,8,1,0.85,0.1,0.9411202934429429,0.11764705882352941,0.5817478527387652,0,0,1,0,0
13313649957,Gezi Parkı olaylarının gerçekleştiği yer,Site of Gezi Park protests,tourism:attraction,attraction,41.0372496,28.9862711,3.296972963975768,10,12,0.78,0.15,0.9604184782267758,0.14705882352941177,0.5813902493503856,0,0,0,1,0
1156290681,Balaban Tekkesi Mescidi,,historic:building,historic,41.0252787,29.0139971,3.5391997587201924,9,1,0.82,0.1,0.9574827411965001,0.1323529411764706,0.5813330576530676,0,1,0,0,0
12997285701,Museum of Turkish & Islamic Arts,,tourism:museum,museum,41.0343138,29.0708259,8.279749541368139,1,14,0.85,0.35,0.9000282900674702,0.014705882352941176,0.5811849576084763,0,0,1,0,0
23276325,Romanus Gate,,historic:city_gate,historic,41.0217036,28.9263539,4.617664308007517,10,17,0.82,0.1,0.944411981140731,0.14705882352941177,0.5810883002245721,0,1,0,0,0
13388465311,İstanbul'un Fethi,Fall of Constantinople,historic:battlefield,historic,41.0216527,28.9263123,4.619130644532438,10,17,0.82,0.1,0.9443942094551517,0.14705882352941177,0.5810829687188984,0,1,0,0,0
560146795,Romanus Gate,,historic:city_gate,historic,41.0215794,28.9262264,4.623323056958689,10,17,0.82,0.1,0.94434339831174,0.14705882352941177,0.5810677253758749,0,1,0,0,0
10032971940,Müze Girişi,,tourism:museum,museum,41.0352023,29.0708351,8.315583525916383,1,14,0.85,0.35,0.8995939898262785,0.014705882352941176,0.5810546675361188,0,0,1,0,0
1281281311,Bakırköy Baruthanesi Su Kulesi,,historic:building,historic,40.9775772,28.8524452,11.106141517452107,0,5,0.82,0.5,0.865773022829101,0.0,0.5807319068487302,0,1,0,0,0
508953834,Adnan Menderes Anıt Mezarı,,historic:memorial,historic,41.02538,28.9269296,4.721973926070112,10,17,0.82,0.1,0.9431477708427605,0.14705882352941177,0.5807090371351811,0,1,0,0,0
963913184,İstanbul Surları,Theodosian Wall,historic:citywalls,historic,41.0166421,28.9232423,4.72220505349571,10,17,0.82,0.1,0.9431449696277142,0.14705882352941177,0.5807081967706672,0,1,0,0,0
4846342321,Ali Suavi Anıtı,,historic:memorial,historic,40.9896047,29.0290813,4.729217773661227,10,1,0.82,0.1,0.9430599769567152,0.14705882352941177,0.5806826989693674,0,1,0,0,0
10735111735,Silivrikapı Hypogeum,,historic:tomb,historic,41.0066029,28.9219004,4.744238434487324,10,17,0.82,0.1,0.9428779297548237,0.14705882352941177,0.5806280848088,0,1,0,0,0
1055512571,Silivrikapı,,historic:city_gate,historic,41.0060826,28.9218299,4.752683329548808,10,17,0.82,0.1,0.9427755794298939,0.14705882352941177,0.5805973797113211,0,1,0,0,0
23272303,Silivri Kapı,,historic:city_gate,historic,41.0061791,28.9217571,4.758262253974131,10,17,0.82,0.1,0.9427079640571114,0.14705882352941177,0.5805770950994863,0,1,0,0,0
23272305,Silivri Kapı,,historic:city_gate,historic,41.0059438,28.9217459,4.760516612684842,10,17,0.82,0.1,0.9426806417109047,0.14705882352941177,0.5805688983956243,0,1,0,0,0
23261419,Rhegion Gate,,historic:city_gate,historic,41.0139686,28.9219803,4.777203628942483,10,17,0.82,0.1,0.9424783986369951,0.14705882352941177,0.5805082254734514,0,1,0,0,0
8916085609,Gate of Rhegion,Gate of Rhegion,historic:yes,historic,41.014097,28.92199,4.778330861143472,10,17,0.82,0.1,0.942464736823414,0.14705882352941177,0.5805041269293771,0,1,0,0,0
1204746532,Cezayirli Gazi Hasan Paşa Çeşmesi,,historic:building,historic,41.0322939,28.9688975,2.7952166537582595,8,12,0.82,0.1,0.9664996575679559,0.11764705882352941,0.580361661976269,0,1,0,0,0
9401984424,Ahmet Hulusi Dörtışık Hayratı,,historic:memorial,historic,41.0526884,28.9194951,6.991806245768929,12,17,0.82,0.1,0.9156378877991141,0.17647058823529413,0.5798090133985577,0,1,0,0,0
3580821812,Muzeum Adama Mickiewicza,,tourism:museum,museum,41.0387821,28.9771474,3.402202216166211,6,12,0.85,0.1,0.9591431221595428,0.08823529411764706,0.5798017601772747,0,0,1,0,0
1388626967,Hastane Müze,,tourism:museum,museum,40.9876324,28.8642457,9.849331578417758,2,5,0.85,0.35,0.8810052909269995,0.029411764705882353,0.5791545284545704,0,0,1,0,0
6914442986,Fatih Sultan Mehmet Anıtı,Monument to Fatih Sultan Mehmet,historic:memorial,historic,41.0303472,28.9370228,4.256174738083906,9,17,0.82,0.1,0.9487931575403233,0.1323529411764706,0.5787261825562147,0,1,0,0,0
1198077308,Haraççı Çeşmesi,,historic:building,historic,41.0233848,28.9602523,2.2735936126825154,7,12,0.82,0.1,0.9728216174450488,0.10294117647058823,0.5785817793511617,0,1,0,0,0
1410069693,Tarihi Lokomotif 3407,Steam engine 3407,historic:locomotive,historic,40.9903911,29.0373344,5.327536345167765,10,1,0.82,0.1,0.9358084836273883,0.14705882352941177,0.5785072509705694,0,1,0,0,0
1209127312,Hasan Ağa Çeşmesi,,historic:building,historic,41.0215982,28.9299883,4.326394675896771,9,17,0.82,0.1,0.9479421068879033,0.1323529411764706,0.5784708673604886,0,1,0,0,0
23276390,İstanbul Surları,Theodosian Wall,historic:citywalls,historic,41.0289044,28.9342934,4.358106043523052,9,17,0.82,0.1,0.9475577718835145,0.1323529411764706,0.578355566859172,0,1,0,0,0
23276399,İstanbul Surları,Theodosian Wall,historic:citywalls,historic,41.0298461,28.9350374,4.362104504590835,9,17,0.82,0.1,0.9475093113891535,0.1323529411764706,0.5783410287108637,0,1,0,0,0
1033333873,Atatürk Kültür Merkezi,Ataturk Cultural Center,tourism:attraction,attraction,41.0365654,28.9882459,3.260453497516822,11,12,0.78,0.1,0.9608610863623562,0.16176470588235295,0.577699502379295,0,0,0,1,0
23276324,İstanbul Surları,Theodosian Wall,historic:citywalls,historic,41.0219965,28.926965,4.580006322171854,9,17,0.82,0.1,0.9448683878880522,0.1323529411764706,0.5775487516605332,0,1,0,0,0
12456058886,Düştepe Oyun Müzesi,,tourism:museum,museum,40.9936089,29.1124414,11.365004260204529,3,14,0.85,0.35,0.8626356616611969,0.04411764705882353,0.577320110263065,0,0,1,0,0
1204510205,Cezayirli Gazi Hasan Paşa Anıtı,,historic:memorial,historic,41.0305513,28.9671643,2.6581054991188062,7,12,0.82,0.1,0.9681614154852152,0.10294117647058823,0.5771837187632116,0,1,0,0,0
5482189629,Cezayirli Gazi Hasan Paşa Anıtı,,historic:memorial,historic,41.0305744,28.9670993,2.6624442285583068,7,12,0.82,0.1,0.9681088310108455,0.10294117647058823,0.5771679434209007,0,1,0,0,0
227308660,Lockheed F-104 Starfighter,,tourism:attraction,attraction,41.0423869,28.949316,4.517005863113352,12,12,0.78,0.1,0.9456319399995251,0.17647058823529413,0.576807229058681,0,0,0,1,0
1341105354,Rami Kütüphanesi Hünkar Kasrı,,historic:building,historic,41.0485089,28.9166151,6.852054287197029,11,17,0.82,0.1,0.917331651696151,0.16176470588235295,0.5766406719794335,0,1,0,0,0
12321576205,Rami Kütüphanesi Kasr-ı Hümayun Çeşmeleri,Rami Library Imperial Palace Fountains,historic:drinking_fountain,historic,41.0484792,28.9165314,6.855209176485588,11,17,0.82,0.1,0.9172934151116287,0.16176470588235295,0.5766292010040768,0,1,0,0,0
12321576206,Rami Kütüphanesi Kasr-ı Hümayun Çeşmeleri,Rami Library Imperial Palace Fountains,historic:drinking_fountain,historic,41.0485769,28.9166391,6.855479190948088,11,17,0.82,0.1,0.9172901425939985,0.16176470588235295,0.5766282192487877,0,1,0,0,0
83717058,Ayvalık Mezarlığı,,historic:yes,historic,41.0073821,28.9192992,4.959986143712623,9,17,0.82,0.1,0.9402631135870329,0.1323529411764706,0.5761671693702275,0,1,0,0,0
12382547352,Arkadyos Sütunu,Column of Arcadius,historic:ruins,historic,41.0077359,28.9430614,2.9657055050100873,7,17,0.82,0.1,0.964433369094803,0.10294117647058823,0.576065304846088,0,1,0,0,0
10284707909,Merdıvenli Yokuş,Merdıvenli Hill,tourism:attraction,attraction,41.0312533,28.9462049,3.72377629308825,11,12,0.78,0.1,0.955245713012083,0.16176470588235295,0.576014890374213,0,0,0,1,0
6457625186,Merdivenli Yokuş Evleri,,tourism:attraction,attraction,41.0313056,28.9462268,3.726450223982706,11,12,0.78,0.1,0.9552133055405995,0.16176470588235295,0.576005168132768,0,0,0,1,0
459849112,Fikret Otyam Müzesi,,tourism:museum,museum,40.9470515,29.1071746,12.770958124002753,4,16,0.85,0.35,0.8455958010414556,0.058823529411764705,0.5758846226653778,0,0,1,0,0
3383039241,Bayram Paşa Külliyesi,,historic:monument,historic,41.0087737,28.9423415,3.0263117791309213,7,17,0.82,0.1,0.9636988339935509,0.10294117647058823,0.5758449443157123,0,1,0,0,0
335402636,Sofa-ı Hümâyûn,Fourth Courtyard,leisure:park,park,41.0138142,28.9852351,0.847716719108335,35,12,0.45,0.1,0.9901029409315645,0.5147058823529411,0.5757073528677047,1,0,0,0,0
1125068709,İstanbul Basma Yazı ve Resimleri Derleme Müdürlüğü,Istanbul Printed Text and Pictures Compilation Directorate,historic:building,historic,41.0493772,28.9133961,7.120176808104622,11,17,0.82,0.1,0.9140820639942215,0.16176470588235295,0.5756657956688547,0,1,0,0,0
5113592202,Molla Gorani Hazretlerinin Kabri,,historic:tomb,historic,41.0112305,28.9411363,3.144814581230093,7,17,0.82,0.1,0.962262605335689,0.10294117647058823,0.5754140757183538,0,1,0,0,0
1214153093,Hacı Mahmut Efendi Kütüphanesi,,historic:building,historic,41.0456576,29.0174825,5.300601991198544,9,10,0.82,0.1,0.9361349222462763,0.1323529411764706,0.5749287119680004,0,1,0,0,0
1215080689,Yahya Efendi Külliyesi,,historic:yes,historic,41.0460998,29.0179819,5.365143621146025,9,10,0.82,0.1,0.9353526914727109,0.1323529411764706,0.5746940427359309,0,1,0,0,0
1215606084,Matnah-ı Şerif,,historic:building,historic,41.0464698,29.0183689,5.417545481861136,9,10,0.82,0.1,0.9347175921100701,0.1323529411764706,0.5745035129271386,0,1,0,0,0
1115735866,Mısırlı Osman Ağa Çeşmesi,,historic:fountain,historic,40.9910614,29.0267,4.479007951746552,8,1,0.82,0.1,0.9460924665717003,0.11764705882352941,0.5742395046773924,0,1,0,0,0
8680809215,İnadiye Çeşmesi,,historic:monument,historic,41.0168678,29.0182018,3.475832705546169,7,1,0.82,0.1,0.9582507363503753,0.10294117647058823,0.5742105150227597,0,1,0,0,0
1091782699,Halid Ağa Çeşmesi,,historic:fountain,historic,40.9910108,29.0279723,4.578206286620415,8,1,0.82,0.1,0.944890203934579,0.11764705882352941,0.573878825886256,0,1,0,0,0
10286582210,Yıldız Parkı,Yildiz Park,tourism:attraction,attraction,41.0468738,29.0174847,5.407607623250332,10,10,0.78,0.15,0.9348380368344292,0.14705882352941177,0.5737161169326817,0,0,0,1,0
6190558860,Selamiali efendi mezarı,,historic:tomb,historic,41.0236472,29.0296013,4.626446579339472,8,1,0.82,0.1,0.9443055418874421,0.11764705882352941,0.573703427272115,0,1,0,0,0
4473230,Taksim Meydanı,Istanbul Taksim Square,tourism:attraction,attraction,41.0378734,28.985615,3.3545925950842035,10,12,0.78,0.1,0.9597201406011042,0.14705882352941177,0.5736807480626842,0,0,0,1,0
917106133,Hasan Rıza Paşa Çeşmesi,,historic:fountain,historic,40.9895408,29.0278474,4.63948511616254,8,1,0.82,0.1,0.9441475176052297,0.11764705882352941,0.5736560199874513,0,1,0,0,0
10942957525,Taâvün Çeşmesi,,historic:drinking_fountain,historic,41.0511855,28.9224391,6.699331107259085,10,17,0.82,0.1,0.9191826240264349,0.14705882352941177,0.5735194930902834,0,1,0,0,0
2892392880,Boğa Heykeli,Bull Statue,historic:memorial,historic,40.9904912,29.0292074,4.696536928481552,8,1,0.82,0.1,0.9434560618220411,0.11764705882352941,0.5734485832524947,0,1,0,0,0
4814741923,Gezi Parkı Fıskiye,,tourism:attraction,attraction,41.0389482,28.9869652,3.493735064205557,8,12,0.78,0.15,0.9580337635860653,0.11764705882352941,0.5733218937817018,0,0,0,1,0
18146776,Nişancı Mehmet Paşa Medresesi,,historic:building,historic,41.0075896,28.9338364,3.7399448895664826,7,17,0.82,0.1,0.9550497530752032,0.10294117647058823,0.573250220040208,0,1,0,0,0
1151345518,Mihrimah Sultan Sıbyan Mektebi,,historic:building,historic,41.0265168,29.0162189,3.770379241168181,7,1,0.82,0.1,0.9546808952323547,0.10294117647058823,0.5731395626873534,0,1,0,0,0
399303787,Arif Sarıca Köşkü,Arif Sarıca Mansion,historic:manor,historic,40.981721,29.0233586,4.786047143136433,8,1,0.82,0.1,0.942371217133296,0.11764705882352941,0.5731231298458711,0,1,0,0,0
550086138,Kazım Karabekir Paşa Müzesi,,tourism:museum,museum,40.9682691,29.078593,9.509870697256616,0,14,0.85,0.35,0.8851194843225165,0.0,0.573035845296755,0,0,1,0,0
1151345448,DEVATI MUSTAFA EFENDİ,,historic:tomb,historic,41.0255639,29.0179768,3.8409885910129806,7,1,0.82,0.1,0.9538251249892576,0.10294117647058823,0.5728828316144243,0,1,0,0,0
1037084486,Havacılık Müzesi,Turkish Air Force Museum,tourism:museum,museum,40.9641579,28.8262655,13.676658973222304,4,5,0.85,0.35,0.8346189001407462,0.058823529411764705,0.572591552395165,0,0,1,0,0
1035582478,Belgrad Kapı,Belgrade Gate,historic:city_gate,historic,40.99983,28.920538,4.943877010678096,8,17,0.82,0.1,0.940458352839672,0.11764705882352941,0.5725492705577839,0,1,0,0,0
23272324,Belgrad Kapı,Belgrade Gate,historic:city_gate,historic,40.9999262,28.9204746,4.947098245774724,8,17,0.82,0.1,0.9404193121581225,0.11764705882352941,0.5725375583533191,0,1,0,0,0
13565832354,Belgrad Kapı,Belgrade Gate,historic:city_gate,historic,40.9998307,28.9204773,4.948865001651164,8,17,0.82,0.1,0.9403978994541505,0.11764705882352941,0.5725311345421275,0,1,0,0,0
23272326,Belgrad Kapı,Belgrade Gate,historic:city_gate,historic,40.999741,28.9204761,4.950852434732284,8,17,0.82,0.1,0.9403738121895786,0.11764705882352941,0.5725239083627559,0,1,0,0,0
498879789,Malta Köşkü,Malta Kiosk,tourism:attraction,attraction,41.0511942,29.015947,5.724946051419094,12,10,0.78,0.1,0.9309919628454327,0.17647058823529413,0.5724152359124532,0,0,0,1,0
908038645,Dolmabahçe Gazhanesi,,historic:building,historic,41.0423198,28.9939247,4.0112539169427235,7,12,0.82,0.1,0.9517615455952797,0.10294117647058823,0.572263757796231,0,1,0,0,0
8615579901,Mehmed Kemal Bey sepulchral monument,,historic:memorial,historic,40.9915271,29.0347446,5.078910416168083,8,1,0.82,0.1,0.9388217767984481,0.11764705882352941,0.5720582977454167,0,1,0,0,0
83699654,Balıklı Rum Ortodoks Mezarlığı,,historic:yes,historic,41.007474,28.9171372,5.141196090964875,8,17,0.82,0.1,0.9380668877196012,0.11764705882352941,0.5718318310217627,0,1,0,0,0
4895209121,Laleli,,tourism:attraction,attraction,41.0086939,28.9557286,1.9031324351549301,8,12,0.78,0.1,0.9773115278131186,0.11764705882352941,0.5716052230498179,0,0,0,1,0
9698150917,ARTER,,tourism:museum,museum,41.0408994,28.9787641,3.636140694435477,4,12,0.85,0.1,0.9563078377551644,0.058823529411764705,0.5715982336794904,0,0,1,0,0
936748766,Şehid Süleyman Paşa Çeşmesi,,historic:monument,historic,41.0155546,29.0159045,3.2513386420780654,6,1,0.82,0.1,0.9609715564640037,0.08823529411764706,0.5713502904686129,0,1,0,0,0
5310063279,Balerin Heykeli,,historic:memorial,historic,41.1046962,29.0235944,11.379404006474605,14,10,0.82,0.1,0.8624611398111421,0.20588235294117646,0.5712089301786367,0,1,0,0,0
23276385,İstanbul Surları,Theodosian Wall,historic:citywalls,historic,41.0267324,28.9319129,4.411100100158062,7,17,0.82,0.1,0.9469154952327745,0.10294117647058823,0.5708099426874794,0,1,0,0,0
5076115936,Imrahor ilyasbey mezarlığı,,historic:cemetery,historic,40.9962681,28.9281396,4.421468859299881,7,17,0.82,0.1,0.9467898280859885,0.10294117647058823,0.5707722425434436,0,1,0,0,0
247218350,Atatürk Anıtı,,historic:memorial,historic,41.1064864,29.0221151,11.52723891536133,14,10,0.82,0.1,0.8606694122822198,0.20588235294117646,0.5706714119199601,0,1,0,0,0
549715676,Rainbow Stairs,,historic:memorial,historic,41.1067877,29.0232754,11.590222527627068,14,10,0.82,0.1,0.859906064350278,0.20588235294117646,0.5704424075403776,0,1,0,0,0
697208577,Başaran Apartmanı,,historic:building,historic,41.0500061,28.988623,4.727065886911693,7,12,0.82,0.1,0.943086057364633,0.10294117647058823,0.569661111327037,0,1,0,0,0
697211997,Vedat Tek Evi,,historic:building,historic,41.0503301,28.9892729,4.772616695536687,7,12,0.82,0.1,0.942533991290438,0.10294117647058823,0.5694954915047784,0,1,0,0,0
2446138465,Atatürk Anıtı,Atatürk Statue,historic:memorial,historic,40.980354,29.0239767,4.921271813524672,7,1,0.82,0.1,0.9407323230023454,0.10294117647058823,0.5689549910183507,0,1,0,0,0
554083364,Sabancı Üniversitesi Sakıp Sabancı Müzesi,Sakıp Sabancı Museum,tourism:museum,museum,41.106019,29.0556289,12.658597931334706,2,10,0.85,0.35,0.846957582584627,0.029411764705882353,0.5689402159518586,0,0,1,0,0
361216017,Bayer Apartmanı,,historic:building,historic,41.0513904,28.991516,4.926968187550327,7,12,0.82,0.1,0.9406632841654857,0.10294117647058823,0.5689342793672928,0,1,0,0,0
9033978485,Nişan Taşı,,historic:memorial,historic,41.051731,28.9915153,4.963878479755584,7,12,0.82,0.1,0.940215939305312,0.10294117647058823,0.5688000759092406,0,1,0,0,0
1020633910,Rami Kütüphanesi F2 Çalışma Salonu,,historic:building,historic,41.0490853,28.9140518,7.057199832480208,9,17,0.82,0.1,0.9148453314914876,0.1323529411764706,0.568541834741564,0,1,0,0,0
132474437,Tarihi Moda İskelesi,Historical Moda Pier,historic:building,historic,40.9789898,29.0251041,5.090623076289894,7,1,0.82,0.1,0.9386798218587441,0.10294117647058823,0.5683392406752703,0,1,0,0,0
246431596,ITU Monument,,historic:memorial,historic,41.1039595,29.0214837,11.244099712946076,13,10,0.82,0.1,0.8641009989575512,0.19117647058823528,0.5680244173343242,0,1,0,0,0
246431585,ITU Monument,,historic:memorial,historic,41.1041969,29.021495,11.269402798269507,13,10,0.82,0.1,0.8637943309663301,0.19117647058823528,0.5679324169369578,0,1,0,0,0
549714793,ITU Monument,,historic:memorial,historic,41.1043794,29.0212953,11.283276012647455,13,10,0.82,0.1,0.8636261905703789,0.19117647058823528,0.5678819748181724,0,1,0,0,0
246431502,ITU Monument,,historic:memorial,historic,41.1043722,29.021508,11.288215271225209,13,10,0.82,0.1,0.8635663278110829,0.19117647058823528,0.5678640159903837,0,1,0,0,0
1386905910,Zeyrek Sarnıcı,,tourism:attraction,attraction,41.0199311,28.9584063,2.1249977056478544,7,12,0.78,0.1,0.9746225681090303,0.10294117647058823,0.5671220645503561,0,0,0,1,0
9393846207,İslambey Çeşmesi,,historic:fountain,historic,41.0514574,28.9267588,6.473051899689785,8,17,0.82,0.1,0.921925079705393,0.11764705882352941,0.5669892886175002,0,1,0,0,0
1000248300,Güneş Saati Heykeli,,historic:memorial,historic,41.1079759,29.0225309,11.695356800002127,13,10,0.82,0.1,0.8586318594181267,0.19117647058823528,0.5663836754724968,0,1,0,0,0
1463718219,Talat Paşa Anıt Mezarı,Talat Pasha Mausoleum,historic:tomb,historic,41.0679868,28.9814727,6.652991289801803,8,10,0.82,0.1,0.9197442527192023,0.11764705882352941,0.5663350405216431,0,1,0,0,0
1463718217,Eyüp Sabri Akgöl Mezarı,Eyüp Sabri Akgöl Tomb,historic:tomb,historic,41.0680969,28.9813307,6.664774822252435,8,10,0.82,0.1,0.9196014388220063,0.11764705882352941,0.5662921963524842,0,1,0,0,0
312484207,Ihlamur Kasrı (Merasim Köşkü),Ceremony Pavilion,tourism:museum,museum,41.0507255,29.0011953,5.100601227438134,4,10,0.85,0.1,0.9385588887974349,0.058823529411764705,0.5662735489921716,0,0,1,0,0
4651286997,Kuzguncuk Gazhanesi,,historic:ruins,historic,41.035972,29.0350237,5.665815401384128,7,1,0.82,0.1,0.9317086136978501,0.10294117647058823,0.5662478782270021,0,1,0,0,0
2450994883,Atatürk Anıtı,Atatürk Monument,historic:memorial,historic,40.9812845,29.0211319,4.671098372522888,6,1,0.82,0.1,0.9437643716884347,0.08823529411764706,0.5661881350359422,0,1,0,0,0
9534796,Mihrimah Sultan Tıp Merkezi,,historic:yes,historic,41.0272561,29.0163208,3.8225116378810773,5,1,0.82,0.1,0.9540490617158829,0.07352941176470588,0.5655970714559414,0,1,0,0,0
1028142345,Sinekli Kemer,,historic:aqueduct,historic,41.0528731,28.9219826,6.860795604827993,8,17,0.82,0.1,0.9172257087929735,0.11764705882352941,0.5655794773437743,0,1,0,0,0
12312742216,İBB Bulgur Palas Kütüphanesi,,historic:building,historic,41.0069951,28.9440457,2.885792029947868,4,12,0.82,0.1,0.9654019033488508,0.058823529411764705,0.5653264533575963,0,1,0,0,0
1209175967,Arpa Emini Çeşmesi,,historic:building,historic,41.0206865,28.9325394,4.090617459402082,5,17,0.82,0.1,0.950799676406953,0.07352941176470588,0.5646222558632624,0,1,0,0,0
236166952,Kadıköy Şehremaneti,,historic:building,historic,40.9906625,29.0222356,4.163624578753861,5,1,0.82,0.1,0.9499148457094204,0.07352941176470588,0.5643568066540026,0,1,0,0,0
1204011157,Yakup Kethüda Çeşmesi,,historic:building,historic,41.0256892,28.9333602,4.249822827238545,5,17,0.82,0.1,0.9488701413434629,0.07352941176470588,0.5640433953442153,0,1,0,0,0
410544757,Şairler Sofrası Parkı,,leisure:park,park,41.04156,29.0005224,4.147792767501916,33,12,0.45,0.15,0.9501067238812706,0.4852941176470588,0.5638555465761458,1,0,0,0,0
4591595605,cuma pazar,,tourism:attraction,attraction,41.0113817,28.9408685,3.1689859117117516,7,17,0.78,0.1,0.9619696539714896,0.10294117647058823,0.5633261903090939,0,0,0,1,0
331247378,Esekapı Medresesi,,historic:building,historic,41.0047653,28.9365558,3.5319295929399894,4,17,0.82,0.1,0.9575708540533775,0.058823529411764705,0.5629771385689544,0,1,0,0,0
13428973191,Validebağ Su Terazisi,Validebağ Water Balance Tower,historic:yes,historic,41.0170792,29.0436556,5.563507131142355,6,1,0.82,0.1,0.9329485680875745,0.08823529411764706,0.5629433939556842,0,1,0,0,0
249895823,250. Yıl Heykeli,,historic:memorial,historic,41.1078558,29.0221083,11.671515867821299,12,10,0.82,0.1,0.8589208064254691,0.17647058823529413,0.5627938889864642,0,1,0,0,0
1463718220,Enver Paşa Anıt Mezarı,Enver Pasha Mausoleum,historic:tomb,historic,41.0676852,28.9820829,6.621670157494973,7,10,0.82,0.1,0.9201238581548452,0.10294117647058823,0.5627724515641006,0,1,0,0,0
915140738,Sultan Abdülaziz Av Köşkü,Hunting Pavilion of Sultan Abdülaziz,historic:building,historic,41.0169607,29.0443495,5.618518750343052,6,1,0.82,0.1,0.9322818390093431,0.08823529411764706,0.5627433752322147,0,1,0,0,0
5115933169,Tarihi Hacı Kadın Hamamı,,tourism:attraction,attraction,40.9997863,28.9274893,4.373406459586793,8,17,0.78,0.1,0.9473723341078781,0.11764705882352941,0.5626234649382458,0,0,0,1,0
1044162287,Abide-i Hürriyet,Monument of Liberty,historic:memorial,historic,41.0681307,28.9820591,6.67106186163747,7,10,0.82,0.1,0.919525241247114,0.10294117647058823,0.5625928664917812,0,1,0,0,0
1463718218,Ahmed Şefik Midhat Paşa Anıt Mezarı,Ahmed Sefik Midhat Pasha Monumental Tomb,historic:tomb,historic,41.0683652,28.9823686,6.698349300646786,7,10,0.82,0.1,0.9191945233129335,0.10294117647058823,0.562493651111527,0,1,0,0,0
6271889966,Atatürk Büstü,Ataturk Monument,historic:memorial,historic,41.0166351,29.0456912,5.723390169099218,6,1,0.82,0.1,0.9310108198069263,0.08823529411764706,0.5623620694714897,0,1,0,0,0
5586475050,Buharizade Mustafa Efendi (Itri),,historic:tomb,historic,41.0345631,28.9332608,4.788906983404359,5,17,0.82,0.1,0.9423365564799026,0.07352941176470588,0.5620833198851473,0,1,0,0,0
2457038212,Osman Hamdi Bey Heykeli,,historic:memorial,historic,40.9800644,29.0387997,5.956885534593825,6,1,0.82,0.1,0.9281809058347601,0.08823529411764706,0.5615130952798398,0,1,0,0,0
8513106258,Kadife sokak,,tourism:attraction,attraction,40.986833,29.026761,4.702894963074317,8,1,0.78,0.1,0.9433790038003906,0.11764705882352941,0.5614254658459996,0,0,0,1,0
2457038208,Fazıl Hüsnü Dağlarca Heykeli,,historic:memorial,historic,40.9790323,29.0397211,6.0832680536391095,6,1,0.82,0.1,0.9266491766900458,0.08823529411764706,0.5610535765364255,0,1,0,0,0
25302502,Kadırga Parkı,,leisure:park,park,41.0046447,28.9688046,0.8969848772888249,29,12,0.45,0.15,0.9895058213745124,0.4264705882352941,0.5609693934711771,1,0,0,0,0
236509904,Atatürk Anıtı,Atatürk Monument,historic:memorial,historic,40.9915809,29.0226636,4.148887775883372,4,1,0.82,0.1,0.9500934526135014,0.058823529411764705,0.5607339181369915,0,1,0,0,0
822870615,Yeni Cami Meydani,New Mosque Square,leisure:park,park,41.0165011,28.9715333,1.0880942588654212,25,12,0.45,0.25,0.987189616476869,0.36764705882352944,0.560568649648943,1,0,0,0,1
11269449054,1923,,historic:memorial,historic,41.0258266,29.0094982,3.2632652299638374,3,1,0.82,0.1,0.9608270087654799,0.04411764705882353,0.5602775143943498,0,1,0,0,0
3325490,Maçka Silahhanesi,,historic:building,historic,41.0447085,28.995223,4.297861361172717,4,12,0.82,0.1,0.9482879245697179,0.058823529411764705,0.5601922597238564,0,1,0,0,0
6394103487,1453,1453,historic:memorial,historic,41.025896,29.0099698,3.2995806549715008,3,1,0.82,0.1,0.9603868735687207,0.04411764705882353,0.560145473835322,0,1,0,0,0
5667641577,belgradkapı tesisleri,,tourism:attraction,attraction,41.0019893,28.9185699,5.067828224357373,8,17,0.78,0.1,0.9389560905968437,0.11764705882352941,0.5600985918849355,0,0,0,1,0
6822252690,Altıntepsi Su Terazisi,,historic:ruins,historic,41.0346712,28.8968447,7.448187987096123,7,17,0.82,0.1,0.9101066385441767,0.10294117647058823,0.5597672856809001,0,1,0,0,0
1120989069,Evrensel Değerler Çocuk Müzesi,,tourism:museum,museum,40.9901826,29.1457921,14.18985760356419,1,14,0.85,0.35,0.8283990423229062,0.014705882352941176,0.5596961832851071,0,0,1,0,0
5112723898,Hacı Beşir Ağa Çeşmesi,,tourism:attraction,attraction,41.0036705,28.9287438,4.197102016725039,7,17,0.78,0.1,0.9495091063095558,0.10294117647058823,0.5595880260105137,0,0,0,1,0
697224096,İzmir Palas,,historic:building,historic,41.0468379,28.9941061,4.493817441772987,4,12,0.82,0.1,0.94591297871481,0.058823529411764705,0.5594797759673841,0,1,0,0,0
237615662,Khalkedon,,historic:archaeological_site,historic,41.0015968,29.0325948,4.606581103847181,4,1,0.82,0.1,0.9445463072085879,0.058823529411764705,0.5590697745155174,0,1,0,0,0
1243524836,Sanat Evi ve Kent Müzesi,,tourism:museum,museum,40.9559888,28.8211794,14.418050219421389,1,5,0.85,0.35,0.8256333965440638,0.014705882352941176,0.5588664895514543,0,0,1,0,0
2532890476,Vecihi Hürkuş Heykeli,,historic:memorial,historic,40.9843724,29.0392821,5.755609133267173,5,1,0.82,0.1,0.9306203328408382,0.07352941176470588,0.5585684527934279,0,1,0,0,0
936365265,Hâfız İsa Ağa Çeşmesi,,historic:monument,historic,41.0094219,29.022952,3.7407718943904826,3,1,0.82,0.1,0.9550397299533244,0.04411764705882353,0.5585413307507031,0,1,0,0,0
6395643585,Canfeda Tekkesi Haziresi,Ibrahim Pasha,historic:memorial,historic,41.0320931,28.9896659,2.8199042517399326,2,12,0.82,0.1,0.9662004491518934,0.029411764705882353,0.5582130759220385,0,1,0,0,0
2459760384,Aslı Nemutlu Heykeli,,historic:memorial,historic,40.9796099,29.0392155,6.013190312855843,5,1,0.82,0.1,0.9274985039448301,0.07352941176470588,0.5576319041246255,0,1,0,0,0
4889905033,Bükücüler Han,Bükücüler Han,historic:monument,historic,41.0096327,29.0143802,3.0232498745247676,2,1,0.82,0.1,0.9637359436235774,0.029411764705882353,0.5574737242635438,0,1,0,0,0
13325707342,250. Yıl Anıtı,,historic:monument,historic,41.1029173,29.0233877,11.187244492656626,10,10,0.82,0.1,0.8647900720873192,0.14705882352941177,0.5572017275085487,0,1,0,0,0
2436912685,Sadun Oda Boro Heykeli,,historic:memorial,historic,40.9766053,29.0411538,6.331089080768177,5,1,0.82,0.1,0.9236456387577894,0.07352941176470588,0.5564760445685133,0,1,0,0,0
499172523,Nemlizade Tütün Deposu,,historic:building,historic,41.0312435,29.0200403,4.332366680825739,3,1,0.82,0.1,0.9478697274633501,0.04411764705882353,0.5563903300037109,0,1,0,0,0
226765777,Valide Kemeri,,historic:aqueduct,historic,41.0751644,28.9095266,9.423854641512081,8,3,0.82,0.1,0.8861619805513666,0.11764705882352941,0.5562603588712923,0,1,0,0,0
1112132469,Sadberk Hanım Müzesi,Sadberk Hanım Museum,tourism:museum,museum,41.1630055,29.0481636,18.179525024990934,4,15,0.85,0.35,0.7800451250780152,0.058823529411764705,0.5562194198763457,0,0,1,0,0
444944498,Eski Tekel Fabrikası,,historic:ruins,historic,41.0311863,29.0209277,4.388912978030352,3,1,0.82,0.1,0.9471843984154067,0.04411764705882353,0.5561847312893278,0,1,0,0,0
1067146462,Damatrys Sarayı,,historic:ruins,historic,40.9850781,29.2278533,21.092462379726143,1,2,0.82,0.55,0.7447409463301915,0.014705882352941176,0.5555987544872927,0,1,0,0,0
1273189833,Osman Hamdi Bey Anıtı,,historic:memorial,historic,41.0713691,28.9438643,7.597862220232282,6,3,0.82,0.1,0.9082926187980972,0.08823529411764706,0.5555466091688409,0,1,0,0,0
10287369209,Kuzguncuk Bostani,Market garden Kuzguncuk Bostani,tourism:attraction,attraction,41.0346796,29.0316292,5.348883128440304,7,1,0.78,0.1,0.9355497651722456,0.10294117647058823,0.5554002236693207,0,0,0,1,0
4504321792,Tombili Heykeli,Tombili Cat,historic:memorial,historic,40.9889806,29.0418274,5.73593098942435,4,1,0.82,0.1,0.9308588277423928,0.058823529411764705,0.554963530675659,0,1,0,0,0
1112073568,Ural Ataman Classic Car Museum,,tourism:museum,museum,41.1281086,29.0478419,14.548734374740752,0,15,0.85,0.35,0.8240495324862243,0.0,0.5547148597458673,0,0,1,0,0
13486222,Khalkedon Limanı,,historic:archaeological_site,historic,40.998833,29.02443,4.000596851283628,2,1,0.82,0.1,0.9518907069554938,0.029411764705882353,0.5539201532631187,0,1,0,0,0
1134505177,Balıkhane Parkı,,leisure:park,park,41.0023174,28.9725183,0.8194280789002727,27,12,0.45,0.15,0.9904457932104901,0.39705882352941174,0.5538984438454999,1,0,0,0,0
948268096,Su Terazisi,,historic:bridge,historic,41.0292488,28.9254889,5.018276602464445,3,17,0.82,0.1,0.9395566456735633,0.04411764705882353,0.5538964054667748,0,1,0,0,0
1285356774,Devr-i Âlem–Round Voyage,,historic:memorial,historic,41.0672335,28.945589,7.11774219394234,5,12,0.82,0.1,0.9141115709980119,0.07352941176470588,0.5536158242405801,0,1,0,0,0
236999659,Atatürk Anıtı,Atatürk Monument,historic:memorial,historic,40.9933768,29.0364253,5.140824575495221,3,1,0.82,0.1,0.9380713904077648,0.04411764705882353,0.5534508288870352,0,1,0,0,0
5209904925,Abdulmecit Efendi Köşkü,,tourism:museum,museum,41.0282408,29.0415462,5.74736747242061,1,1,0.85,0.1,0.9307202200104792,0.014705882352941176,0.552892536591379,0,0,1,0,0
13422218469,15 Temmuz Darbe Girişiminin başlangıç ​​noktası,Starting point of 2016 Turkish coup d'etat,historic:battlefield,historic,41.0510031,29.0282822,6.337238293411522,4,10,0.82,0.1,0.9235711116135766,0.058823529411764705,0.5527772158370141,0,1,0,0,0
83658831,Balıklı Ermeni Mezarlığı,,historic:yes,historic,41.0077594,28.9133027,5.462523058165609,3,17,0.82,0.1,0.9341724734891991,0.04411764705882353,0.5522811538114656,0,1,0,0,0
2454972018,2. Abdülhamit Anıtı,,historic:memorial,historic,41.0017691,29.0071158,2.513512797025742,0,1,0.82,0.1,0.969913848160098,0.0,0.5519741544480293,0,1,0,0,0
10287313309,Kuzguncuk,,tourism:attraction,attraction,41.0338266,29.0314079,5.281646434105268,6,1,0.78,0.1,0.9363646595507183,0.08823529411764706,0.5519682213946273,0,0,0,1,0
8494761225,Kuzcunkuk,,tourism:attraction,attraction,41.0361138,29.0303873,5.353041178022354,6,1,0.78,0.1,0.9354993704991681,0.08823529411764706,0.5517086346791622,0,0,0,1,0
880806754,İBB Afife Batur Kütüphanesi,,historic:building,historic,40.9970443,29.0437256,5.620500632210438,3,1,0.82,0.1,0.9322578190242962,0.04411764705882353,0.5517067574719947,0,1,0,0,0
5293044482,Fatih Sultan Mehmet Heykeli,,historic:memorial,historic,41.0353157,28.9184913,5.860927164983657,3,17,0.82,0.1,0.9293439007847064,0.04411764705882353,0.5508325820001178,0,1,0,0,0
560719530,Turgut Özal Anıt Mezarı,,historic:memorial,historic,41.0267008,28.9251968,4.9148808283935885,2,17,0.82,0.1,0.9408097803774846,0.029411764705882353,0.5505958752897159,0,1,0,0,0
4580125160,Saat Kulesi,Clock Tower,historic:monument,historic,40.8741241,29.1286022,19.530343776449424,0,16,0.82,0.5,0.7636734902469813,0.0,0.5501020470740943,0,1,0,0,0
230687140,Küçüksu Kasrı,Kucuksu Pavilion,tourism:museum,museum,41.0784115,29.0648848,10.656379266237028,5,10,0.85,0.1,0.8712240452773211,0.07352941176470588,0.5497495665243728,0,0,1,0,0
12351753235,Yedikule hisarı,,leisure:park,park,40.9931733,28.9230996,4.932398009200577,14,17,0.45,0.54,0.9405974758864997,0.20588235294117646,0.549649831001244,1,0,0,0,0
812985231,Sarıgazi Türbesi,,historic:tomb,historic,41.0060072,29.2111751,19.533895168784078,6,2,0.82,0.35,0.7636304481302043,0.08823529411764706,0.549647957968473,0,1,0,0,1
338274455,Bahariye Mevlevihanesi,,historic:heritage,historic,41.0557947,28.9398181,6.203347691622298,3,12,0.82,0.1,0.9251938371179671,0.04411764705882353,0.5495875629000959,0,1,0,0,0
9967219116,Sait Faik Abasıyanık Museum,Sait Faik Abasıyanık Museum,tourism:museum,museum,40.8810298,29.0674547,15.997060249967781,0,16,0.85,0.35,0.8064961321355459,0.0,0.5494488396406638,0,0,1,0,0
884689846,Baba-Oğul Çeşmesi,,historic:building,historic,41.0013689,29.0403952,5.2574201616463725,2,1,0.82,0.1,0.9366582767999503,0.029411764705882353,0.5493504242164556,0,1,0,0,0
6834315797,Sadrazam Bahir Mustafa Paşa Çeşmesi,,historic:yes,historic,41.0425394,28.9181886,6.331864848786014,3,17,0.82,0.1,0.9236362366150608,0.04411764705882353,0.5491202827492241,0,1,0,0,0
7004127456,Peace Pole,,historic:memorial,historic,41.0830989,29.0522193,10.377179504923008,7,10,0.82,0.1,0.8746078867676836,0.10294117647058823,0.5491176601479522,0,1,0,0,0
1305292364,Edirnekapı Hava Şehitliği Anıtı,,historic:memorial,historic,41.0355696,28.9260537,5.342923578092164,2,17,0.82,0.1,0.9356219936499385,0.029411764705882353,0.5490395392714521,0,1,0,0,0
24805007,Ihlamur Kasırları,Ihlamur Pavilions,tourism:attraction,attraction,41.0513093,29.0013042,5.164228448884389,5,10,0.78,0.1,0.9377877404596533,0.07352941176470588,0.5487186750790725,0,0,0,1,0
1087439794,Cemil Topuzlu Köşkü,,historic:building,historic,40.970013,29.052131,7.5052072190885895,4,1,0.82,0.1,0.9094155776275892,0.058823529411764705,0.5485305556412179,0,1,0,0,0
4889959134,Selimiye Hamami,Selimiye Hamami,tourism:attraction,attraction,41.0103358,29.0166858,3.2212587328859525,3,1,0.78,0.1,0.9613361185405311,0.04411764705882353,0.5484302473268652,0,0,0,1,0
4731261022,Aya Nikola Rum Ortodoks Kilisesi,,tourism:attraction,attraction,41.1206302,29.0684655,14.605075328213918,6,15,0.78,0.3,0.8233666921604597,0.08823529411764706,0.5480688311775497,0,0,0,1,1
5482303122,Kristal Istanbul,Crystal Istanbul,tourism:attraction,attraction,41.0606675,28.9478424,6.3723064217530245,6,12,0.78,0.1,0.9231460933860794,0.08823529411764706,0.5480026515452356,0,0,0,1,0
9482768500,Mermer Anıtı,,historic:memorial,historic,40.986962,29.0525299,6.65435255380816,3,1,0.82,0.1,0.9197277544901123,0.04411764705882353,0.5479477381117395,0,1,0,0,0
4920628724,Terrace Fulya,,tourism:attraction,attraction,41.0074547,29.0435884,5.470587943314964,5,1,0.78,0.1,0.9340747288032618,0.07352941176470588,0.547604771582155,0,0,0,1,0
10931260134,Sancaktepe Saat Kulesi,,historic:monument,historic,40.9855982,29.2296721,21.236969455304234,1,2,0.82,0.5,0.7429895514303866,0.014705882352941176,0.5475733360173511,0,1,0,0,0
4481332089,Alibeyköy Mısır Heykeli,,historic:monument,historic,41.0748485,28.9467619,7.871671316762145,4,3,0.82,0.1,0.9049741110138647,0.058823529411764705,0.5471981156571005,0,1,0,0,0
223916821,Balıklı Kemer,,historic:aqueduct,historic,41.0923111,28.9071878,11.096547239323884,7,3,0.82,0.1,0.865889303431375,0.10294117647058823,0.5465020851470596,0,1,0,0,0
13530207351,Hoca Ahmet Yesevi Parkı,,leisure:park,park,41.0028647,28.9713902,0.8354345490063887,25,12,0.45,0.15,0.9902517982106218,0.36764705882352944,0.5464873041690689,1,0,0,0,0
1026149721,Siyavuşpaşa Kasrı,,tourism:museum,museum,41.0005858,28.8514348,10.687795507472496,4,5,0.85,0.1,0.8708432871417715,0.058823529411764705,0.5459588684954726,0,0,1,0,0
24826310,İnönü Parkı,,leisure:park,park,41.0419152,28.9969143,4.05794819560676,28,12,0.45,0.15,0.9511956209083735,0.4117647058823529,0.5457998627431002,1,0,0,0,0
664813158,Otağ-ı Hümayun,,historic:heritage,historic,41.023794,28.8944655,7.252410425139484,3,17,0.82,0.1,0.9124794207912426,0.04411764705882353,0.5457732380020786,0,1,0,0,0
6879165718,15 Temmuz Şehitleri Zafer Anıtı,,historic:memorial,historic,41.03699,29.0422754,6.242018341098347,2,1,0.82,0.1,0.9247251571035556,0.029411764705882353,0.5457704883075373,0,1,0,0,0
1184468634,"Sarnıç, Beylerbeyi",,historic:building,historic,41.045722,29.049474,7.276968369483336,3,10,0.82,0.1,0.9121817837495859,0.04411764705882353,0.5456839468895816,0,1,0,0,0
9252958276,Bizans Zindanları,Byzantine Dungeons,tourism:museum,museum,40.8650138,28.9930175,15.968877981867893,9,1,0.85,0.1,0.8068376952072337,0.1323529411764706,0.5451395438562878,0,0,1,0,0
1002590674,Su Sarnıcı,,tourism:museum,museum,40.8649929,28.9952895,15.98700021745889,9,1,0.85,0.1,0.8066180575814623,0.1323529411764706,0.5450736525685563,0,0,1,0,0
1002590675,Oramiral Sadık Altıncan Kütüphanesi,,tourism:museum,museum,40.8647327,28.9927972,15.998633254949558,9,1,0.85,0.1,0.8064770676510462,0.1323529411764706,0.5450313555894315,0,0,1,0,0
5482189639,Labirent-maze,,tourism:attraction,attraction,41.0595777,28.9495675,6.203734598306062,5,12,0.78,0.1,0.925189147891575,0.07352941176470588,0.544939097308649,0,0,0,1,0
425338913,Palazzo Venezia,,leisure:park,park,41.029451,28.9773885,2.3645299294229534,28,12,0.45,0.1,0.9717194887035384,0.4117647058823529,0.5444570230816498,1,0,0,0,0
9967223417,İsmet İnönü House Museum,,tourism:museum,museum,40.8781563,29.0935365,17.39591650230833,0,16,0.85,0.35,0.789542293051138,0.0,0.5443626879153414,0,0,1,0,0
1184472253,Sadullah Paşa Yalısı,,historic:building,historic,41.0490248,29.0523038,7.683663888394042,3,10,0.82,0.1,0.9072527209009729,0.04411764705882353,0.5442052280349977,0,1,0,0,0
8946499525,Cebeci Köyü Rum Kilisesi Kalıntıları,,historic:church,historic,41.1223229,28.8837706,14.9657252564502,2,3,0.82,0.3,0.8189956920388312,0.029411764705882353,0.5440516487881198,0,1,0,0,1
9482768518,Jet Uçağı Anıtı,,historic:monument,historic,40.9853863,29.0541508,6.84475481873351,2,1,0.82,0.1,0.9174201196952934,0.029411764705882353,0.5435789770850585,0,1,0,0,0
729921210,Bilim Üsküdar,,tourism:museum,museum,40.9974599,29.0642331,7.301137053985002,0,1,0.85,0.1,0.911888864454099,0.0,0.5435666593362297,0,0,1,0,0
1375097697,Beylerbeyi Namazgahı,,historic:building,historic,41.0451074,29.0452159,6.946748346095785,2,10,0.82,0.1,0.9161839799220622,0.029411764705882353,0.5432081351530892,0,1,0,0,0
12001618898,Su Havuzu,,historic:ruins,historic,41.0918277,28.9044202,11.17840333741771,6,3,0.82,0.1,0.8648972250009872,0.08823529411764706,0.542527991029708,0,1,0,0,0
1112685777,Cam ve Billur Müzesi,,tourism:museum,museum,41.1385096,29.1039692,17.90952370072085,0,15,0.85,0.35,0.7833174834755223,0.0,0.5424952450426567,0,0,1,0,0
909265479,Misafirhane,,historic:heritage,historic,41.0227414,28.8954513,7.144787846653937,2,17,0.82,0.1,0.9137837834621317,0.029411764705882353,0.5424880762151101,0,1,0,0,0
1251168537,Yılanlı Yalı,,historic:building,historic,41.0806379,29.0526466,10.180815304292564,5,10,0.82,0.1,0.8769877789502125,0.07352941176470588,0.5424786866262402,0,1,0,0,0
6906376960,Atatürk Heykeli,Atatürk Statue,historic:memorial,historic,40.980993,28.8733388,9.322011354348552,4,17,0.82,0.1,0.8873962994454693,0.058823529411764705,0.5419247721865819,0,1,0,0,0
892996075,Mermerkule Kara Parkı,,leisure:park,park,40.9892558,28.9219575,5.184024235737477,12,17,0.45,0.54,0.9375478197499342,0.17647058823529413,0.5413819929838037,1,0,0,0,0
6861167471,Tarihi Sütun,,historic:monument,historic,41.0120877,29.0550874,6.449120160750558,1,1,0.82,0.1,0.9222151272712574,0.014705882352941176,0.5413410087696124,0,1,0,0,0
1059149611,İBB Baruthane Kütüphane,,historic:building,historic,40.9755004,28.860091,10.574498659999255,5,5,0.82,0.1,0.8722164207411804,0.07352941176470588,0.5410472791635306,0,1,0,0,0
1256603245,Baruthane Sahne,,historic:building,historic,40.9760789,28.8596691,10.585838828487123,5,5,0.82,0.1,0.8720789803205428,0.07352941176470588,0.5410060470373393,0,1,0,0,0
1064364753,Mahpeyker Valide Sultan Namazgâhı,,historic:heritage,historic,41.0206402,28.9017694,6.57655563484517,1,17,0.82,0.1,0.9206706365361799,0.014705882352941176,0.5408776615490892,0,1,0,0,0
1336472875,Haseki Sultan Çeşmesi,,historic:building,historic,41.0206602,28.9016982,6.582862667198854,1,17,0.82,0.1,0.9205941966507767,0.014705882352941176,0.5408547295834683,0,1,0,0,0
5310063275,Walkway Monuments,,historic:memorial,historic,41.1063201,29.0280643,11.678141770653149,6,10,0.82,0.1,0.858840501897958,0.08823529411764706,0.5407109740987992,0,1,0,0,0
5872511485,Borusan Holding,Borusan contemporary,tourism:museum,museum,41.0892526,29.0565723,11.14453553335973,3,10,0.85,0.1,0.8653076955544701,0.04411764705882353,0.540621720431047,0,0,1,0,0
984258514,Mihrişah Sultan Çeşmesi,,historic:memorial,historic,41.0788651,29.0653165,10.7179591776382,5,10,0.82,0.1,0.8704777099001294,0.07352941176470588,0.5405256659112153,0,1,0,0,0
539673047,Fişekhane,,historic:building,historic,40.9833555,28.9054592,6.716074937661372,1,17,0.82,0.1,0.9189796923772237,0.014705882352941176,0.5403703783014023,0,1,0,0,0
1204730276,Lahanacılar Çeşmesi,,historic:building,historic,41.0507907,29.0526526,7.8244860921882635,2,10,0.82,0.1,0.9055459858603679,0.029411764705882353,0.540016736934581,0,1,0,0,0
11978636718,Kayışdağı Suyu Çeşmesi,,historic:drinking_fountain,historic,40.9802988,29.077375,8.86717029665847,3,14,0.82,0.1,0.8929088759437028,0.04411764705882353,0.5399020745478167,0,1,0,0,0
19969245,Rixos Tersane İstanbul,,tourism:attraction,attraction,41.0357982,28.9562914,3.585732023931346,1,12,0.78,0.1,0.9569187800780485,0.014705882352941176,0.5397521046116499,0,0,0,1,0
12312723465,İBB Bakırköy Ödünç Kütüphane,,historic:building,historic,40.9809416,28.8743693,9.242124491816647,3,17,0.82,0.1,0.8883645111613322,0.04411764705882353,0.5385387651131055,0,1,0,0,0
5184094322,Cumhuriyet Meydanı,Republic Square,historic:monument,historic,40.9812405,28.8738949,9.268925200774506,3,17,0.82,0.1,0.8880396922914452,0.04411764705882353,0.5384413194521394,0,1,0,0,0
1224559629,Tophaneli Kıdemli Yüzbaşı Hakkı Efendi Parkı,,leisure:park,park,41.027018,28.9798777,2.0961384752311925,24,12,0.45,0.15,0.9749723358194475,0.35294117647058826,0.5382269948634812,1,0,0,0,0
151874,İstanbul Surları,Theodosian Walls,tourism:attraction,attraction,41.0142069,28.9312722,4.010307698564205,1,17,0.78,0.1,0.9517730135599839,0.014705882352941176,0.5382083746562304,0,0,0,1,0
112392927,Sarsılmaz Parkı,,leisure:park,park,41.0140565,28.9670017,1.1570434275357762,23,12,0.45,0.15,0.9863539672751122,0.3382352941176471,0.5379650137119454,1,0,0,0,0
3473367184,Sevda Tepesi,,historic:memorial,historic,41.075268,29.0653173,10.428458428200438,4,10,0.82,0.1,0.8739863971670099,0.058823529411764705,0.537901801503044,0,1,0,0,0
236364674,Tevhide Hanım Köşkü,,historic:building,historic,40.963655,29.0595586,8.422661659044978,2,1,0.82,0.1,0.8982962257168615,0.029411764705882353,0.537841808891529,0,1,0,0,0
13415553542,Mahmut Bey Çeşmesi,,historic:fountain,historic,40.9696434,29.109356,11.798212818029606,5,14,0.82,0.1,0.8573852664421986,0.07352941176470588,0.5365979328738361,0,1,0,0,0
9252958379,Geriye Kalanlar,,historic:memorial,historic,40.8652275,28.9954466,15.96219512273753,9,1,0.82,0.1,0.806918690032921,0.1323529411764706,0.5361638423039939,0,1,0,0,0
10286582209,Ulus Parki,Ulus Park,tourism:attraction,attraction,41.064028,29.0320536,7.667335749266259,2,10,0.78,0.15,0.9074506144606985,0.029411764705882353,0.5360881255146801,0,0,0,1,0
10536221814,Sultan 1.Mahmut Çeşmesi,,historic:memorial,historic,41.0738466,29.0585462,9.922944283275802,3,10,0.82,0.1,0.8801131206624401,0.04411764705882353,0.5360633479634378,0,1,0,0,0
972288159,Kartal Belediyesi Masal Müzesi,,tourism:museum,museum,40.9167456,29.2203114,22.716113151755646,3,4,0.85,0.35,0.725062645666914,0.04411764705882353,0.5360482054647802,0,0,1,0,0
9252958337,Henry Bulwer Şatosu,,historic:castle,historic,40.8647943,28.9957822,16.012717569933045,9,1,0.82,0.1,0.8063063687608317,0.1323529411764706,0.5359801459223671,0,1,0,0,0
10945908788,X Media Art Müsesi,,tourism:museum,museum,40.993222,29.1253363,12.442726009465462,3,14,0.85,0.1,0.8495739041831396,0.04411764705882353,0.5359015830196477,0,0,1,0,0
9252958450,Açık Hava Sergisi,,historic:memorial,historic,40.8644833,28.9949006,16.040587088636848,9,1,0.82,0.1,0.8059685961450439,0.1323529411764706,0.5358788141376308,0,1,0,0,0
9963395908,Erenköy Station Fountain,Erenköy Station Fountain,historic:fountain,historic,40.9739147,29.0754164,8.990992183147858,2,14,0.82,0.1,0.891408181118801,0.029411764705882353,0.5357753955121108,0,1,0,0,0
1060055716,Tarihi Göztepe Tren İstasyonu,,historic:building,historic,40.9791053,29.0666014,8.078646248429976,1,1,0.82,0.1,0.9024656190368432,0.014705882352941176,0.5354161562992882,0,1,0,0,0
694317201,Martı Sitesi,,historic:memorial,historic,40.9817025,28.8500231,11.1698198684651,4,5,0.82,0.1,0.865001254811888,0.058823529411764705,0.5352062587965075,0,1,0,0,0
9057384617,Fildamı,Cistern,tourism:attraction,attraction,40.9930736,28.8861061,7.9257567150771715,4,17,0.78,0.1,0.9043186075349942,0.058823529411764705,0.5350014646134393,0,0,0,1,0
694317203,Martı Sitesi,,historic:memorial,historic,40.9825426,28.8489234,11.234719800729524,4,5,0.82,0.1,0.8642146814907488,0.058823529411764705,0.5349702868001657,0,1,0,0,0
1408517425,Atışalanı Çeşmesi,,historic:building,historic,41.0544962,28.8722534,10.284685499792975,3,3,0.82,0.1,0.8757288943598671,0.04411764705882353,0.5347480800726659,0,1,0,0,0
1248890696,Kumrulu Kemer,,historic:aqueduct,historic,41.089613,28.877088,12.414920076947105,5,3,0.82,0.1,0.8499109061479371,0.07352941176470588,0.5343556247855576,0,1,0,0,0
12395478630,İstanbul Robot Müzesi,,tourism:museum,museum,40.9825453,28.7285492,21.162095099410138,1,18,0.85,0.35,0.7438970126361061,0.014705882352941176,0.5343455743790672,0,0,1,0,0
5001163522,M.K. Atatürk & Salvador Allende,,historic:monument,historic,40.9904492,29.1259111,12.535623717704445,5,14,0.82,0.1,0.8484480037954774,0.07352941176470588,0.5339167540798196,0,1,0,0,0
6304199185,mezarlık,,historic:memorial,historic,41.0562805,29.0577323,8.535976440281946,1,10,0.82,0.1,0.8969228747640656,0.014705882352941176,0.533753333017455,0,1,0,0,0
10285668491,İçerenköy Kavşağı Heykeli,,historic:monument,historic,40.9717768,29.1083884,11.6377566022302,4,14,0.82,0.1,0.8593299615159093,0.058823529411764705,0.5335048708077139,0,1,0,0,0
4303108295,Atatürk Anıtı,,historic:monument,historic,41.0374102,28.8831962,8.621929158597279,1,17,0.82,0.1,0.8958811461713332,0.014705882352941176,0.5334408144396352,0,1,0,0,0
235392139,Ragıp Paşa Köşkü,,historic:building,historic,40.963104,29.0620938,8.631160155042467,1,1,0.82,0.1,0.895769268465487,0.014705882352941176,0.5334072511278813,0,1,0,0,0
219002350,Buyukcekmece Kervansaray,,tourism:museum,museum,41.0218871,28.5758757,33.80637058688991,5,0,0.85,0.55,0.5906510936255034,0.07352941176470588,0.5330776810288275,0,0,1,0,0
1183800508,Atatürk Evi Müzesi,,tourism:museum,museum,40.9717933,28.7142712,22.535631162522517,2,18,0.85,0.35,0.7272500488385927,0.029411764705882353,0.5330279558280484,0,0,1,0,0
4889959130,Bomontiada,Bomontiada,tourism:attraction,attraction,41.0583185,28.9808053,5.576581317984806,1,12,0.78,0.1,0.9327901117347395,0.014705882352941176,0.5325135041086572,0,0,0,1,0
802967810,Çatladıkapı Parkı,,leisure:park,park,41.0016461,28.976082,0.7542732619777877,21,12,0.45,0.15,0.9912354556792603,0.3088235294117647,0.5320765190567192,1,0,0,0,0
10006580410,Atatürk Anıtı,,historic:memorial,historic,40.9939088,29.1087537,11.05392695060686,3,14,0.82,0.1,0.8664058522300313,0.04411764705882353,0.5319511674337152,0,1,0,0,0
694317202,Martı Sitesi,,historic:memorial,historic,40.9824916,28.8510598,11.062859882007446,3,5,0.82,0.1,0.8662975870088807,0.04411764705882353,0.5319186878673701,0,1,0,0,0
1212123798,Rakım Paşa Çeşmesi,,historic:building,historic,41.0886017,29.0566682,11.090862139244416,3,10,0.82,0.1,0.8659582056304143,0.04411764705882353,0.5318168734538301,0,1,0,0,0
1000250944,Adalar Müzesi,Museum of the Princes' Islands,tourism:museum,museum,40.8564329,29.1251424,20.898614136092718,0,16,0.85,0.35,0.747090345651142,0.0,0.5316271036953426,0,0,1,0,0
1366223253,Behçet Bey Köşkü,,historic:building,historic,40.9732211,29.0780656,9.225139709892298,1,14,0.82,0.1,0.8885703630915411,0.014705882352941176,0.5312475795156976,0,1,0,0,0
4124679395,Akatlar Kültür Merkezi,,tourism:attraction,attraction,41.0804147,29.0276006,9.027990089802934,4,10,0.78,0.1,0.8909597743902037,0.058823529411764705,0.5309938146700023,0,0,0,1,0
331194931,Numune Parkı,,leisure:park,park,41.0123113,28.9543802,2.066625489718375,22,12,0.45,0.15,0.9753300269020355,0.3235294117647059,0.5309813610117871,1,0,0,0,0
509838983,Ali Paşa Su Kemeri,,historic:aqueduct,historic,41.0572164,28.8883511,9.31433055157937,1,3,0.82,0.1,0.8874893891349709,0.014705882352941176,0.5309232873287265,0,1,0,0,0
1418650947,Şehzade Burhanettin Efendi Yalısı,,historic:building,historic,41.1192039,29.067732,14.437597402024654,6,15,0.82,0.1,0.8253964888647688,0.08823529411764706,0.5306777701888424,0,1,0,0,0
13355052792,Hayalet Bisiklet Anıtı,,historic:memorial,historic,40.952426,29.0941315,11.525846177025821,3,14,0.82,0.1,0.8606862919734586,0.04411764705882353,0.5302352993567434,0,1,0,0,0
179448050,Bostancı Tarihi Tren İstasyonu,,historic:building,historic,40.9539027,29.095617,11.544337722091232,3,14,0.82,0.1,0.8604621783957149,0.04411764705882353,0.5301680652834203,0,1,0,0,0
10178921931,Mustafa Kemal Atatürk,,historic:memorial,historic,41.0672216,29.0432167,8.522041743369602,0,10,0.82,0.1,0.8970917603152054,0.0,0.5301275280945617,0,1,0,0,0
35394151,Cemil Meriç Parkı,,leisure:park,park,41.0396911,28.9435919,4.559406562509318,24,12,0.45,0.15,0.9451180525765517,0.35294117647058826,0.5292707098906125,1,0,0,0,0
4889959132,Hasan Paşa Kulesi,,historic:castle,historic,41.2136997,29.107452,25.279286148824152,0,15,0.82,0.5,0.6939975362497817,0.0,0.5291992608749344,0,1,0,0,0
625567217,Ortabahçe,,tourism:attraction,attraction,41.0259051,28.8894717,7.716303881993091,2,17,0.78,0.1,0.9068571311480812,0.029411764705882353,0.5284100805208949,0,0,0,1,0
9166929212,Şerife Bacı Anıtı,,historic:monument,historic,41.115819,28.9981836,12.081108985504324,3,10,0.82,0.1,0.8539566252984518,0.04411764705882353,0.5282163993542414,0,1,0,0,0
7580601342,Discovery Museum,,tourism:museum,museum,41.0673647,28.691469,24.948458658020517,3,18,0.85,0.35,0.69800709479763,0.04411764705882353,0.5279315402039949,0,0,1,0,0
1454992412,Beylik Kubbesi,,historic:building,historic,41.0538641,28.87325,10.177189584914206,1,3,0.82,0.1,0.8770317218948883,0.014705882352941176,0.5277859871567018,0,1,0,0,0
967006761,Avasköy Kemeri,Avaskoy Aqueduct,historic:aqueduct,historic,41.0512943,28.883239,9.310168443264239,0,3,0.82,0.1,0.8875398329990267,0.0,0.527261949899708,0,1,0,0,0
4966376521,Turkuazoo,sea life,tourism:attraction,attraction,41.0455958,28.896211,8.051383683584223,2,17,0.78,0.1,0.9027960355014726,0.029411764705882353,0.5271917518269124,0,0,0,1,0
1321856803,"Amcazade Hüseyin Paşa Yalısı,",,historic:building,historic,41.0884794,29.0658482,11.552588138003347,2,10,0.82,0.1,0.8603621851165489,0.029411764705882353,0.5264615967114352,0,1,0,0,0
5484713136,Birinci dünya savasi (1914 - 1918),,historic:memorial,historic,40.9637619,28.8264748,13.676140768376493,4,5,0.82,0.1,0.8346251806728266,0.058823529411764705,0.5260934365547891,0,1,0,0,0
12292582318,Mavi Marmara Anıtı,,historic:memorial,historic,41.0954254,28.8785158,12.814967571169857,3,3,0.82,0.1,0.8450624159390075,0.04411764705882353,0.5255481365464081,0,1,0,0,0
639161901,Cundi Parkı,,leisure:park,park,41.0030764,28.9700049,0.906001527499442,19,12,0.45,0.15,0.9893965414992605,0.27941176470588236,0.5241719036262487,1,0,0,0,0
2282062752,Büyükçekmece Kervansaray (Kurşunlu Han),,historic:monument,historic,41.0219982,28.5757305,33.819070354721156,5,0,0.82,0.55,0.5904971751511354,0.07352941176470588,0.524031505486517,0,1,0,0,0
880661945,Şehit Ahmet Kara Parkı,,leisure:park,park,41.0166102,28.9558177,2.112965866474364,20,12,0.45,0.15,0.9747683914306872,0.29411764705882354,0.5234599291939119,1,0,0,0,0
4390357493,Veliefendi Hipodrumu,,tourism:attraction,attraction,40.98816,28.88538,8.118266157440884,1,17,0.78,0.1,0.9019854341995621,0.014705882352941176,0.5232721008481039,0,0,0,1,0
48733129,Maslak Kasrı,Maslak Pavilion,tourism:museum,museum,41.1191757,29.0261277,12.972504834629415,0,10,0.85,0.1,0.8431530979443798,0.0,0.522945929383314,0,0,1,0,0
975228332,Kumrular Su Kemeri,Kumrular Aqueduct,historic:aqueduct,historic,41.1180665,28.9011291,13.828041935712115,3,3,0.82,0.1,0.8327841709597609,0.04411764705882353,0.5218646630526341,0,1,0,0,0
236297825,Sarı Süleyman Su Kemeri,Sarı Süleyman Aqueduct,historic:aqueduct,historic,41.1188657,28.9028113,13.841459695155025,3,3,0.82,0.1,0.8326215505803704,0.04411764705882353,0.5218158769388169,0,1,0,0,0
233685826,Viran Su Kemeri,Viran Aqueduct,historic:aqueduct,historic,41.1196656,28.8995489,14.047203190091944,3,3,0.82,0.1,0.8301279833535821,0.04411764705882353,0.5210678067707805,0,1,0,0,0
1245464080,St. George's Anglikan Kilisesi,St.George's Anglican Church,historic:ruins,historic,41.1909176,28.9622994,20.36204124198265,1,15,0.82,0.3,0.7535934945548095,0.014705882352941176,0.5207545189546782,0,1,0,0,1
2517658756,St. George's Anglikan Kilisesi,St.George's Anglican Church,historic:ruins,historic,41.1909401,28.9623135,20.364459381985544,1,15,0.82,0.3,0.7535641872143133,0.014705882352941176,0.5207457267525293,0,1,0,0,1
1336463525,Ayamama Köprüsü,Ayamama Bridge,historic:bridge,historic,40.986992,28.8365088,12.139204648793191,1,5,0.82,0.1,0.8532525182643993,0.014705882352941176,0.520652226067555,0,1,0,0,0
1375681086,Çubuklu Siloları,,historic:yes,historic,41.1094645,29.0834336,14.294941695985296,3,15,0.82,0.1,0.827125445561082,0.04411764705882353,0.5201670454330304,0,1,0,0,0
1033475892,Güzelce Su Kemeri,Güzelce Aqueduct,historic:aqueduct,historic,41.1220664,28.8988039,14.312261525645102,3,3,0.82,0.1,0.8269155329238611,0.04411764705882353,0.5201040716418641,0,1,0,0,0
4330819713,Atatürk,,historic:monument,historic,40.9922809,28.8453447,11.305395116996378,0,5,0.82,0.1,0.8633581117487019,0.0,0.5200074335246105,0,1,0,0,0
893930323,Tophane Parkı,,leisure:park,park,41.0269742,28.9819557,2.1088053196398735,19,12,0.45,0.15,0.974818816369931,0.27941176470588236,0.5197985860874499,1,0,0,0,0
884165212,Perili Köşk,,tourism:attraction,attraction,41.0890732,29.0565643,11.128019433943598,3,10,0.78,0.1,0.865507867152756,0.04411764705882353,0.5196817719105327,0,0,0,1,0
3842144057,Süvari Birliği Nalbanthanesi,,historic:fort,historic,41.1085896,29.0106977,11.48660660783065,0,10,0.82,0.1,0.8611618671733858,0.0,0.5193485601520157,0,1,0,0,0
4736022622,Surp Hıripsimyans Ermeni Apostok Kilisesi,,tourism:attraction,attraction,41.159388,29.0396946,17.578784334219804,1,15,0.78,0.3,0.7873259739756402,0.014705882352941176,0.5188742627809273,0,0,0,1,1
288789401,Erbilgin Yalısı,,tourism:attraction,attraction,41.1189172,29.0684191,14.440383965372845,6,15,0.78,0.1,0.825362716311996,0.08823529411764706,0.5186676384230106,0,0,0,1,0
969480621,Mazul Kemer,,historic:aqueduct,historic,41.0708904,28.8511326,12.74850433880837,1,3,0.82,0.1,0.8458679361235161,0.014705882352941176,0.5184368514252901,0,1,0,0,0
236297826,Kirazdibi Kemeri,,historic:aqueduct,historic,41.112307,28.909589,12.934191080463968,1,3,0.82,0.1,0.8436174524638336,0.014705882352941176,0.5177617063273853,0,1,0,0,0
5484714621,Dornier Do 28 D-1,,tourism:attraction,attraction,40.9632247,28.8265234,13.694086997863131,5,5,0.78,0.1,0.834407676203458,0.07352941176470588,0.5177046558022139,0,0,0,1,0
5310063273,Cow Statue,,historic:memorial,historic,41.1081763,29.0342498,12.062885973056405,0,10,0.82,0.1,0.8541774843182106,0.0,0.5172532452954631,0,1,0,0,0
224812590,Uzunkoltuk Kemeri,,historic:aqueduct,historic,41.1046268,28.9119197,12.084597142085917,0,3,0.82,0.1,0.8539143495854995,0.0,0.5171743048756499,0,1,0,0,0
71898102,Saray Meydanı,,leisure:park,park,41.0149323,28.9289277,4.217948261840537,4,17,0.45,0.55,0.9492564542699978,0.058823529411764705,0.5169828186339405,1,0,0,0,0
12312733427,İBB Çubuklu Silolar Kütüphanesi,,historic:building,historic,41.1082453,29.0835867,14.196421827801856,2,15,0.82,0.1,0.8283194853267866,0.029411764705882353,0.5168487867745065,0,1,0,0,0
224813107,Çiftlikönü Su Kemeri,Çiftlikönü Aqueduct,historic:aqueduct,historic,41.1141112,28.9073336,13.1982982935263,1,3,0.82,0.1,0.8404165294356108,0.014705882352941176,0.5168014294189185,0,1,0,0,0
1114885979,Çobançeşme Köprüsü,,historic:bridge,historic,40.9938237,28.8198765,13.398787322204912,1,5,0.82,0.1,0.8379866452179014,0.014705882352941176,0.5160724641536056,0,1,0,0,0
224813106,Avludere Kemeri,,historic:aqueduct,historic,41.109387,28.9162277,12.400398145502566,0,3,0.82,0.1,0.8500869088562165,0.0,0.516026072656865,0,1,0,0,0
11345051694,Çoban Çeşmesi,,historic:memorial,historic,40.993706,28.8194808,13.433333067658014,1,5,0.82,0.1,0.8375679581594687,0.014705882352941176,0.5159468580360759,0,1,0,0,0
25512807,Fatih Anıt Parkı,,leisure:park,park,41.0157336,28.9543428,2.1854373802164604,18,12,0.45,0.15,0.9738900521587777,0.2647058823529412,0.5158434862358686,1,0,0,0,0
288789412,Besteci Faik Canselen'in Evi,,tourism:attraction,attraction,41.1188112,29.0641646,14.247032151332547,5,15,0.78,0.1,0.827706099012279,0.07352941176470588,0.5156941826448602,0,0,0,1,0
246476622,Sanatkarlar Parkı,,leisure:park,park,41.0283344,28.982932,2.270902824878631,18,12,0.45,0.15,0.9728542292186754,0.2647058823529412,0.5155327393538379,1,0,0,0,0
892989046,Macar Kardeşler Parkı,,leisure:park,park,41.0152566,28.9526846,2.2958991039039987,18,12,0.45,0.15,0.9725512796542751,0.2647058823529412,0.5154418544845178,1,0,0,0,0
11333662116,Ay bike sokagi,,tourism:attraction,attraction,41.0903351,29.003977,9.381485576258923,0,10,0.78,0.1,0.886675484575284,0.0,0.5150026453725852,0,0,0,1,0
967006757,Azizpaşa Kemeri,,historic:aqueduct,historic,41.1216435,28.8854043,14.829278340212328,2,3,0.82,0.1,0.8206493995284964,0.029411764705882353,0.5145477610350194,0,1,0,0,0
967006758,Cebeciköy Kemeri,,historic:aqueduct,historic,41.120663,28.8821319,14.883646751954519,2,3,0.82,0.1,0.8199904659873197,0.029411764705882353,0.5143500809726664,0,1,0,0,0
11211202588,Modern saat Kulesi,,historic:memorial,historic,40.8265677,29.325352,35.4651714286102,6,11,0.82,0.5,0.5705467816230722,0.08823529411764706,0.5142228580163334,0,1,0,0,0
5484713133,Nice Ajax Füzesi,,tourism:attraction,attraction,40.9644738,28.825573,13.71842963204224,4,5,0.78,0.1,0.8341126486750235,0.058823529411764705,0.5139396769554482,0,0,0,1,0
5484713134,Mavi Isik G,,tourism:attraction,attraction,40.9647099,28.8251255,13.74427911209112,4,5,0.78,0.1,0.8337993584964001,0.058823529411764705,0.5138456899018612,0,0,0,1,0
10302045409,Otağtepe Fatıh Korusu,Otagtepe Park,tourism:attraction,attraction,41.089864,29.0696067,11.872465649729676,2,10,0.78,0.1,0.8564853379769983,0.029411764705882353,0.51329854256957,0,0,0,1,0
347505178,Palais Yeniköy,Palais Yeniköy,historic:castle,historic,41.1260855,29.0703202,15.205616914341357,2,15,0.82,0.1,0.8160882563686016,0.029411764705882353,0.513179418087051,0,1,0,0,0
1209182351,Bakireler Anıtı,,historic:memorial,historic,40.9262906,29.1237145,15.225467850942584,2,16,0.82,0.1,0.8158476672557111,0.029411764705882353,0.5131072413531839,0,1,0,0,0
309046221,Molla Aşkı Kültür Parkı,,leisure:park,park,41.0350307,28.9436186,4.173134282632087,19,12,0.45,0.15,0.9497995901289975,0.27941176470588236,0.5122928182151698,1,0,0,0,0
892985662,Oruçgazi Parkı,,leisure:park,park,41.0131444,28.9526824,2.2268095586089265,17,12,0.45,0.15,0.9733886301907493,0.25,0.5120165890572248,1,0,0,0,0
465144824,Hava Şehitlik Parkı,,leisure:park,park,41.0159011,28.9529323,2.3020545714122362,17,12,0.45,0.15,0.9724766767024355,0.25,0.5117430030107306,1,0,0,0,0
112659179,Sobacılar Önü Parkı,,leisure:park,park,41.0181846,28.9675973,1.4332326600036156,16,12,0.45,0.15,0.9830066127515353,0.23529411764705882,0.5112255132372253,1,0,0,0,0
6171043314,Şehit Uğur Taşçı Anıtı,,historic:monument,historic,41.1325992,29.0401268,14.768765747817111,1,15,0.82,0.1,0.8213827992272377,0.014705882352941176,0.5110913103564065,0,1,0,0,0
13456346112,Salih Çavuş Konutu,,historic:manor,historic,41.1125794,29.0899346,14.904995880939309,1,15,0.82,0.1,0.8197317191026453,0.014705882352941176,0.5105959863190288,0,1,0,0,0
1070946690,Sait Halim Paşa Yalısı,,tourism:attraction,attraction,41.1204464,29.0700049,14.65481125480945,4,15,0.78,0.1,0.8227639033500984,0.058823529411764705,0.5105350533579707,0,0,0,1,0
11839408844,the site,,leisure:park,park,41.031809,28.974347,2.6471335610534967,19,12,0.45,0.1,0.9682943930317588,0.27941176470588236,0.5103412590859983,1,0,0,0,0
1211940084,Vehbi Koç Evi,,tourism:museum,museum,41.1652679,29.0527977,18.5448230414612,2,15,0.85,0.1,0.7756177911194844,0.029411764705882353,0.5100382785123159,0,0,1,0,0
967006753,Deliklikaya Kemeri,,historic:aqueduct,historic,41.1174171,28.8927422,14.108902285867751,0,3,0.82,0.1,0.8293802034872189,0.0,0.5098140610461657,0,1,0,0,0
4567527928,Kartallı Kazım Anıtı,,historic:memorial,historic,40.8962861,29.185872,21.411291048627042,7,4,0.82,0.1,0.7408768109417285,0.10294117647058823,0.5089983374001656,0,1,0,0,0
1336466506,Papaz Köprüsü,,historic:bridge,historic,41.0283153,28.8085809,14.42177298876713,0,5,0.82,0.1,0.8255882773745061,0.0,0.5086764832123518,0,1,0,0,0
1115171156,Florya Atatürk Deniz Köşkü,,tourism:museum,museum,40.9726583,28.7825007,16.910540924021923,0,5,0.85,0.1,0.7954249414190461,0.0,0.5086274824257138,0,0,1,0,0
201822204,Arkeoloji Parkı,,leisure:park,park,41.0143178,28.953145,2.2255528381261103,16,12,0.45,0.15,0.973403861374657,0.23529411764705882,0.5083446878241618,1,0,0,0,0
1212125625,Huber Köşkü,,historic:building,historic,41.1341201,29.0620441,15.659283171813565,1,15,0.82,0.1,0.8105899181981568,0.014705882352941176,0.5078534460476823,0,1,0,0,0
16404061,Huber Köşkü,,historic:building,historic,41.1343562,29.0619158,15.677950348166288,1,15,0.82,0.1,0.8103636760067131,0.014705882352941176,0.5077855733902492,0,1,0,0,0
5645608922,Pireci Studio,,tourism:museum,museum,41.0526945,29.2379176,22.323803452646338,5,2,0.85,0.1,0.729817355451299,0.07352941176470588,0.5073275595765662,0,0,1,0,0
884503930,Cemil Meriç Parkı,,leisure:park,park,41.0403227,28.9420079,4.6987839362998285,18,12,0.45,0.15,0.9434288285670811,0.2647058823529412,0.5067051191583596,1,0,0,0,0
525906720,Şair Nabi Parki,,leisure:park,park,41.0240232,28.9537536,2.7150664920286145,16,12,0.45,0.15,0.9674710604138738,0.23529411764705882,0.5065648475359268,1,0,0,0,0
6781557685,منزل ايهاب أبو عرمانة,,tourism:attraction,attraction,41.0517652,28.837693,12.758199298919244,1,5,0.78,0.1,0.8457504352771106,0.014705882352941176,0.5064016011713685,0,0,0,1,0
1246037161,İtalyan Yazlık Elçiliği,,historic:building,historic,41.140726,29.0569765,16.14128513095635,1,15,0.82,0.1,0.8047481573739098,0.014705882352941176,0.5061009178004082,0,1,0,0,0
6401620528,Atatürk,,historic:memorial,historic,40.9693576,29.1514184,15.150839595135926,0,16,0.82,0.1,0.8167521457809199,0.0,0.5060256437342759,0,1,0,0,0
10840166611,Şah Anıtı,,historic:memorial,historic,41.1050457,28.850758,15.182551851644082,0,3,0.82,0.1,0.8163678000034728,0.0,0.5059103400010417,0,1,0,0,0
1226720644,Saraybosna Parkı,,leisure:park,park,41.0349045,28.8512693,11.070969777360924,6,5,0.45,0.5900000000000001,0.8661992968088804,0.08823529411764706,0.5054186125720759,1,0,0,0,0
4788130621,Hz Yuşa Cami,,tourism:attraction,attraction,41.162287,29.08463,19.308870680101336,1,15,0.78,0.25,0.766357696884174,0.014705882352941176,0.5050837796534875,0,0,0,1,1
11813620369,IBB Çubuklu Silolar,,tourism:attraction,attraction,41.1088724,29.0828543,14.21318228034155,2,15,0.78,0.1,0.8281163522208193,0.029411764705882353,0.5047878468427163,0,0,0,1,0
447623264,Şişhane Parkı,,leisure:park,park,41.0282423,28.9693349,2.354801696221146,15,12,0.45,0.15,0.9718373928127012,0.22058823529411764,0.5041982766673397,1,0,0,0,0
1033475871,Mağlova Kemeri,Mağlova Aqueduct,historic:aqueduct,historic,41.1361811,28.8933729,15.916060522764365,0,3,0.82,0.1,0.8074778315336004,0.0,0.5032433494600801,0,1,0,0,0
973029770,Eğri Kemer,Eğri Aqueduct,historic:building,historic,41.1470915,28.923246,16.121148676427776,0,3,0.82,0.1,0.8049922069031139,0.0,0.5024976620709342,0,1,0,0,0
12561204075,Atatürk Devrimleri Müzesi,,tourism:museum,museum,41.0181895,28.5826466,33.2235181819805,4,0,0.85,0.35,0.5977151403181213,0.058823529411764705,0.5015204244483776,0,0,1,0,0
1060935448,Kibrithane,,historic:building,historic,40.9804809,28.7740487,17.425388115504575,1,5,0.82,0.1,0.7891851033921927,0.014705882352941176,0.5014320016058931,0,1,0,0,0
240079153,Şair Nedim Parkı,,leisure:park,park,41.0295357,28.9542909,3.11761731368852,15,12,0.45,0.15,0.9625922304109346,0.22058823529411764,0.5014247279468097,1,0,0,0,0
12229653001,Hüseyin Rahmi Gürpınar,,historic:monument,historic,40.8765193,29.1008982,17.89579268645048,1,16,0.82,0.1,0.7834839004365332,0.014705882352941176,0.4997216407191952,0,1,0,0,0
172372887,Endem TV Kulesi,Endem TV Tower,tourism:attraction,attraction,41.0264095,28.6205801,30.08854360298565,0,0,0.78,0.5,0.6357103628129692,0.0,0.49971310884389075,0,0,0,1,0
4549090632,Atatürk Heykeli,,historic:monument,historic,41.0482025,29.2399897,22.389494728028684,5,2,0.82,0.1,0.7290211912205438,0.07352941176470588,0.49808871030733953,0,1,0,0,0
12561201962,Ulusal Bağımsızlık ve Kuruluş Müzesi,,tourism:museum,museum,41.0179076,28.5827468,33.21415330092573,3,0,0.85,0.35,0.5978286406768477,0.04411764705882353,0.4978780039677602,0,0,1,0,0
763336680,Süleyman Kule Parkı,,leisure:park,park,41.012775,29.0877517,9.189424747853902,4,14,0.45,0.54,0.889003220805328,0.058823529411764705,0.4974068485945396,1,0,0,0,0
2852238747,Atatürk Heykeli,,historic:monument,historic,40.9597526,29.190948,18.636924838841715,1,4,0.82,0.1,0.7745015370014781,0.014705882352941176,0.4970269316886787,0,1,0,0,0
2852239163,Seyit Onbaşı Heykeli,,historic:monument,historic,40.959791,29.1918835,18.710878843492406,1,4,0.82,0.1,0.7736052302563086,0.014705882352941176,0.4967580396651278,0,1,0,0,0
1068261899,Hamam Kalıntısı,,historic:building,historic,40.8905295,29.1854466,21.761596724430273,4,4,0.82,0.1,0.7366311809508086,0.058823529411764705,0.49669523663818377,0,1,0,0,0
9806747511,Kartal Çeşmesi,,historic:yes,historic,40.8900039,29.1871152,21.908801123723116,4,4,0.82,0.1,0.7348470950635332,0.058823529411764705,0.4961600108720011,0,1,0,0,0
6410833306,Zosia Teyze'nin Anı Evi,Aunt Zosia's Memorial House,tourism:museum,museum,41.1100143,29.2099873,22.476748522253367,2,2,0.85,0.1,0.7279636938656053,0.029411764705882353,0.4957420493361522,0,0,1,0,0
13633237834,Polonezköy Ağaç Oyma Heykel Sergisi,,tourism:museum,museum,41.1098409,29.2111389,22.550566505357704,2,2,0.85,0.1,0.7270690356725332,0.029411764705882353,0.49547365187823056,0,0,1,0,0
1015392049,Bahçeköy Su Kemeri,Bahçeköy Aqueduct,historic:aqueduct,historic,41.1704269,28.9912708,18.071053940082166,0,15,0.82,0.1,0.7813597714655744,0.0,0.4954079314396723,0,1,0,0,0
1212120863,Ahmet Kemali Efendi Çeşmesi,,historic:building,historic,41.1689701,29.0583473,19.091188788998558,1,15,0.82,0.1,0.7689959549233193,0.014705882352941176,0.495375257065231,0,1,0,0,0
6348012656,Surp Boğos,Saint Paul,tourism:attraction,attraction,41.1622847,29.046941,18.070828859774018,3,15,0.78,0.1,0.7813624993908485,0.04411764705882353,0.4944381615819604,0,0,0,1,0
1134505180,Çatladıkapı Sahil Parkı,,leisure:park,park,41.0018217,28.9692142,1.0474582571692719,11,12,0.45,0.15,0.9876821161405317,0.16176470588235295,0.4942458113127478,1,0,0,0,0
309052085,Çukur Bostan Parkı,,leisure:park,park,41.0259348,28.9498878,3.100182151864851,13,12,0.45,0.15,0.9628035408493548,0.19117647058823528,0.4941351799018653,1,0,0,0,0
2585168071,Devlet baba türbesi,,historic:tomb,historic,41.1540243,28.6757334,30.10785975984234,1,19,0.82,0.35,0.6354762551163924,0.014705882352941176,0.49281934712315295,0,1,0,0,1
6811908186,Pelit Çıkolata Müzesi,chocolate museum,tourism:attraction,attraction,41.0585054,28.6646441,26.904955198155417,1,18,0.78,0.35,0.6742947744965642,0.014705882352941176,0.49246490293720446,0,0,0,1,0
1019375331,Rami Bir Nefes Parkı,,leisure:park,park,41.0494149,28.9191551,6.760208118738183,16,17,0.45,0.15,0.9184448076462105,0.23529411764705882,0.49185697170562787,1,0,0,0,0
48162658,Uzun Kemer,Uzun Aqueduct,historic:yes,historic,41.1711325,28.9026482,19.19736473080028,0,3,0.82,0.1,0.7677091251801416,0.0,0.4913127375540425,0,1,0,0,0
896234761,Kuleli Parkı,,leisure:park,park,41.0557846,29.052295,8.149533408587576,1,10,0.45,0.54,0.901606481792075,0.014705882352941176,0.4901584151258578,1,0,0,0,0
13724835245,Tarihi Hasanderesi Köprüsü,,historic:ruins,historic,41.0620171,28.7567958,19.526677217874504,0,18,0.82,0.1,0.763717928153999,0.0,0.4901153784461997,0,1,0,0,0
465139274,Uluslararası Barış Parkı,International Park of Peace,leisure:park,park,40.9900703,28.9203298,5.273820448686799,14,17,0.45,0.15,0.9364595088229288,0.20588235294117646,0.4899084408821728,1,0,0,0,0
177970926,Bathonea Kayıp Şehrinin Kalıntıları,The ruins of the lost city of Bathonea,historic:archaeological_site,historic,41.0341765,28.7336187,20.73757904802521,1,18,0.82,0.1,0.749042056533137,0.014705882352941176,0.48938908754817634,0,1,0,0,0
5113470953,Kalburcu Mehmet Parki,,leisure:park,park,41.0174102,28.9260313,4.511699644629876,13,17,0.45,0.15,0.9456962502345224,0.19117647058823528,0.48900299271741554,1,0,0,0,0
2832656982,Atatürk Anıtı,,historic:monument,historic,41.2464998,29.0369322,26.947470144417323,7,15,0.82,0.1,0.6737795024259703,0.10294117647058823,0.48886914484543814,0,1,0,0,0
9813018692,Zeynep Hanım Çeşmesi,,historic:fountain,historic,40.91703,29.2234299,22.93652691911613,3,4,0.82,0.1,0.7223912778708554,0.04411764705882353,0.4887467951259625,0,1,0,0,0
1035614780,Kilyos Su Terazisi,,historic:water_tower,historic,41.2471105,29.0358232,26.997540093402,7,15,0.82,0.1,0.6731726653355756,0.10294117647058823,0.48868709371831975,0,1,0,0,0
5113470962,Kırımlı park,,leisure:park,park,41.0165711,28.9243198,4.632046905776047,13,17,0.45,0.15,0.9442376671268532,0.19117647058823528,0.4885654177851148,1,0,0,0,0
177970923,Bathonea Limanı Arkeolojik Alanı,,historic:archaeological_site,historic,41.0147592,28.7396419,20.04635397516338,0,18,0.82,0.1,0.7574195568208182,0.0,0.48822586704624543,0,1,0,0,0
4395594091,Rüzgar Değirmeni,,tourism:attraction,attraction,40.8829671,29.0892565,16.75122346415447,0,16,0.78,0.1,0.7973558350140171,0.0,0.48820675050420514,0,0,0,1,0
462663254,Büyükada Eski Rum Yetimhanesi,,historic:building,historic,40.861018,29.1230866,20.385433322364143,0,16,0.82,0.1,0.753309987535433,0.0,0.48699299626062986,0,1,0,0,0
1297650509,Akşemsettin Parkı,,leisure:park,park,41.0365181,28.9465112,4.131808971678283,12,12,0.45,0.15,0.9503004440736766,0.17647058823529413,0.48670778028092654,1,0,0,0,0
180866325,Türk Bahçesi,,leisure:park,park,40.9931609,28.9207973,5.115051097192846,15,17,0.45,0.1,0.938383759461449,0.22058823529411764,0.48666218666196415,1,0,0,0,0
106301513,Şehit Şeyhmuz Demir Parkı,,leisure:park,park,41.0406713,28.9496136,4.343768699402917,12,12,0.45,0.15,0.9477315374328366,0.17647058823529413,0.48593710828867454,1,0,0,0,0
229475588,Azatlı Baruthanesi,,historic:building,historic,41.0876688,28.7412655,21.760763879880894,1,19,0.82,0.1,0.7366412748489121,0.014705882352941176,0.48566885304290885,0,1,0,0,0
1472111107,Resneli Çiftliği Müştemilatı,,historic:building,historic,41.0880262,28.7410439,21.79385337871374,1,19,0.82,0.1,0.7362402371885683,0.014705882352941176,0.4855485417448058,0,1,0,0,0
1028140454,Savaklar Parkı,,leisure:park,park,41.0340928,28.9378507,4.456657065439828,12,17,0.45,0.15,0.946363354541214,0.17647058823529413,0.4855266534211878,1,0,0,0,0
1075178579,Şair Nedim Parkı,,leisure:park,park,41.0252162,28.9600436,2.43966203397432,10,12,0.45,0.15,0.9708089036391292,0.14705882352941177,0.4855073769740917,1,0,0,0,0
1159471854,Silivrikapı Parkı,,leisure:park,park,41.0062749,28.9245606,4.522774380094239,12,17,0.45,0.15,0.9455620268054524,0.17647058823529413,0.4852862551004593,1,0,0,0,0
6327118881,Melantias,,historic:archaeological_site,historic,41.0584379,28.7383917,20.89198398145914,0,18,0.82,0.1,0.747170701709582,0.0,0.4851512105128746,0,1,0,0,0
878178290,Kuleli 2 Parkı,,leisure:park,park,41.0604472,29.0526863,8.519119768677047,0,10,0.45,0.54,0.8971271740245579,0.0,0.4851381522073674,1,0,0,0,0
9063181317,Dragos Arkeolojik Kazı Alanı,,tourism:attraction,attraction,40.9031308,29.1511392,18.625814647221876,1,16,0.78,0.1,0.7746361901515817,0.014705882352941176,0.48506732763370974,0,0,0,1,0
2201720559,Rumeli Kavağı Tabyaları,,historic:castle,historic,41.1820279,29.0746658,20.944650911468997,0,15,0.82,0.1,0.7465323897636884,0.0,0.4849597169291065,0,1,0,0,0
759646502,Misak-i Milli Parkı,,leisure:park,park,41.0192598,29.107028,10.862053748359143,18,14,0.45,0.15,0.8687313144711122,0.2647058823529412,0.48429586492956894,1,0,0,0,0
13864528,Kilyos Kalesi,,historic:fort,historic,41.2491839,29.0355415,27.220263202081785,6,15,0.82,0.1,0.6704733088158344,0.08823529411764706,0.48420081617416205,0,1,0,0,0
310243272,Halıcıoğlu Parkı,,leisure:park,park,41.0446187,28.9448673,4.930690500748676,12,12,0.45,0.15,0.9406181705243372,0.17647058823529413,0.4838030982161247,1,0,0,0,0
545912377,Tokmak Tepe Parkı,,leisure:park,park,41.0390191,28.9357196,4.95616037363301,12,17,0.45,0.15,0.9403094811034914,0.17647058823529413,0.483710491389871,1,0,0,0,0
1178602629,Paşadere Su Kemeri,,tourism:attraction,attraction,41.1690059,28.9373073,18.209449236133572,0,3,0.78,0.1,0.7796824500286015,0.0,0.48290473500858044,0,0,0,1,0
308049463,Kuleli Parkı,,leisure:park,park,40.9951977,28.8344124,12.169315217173924,3,5,0.45,0.54,0.8528875846050523,0.04411764705882353,0.4828956871462216,1,0,0,0,0
1030917265,Eyüp Uçak Parkı,,leisure:park,park,41.052632,28.9157841,7.210851259731325,14,17,0.45,0.15,0.9129831090019742,0.20588235294117646,0.48286552093588636,1,0,0,0,0
1389560167,Korugan,,historic:ruins,historic,41.1475262,28.5416611,39.750971188926435,18,9,0.82,0.1,0.5186038036631708,0.2647058823529412,0.4827576116871865,0,1,0,0,0
128933042,Natuk Baytan Parkı,,leisure:park,park,41.0226046,28.9312478,4.268036573576148,11,17,0.45,0.15,0.9486493946269827,0.16176470588235295,0.4825359948586831,1,0,0,0,0
66320567,Yoğurtçu Parkı,Yoğurtçu Park,leisure:park,park,40.9852942,29.0337078,5.2945509794577506,12,1,0.45,0.15,0.9362082592165186,0.17647058823529413,0.48248012482377917,1,0,0,0,0
8071687535,İstanbul Havalimanı Müzesi,Istanbul Airport Museum,tourism:museum,museum,41.2613157,28.7418358,34.41888127380103,0,19,0.85,0.35,0.5832275948878768,0.0,0.48246827846636303,0,0,1,0,0
875862239,Habeş Parkı,,leisure:park,park,41.0319658,28.9367701,4.379636392311662,11,17,0.45,0.15,0.9472968286535132,0.16176470588235295,0.4821302250666422,1,0,0,0,0
571714858,10 Aralık Şehitleri Parkı,,leisure:park,park,41.0378353,28.9938806,3.54197172923951,10,12,0.45,0.15,0.9574491455056973,0.14705882352941177,0.4814994495340621,1,0,0,0,0
516901046,Atatürk Arboretumu,Atatürk Arboretum,tourism:attraction,attraction,41.1770126,28.9824786,18.7742421262917,0,15,0.78,0.1,0.7728372807985701,0.0,0.480851184239571,0,0,0,1,0
2278535412,Ancient Roman Ruins,,historic:ruins,historic,41.0010689,28.6905849,24.16474495400858,2,18,0.82,0.1,0.7075055375460054,0.029411764705882353,0.48060460244027214,0,1,0,0,0
1125382456,Antik Roma Kalıntıları,,historic:ruins,historic,41.0010854,28.6905805,24.165050820889324,2,18,0.82,0.1,0.7075018305047217,0.029411764705882353,0.4806034903278871,0,1,0,0,0
759646506,Muhsin Yazıcıoğlu Parkı,,leisure:park,park,41.0203955,29.1078861,10.948421030418201,17,14,0.45,0.15,0.8676845614543265,0.25,0.48030536843629795,1,0,0,0,0
387205590,Abdülvedüt Parkı,,leisure:park,park,41.0410758,28.938425,4.960767934363073,11,17,0.45,0.15,0.940253638451283,0.16176470588235295,0.48001726800597316,1,0,0,0,0
48971970,Yahya Kemal Parkı,,leisure:park,park,41.0484226,29.0088308,5.149737688479768,11,10,0.45,0.15,0.9379633653815848,0.16176470588235295,0.4793301860850637,1,0,0,0,0
25549864,Doğancılar Parkı,,leisure:park,park,41.0188481,29.0132946,3.158106359631774,9,1,0.45,0.15,0.9621015118196178,0.1323529411764706,0.479218688840003,1,0,0,0,0
881000985,Trotsky House,Trotsky House,tourism:attraction,attraction,40.8702316,29.1164854,19.232546291180835,0,16,0.78,0.1,0.7672827321805519,0.0,0.47918481965416554,0,0,0,1,0
1389560168,Korugan,,historic:ruins,historic,41.1465734,28.5411344,39.750748235427444,17,9,0.82,0.1,0.518606505811972,0.25,0.4790819517435916,0,1,0,0,0
165503983,Şehit Mehmet Hüseyin Balta Parkı,,leisure:park,park,41.0297802,28.936216,4.275872865015253,10,17,0.45,0.15,0.9485544204480028,0.14705882352941177,0.47883103201675375,1,0,0,0,0
12091286698,Ayvat Bendi Tabiat Parkı,,tourism:attraction,attraction,41.1969538,28.9198767,21.55370804251951,0,3,0.78,0.15,0.739150747385664,0.0,0.4782452242156992,0,0,0,1,0
900043245,23 nisan çocuk parkı,,leisure:park,park,40.9891141,29.0385091,5.472708142855118,11,1,0.45,0.15,0.9340490324375555,0.16176470588235295,0.47815588620185495,1,0,0,0,0
1314726598,Hasan Hüseyin Arslan Parkı,,leisure:park,park,41.0527282,29.0065472,5.485431213056981,11,10,0.45,0.15,0.9338948315434314,0.16176470588235295,0.4781096259336177,1,0,0,0,0
309191789,8 Mayıs Parkı,,leisure:park,park,41.0466055,28.9366679,5.521965161486978,11,17,0.45,0.15,0.9334520478894542,0.16176470588235295,0.47797679083742456,1,0,0,0,0
1054826869,Rami Parkı,,leisure:park,park,41.0485135,28.9201287,6.63227163939692,12,17,0.45,0.15,0.9199953704578991,0.17647058823529413,0.4776162581961933,1,0,0,0,0
9056446817,Bathonea Arkeolojik Kazı Alanı,Bathonea Archeological Park,tourism:attraction,attraction,41.0329087,28.7337663,20.706336407261794,1,18,0.78,0.1,0.7494207106680337,0.014705882352941176,0.47750268378864535,0,0,0,1,0
1389560178,Korugan,,historic:ruins,historic,41.1449844,28.5438884,39.469983341428055,16,9,0.82,0.1,0.5220093163762827,0.23529411764705882,0.4764263243246495,0,1,0,0,0
1389560174,Korugan,,historic:ruins,historic,41.1460018,28.543921,39.510936889246004,16,9,0.82,0.1,0.5215129681214284,0.23529411764705882,0.4762774198481932,0,1,0,0,0
1389560179,Korugan,,historic:ruins,historic,41.1453738,28.5435317,39.51416944961619,16,9,0.82,0.1,0.5214737901799815,0.23529411764705882,0.4762656664657592,0,1,0,0,0
1389560173,Korugan,,historic:ruins,historic,41.1455354,28.5431769,39.548499611905754,16,9,0.82,0.1,0.521057715943458,0.23529411764705882,0.47614084419480207,0,1,0,0,0
1389560172,Korugan,,historic:ruins,historic,41.1459688,28.5428609,39.591445160645875,16,9,0.82,0.1,0.5205372250627736,0.23529411764705882,0.47598469693059675,0,1,0,0,0
403116670,Yoros Kalesi,Yoros Castle,tourism:attraction,attraction,41.1785803,29.0948567,21.3113013149416,1,15,0.78,0.1,0.742088665163461,0.014705882352941176,0.4753030701372736,0,0,0,1,0
6398329629,Spradon,,historic:ruins,historic,41.0686511,28.7086192,23.60412938553858,0,18,0.82,0.1,0.7143000785291488,0.0,0.4752900235587446,0,1,0,0,0
4831172762,ATATÜRK Heykeli,,historic:memorial,historic,40.9656268,29.2673074,24.707652506122066,1,4,0.82,0.1,0.7009256139399586,0.014705882352941176,0.47495415477022285,0,1,0,0,0
4471925,Taksim Gezi Parkı,Taksim Gezi Park,leisure:park,park,41.0388553,28.9869032,3.4825575412694962,8,12,0.45,0.15,0.9581692327773443,0.11764705882352941,0.47436253453908567,1,0,0,0,0
1327384737,Eyüpsultan Seyir Terası,Eyüpsultan Observation Terrace,leisure:park,park,41.0445087,28.9338998,5.49865393977032,12,17,0.45,0.1,0.9337345749190786,0.17647058823529413,0.47423801953454714,1,0,0,0,0
166701781,Habitat Parkı,,leisure:park,park,41.0481643,28.9910526,4.568820899549247,9,12,0.45,0.15,0.9450039528218455,0.1323529411764706,0.4740894211406713,1,0,0,0,0
738210615,Kaptan Paşa Parkı,,leisure:park,park,41.0474128,28.9366713,5.591486169795489,10,17,0.45,0.15,0.9326094681133864,0.14705882352941177,0.47404754631636886,1,0,0,0,0
159295720,Orkide Parkı,,leisure:park,park,41.0259051,29.0278141,4.5894624601783995,9,1,0.45,0.15,0.9447537815145562,0.1323529411764706,0.47401436974848454,1,0,0,0,0
366442516,Ortabahçe,,leisure:park,park,41.0519657,29.0107097,5.5703014310271515,12,10,0.45,0.1,0.9328662226237392,0.17647058823529413,0.47397751384594533,1,0,0,0,0
492585973,Cezayirli Hasan Paşa Parkı,,leisure:park,park,41.0303622,28.9670904,2.640677415937905,7,12,0.45,0.15,0.9683726401319966,0.10294117647058823,0.4737470861572461,1,0,0,0,0
661197394,Gonca Gül Parkı,,leisure:park,park,41.0233325,29.0305153,4.685064519590782,9,1,0.45,0.15,0.9435951049681252,0.1323529411764706,0.4736667667845552,1,0,0,0,0
544151675,Kerpiçhane Parkı,,leisure:park,park,41.0260105,29.0295019,4.722666561791707,9,1,0.45,0.15,0.9431393762457114,0.1323529411764706,0.47353004816783106,1,0,0,0,0
761324237,Kalfatoğlu Parkı,,leisure:park,park,41.0182284,29.1063651,10.794428095184648,15,14,0.45,0.15,0.8695509229476659,0.22058823529411764,0.4735123357078292,1,0,0,0,0
8442630599,Zamran Software Web Tasarım Hizmetleri,,tourism:attraction,attraction,40.9874199,28.7076407,22.84004424868421,2,18,0.78,0.1,0.7235606272348089,0.029411764705882353,0.4734211293469132,0,0,0,1,0
1394090867,Rumelihisarı Millet Bahçesi,,leisure:park,park,41.0960872,29.0084364,10.091968354161901,0,10,0.45,0.5,0.8780645850145493,0.0,0.4734193755043648,1,0,0,0,0
1224759769,Fatih Belediyesi Kara Surları Millet Bahçesi,,leisure:park,park,41.0155437,28.9228722,4.730072241785679,11,17,0.45,0.1,0.943049620985499,0.16176470588235295,0.473356062766238,1,0,0,0,0
1026231953,Dikili Ağaç Parkı,,leisure:park,park,41.0517404,28.9211284,6.820466762285036,11,17,0.45,0.15,0.9177144857532864,0.16176470588235295,0.4732555221965742,1,0,0,0,0
1116910436,Arif Nihat Asya Parkı,,leisure:park,park,41.0179648,29.1075744,10.892415056815846,15,14,0.45,0.15,0.8683633418955843,0.22058823529411764,0.47315606139220473,1,0,0,0,0
1389560171,Korugan,,historic:ruins,historic,41.1457671,28.5448222,39.43124821738177,15,9,0.82,0.1,0.5224787778087183,0.22058823529411764,0.4728906921661449,0,1,0,0,0
1389560176,Korugan,,historic:ruins,historic,41.1454475,28.5445649,39.43744314226131,15,9,0.82,0.1,0.5224036966419636,0.22058823529411764,0.4728681678161185,0,1,0,0,0
1389560177,Korugan,,historic:ruins,historic,41.1452785,28.5444057,39.44252553056006,15,9,0.82,0.1,0.5223420991810113,0.22058823529411764,0.4728496885778328,0,1,0,0,0
1389560175,Korugan,,historic:ruins,historic,41.1455421,28.5443516,39.457975892291,15,9,0.82,0.1,0.5221548440959058,0.22058823529411764,0.47279351205230113,0,1,0,0,0
228042035,Topkapı Şehir Parkı,Topkapi Park,leisure:park,park,41.0193245,28.9214117,4.938875623311137,9,17,0.45,0.15,0.940518968586627,0.1323529411764706,0.4727439258701058,1,0,0,0,0
1389560166,Korugan,,historic:ruins,historic,41.149049,28.5457647,39.50087556876924,15,9,0.82,0.1,0.5216349091772405,0.22058823529411764,0.4726375315767015,0,1,0,0,0
412141123,Aydos (Aetos) Kalesi,,historic:archaeological_site,historic,40.9496996,29.2581482,24.3682241644875,0,4,0.82,0.1,0.7050394129633617,0.0,0.4725118238890085,0,1,0,0,0
10127887983,Keyci Hatun Parkı,,leisure:park,park,41.0077519,28.9428248,2.9855250036919805,7,17,0.45,0.15,0.964193161002782,0.10294117647058823,0.4724932424184817,1,0,0,0,0
1451300221,Değirmenaltı Kilisesi Kazı Alanı,,historic:archaeological_site,historic,40.8206769,29.3229477,35.67916233651519,3,11,0.82,0.3,0.5679532575121584,0.04411764705882353,0.47241538901835334,0,1,0,0,1
1389564307,Korugan,,historic:ruins,historic,41.1439514,28.5419231,39.57836239257757,15,9,0.82,0.1,0.5206957854182337,0.22058823529411764,0.47235579444899956,0,1,0,0,0
12669158467,Değirmenaltı Kilisesi,,historic:archaeological_site,historic,40.8205445,29.3232055,35.70536791641046,3,11,0.82,0.3,0.5676356514794338,0.04411764705882353,0.472320107208536,0,1,0,0,1
459565486,Kuruçeşme Parkı,,leisure:park,park,41.0270848,29.0332625,5.059208537497645,9,1,0.45,0.15,0.9390605593610454,0.1323529411764706,0.47230640310243127,1,0,0,0,0
12593673401,Gençlik Parkı,,leisure:park,park,41.0195305,29.1103366,11.14125401197617,15,14,0.45,0.15,0.8653474668929445,0.22058823529411764,0.47225129889141276,1,0,0,0,0
1389560169,Korugan,,historic:ruins,historic,41.1447285,28.5414175,39.65034662298351,15,9,0.82,0.1,0.51982335191631,0.22058823529411764,0.4720940643984224,0,1,0,0,0
1389560170,Korugan,,historic:ruins,historic,41.1441269,28.5405831,39.689599911739904,15,9,0.82,0.1,0.5193476104382302,0.22058823529411764,0.47195134195499844,0,1,0,0,0
1213317617,İmam Rüstem Parkı,,leisure:park,park,41.0542141,28.9172302,7.246068949376648,11,17,0.45,0.15,0.9125562781234101,0.16176470588235295,0.47170805990761133,1,0,0,0,0
526489641,Mustafa Nafi Parki,,leisure:park,park,41.0074598,28.9280448,4.226107463615497,8,17,0.45,0.15,0.9491575664866974,0.11764705882352941,0.4716590346518916,1,0,0,0,0
1214157098,Ensar Parkı,,leisure:park,park,41.0518429,28.9129269,7.32887754891937,11,17,0.45,0.15,0.9115526555788467,0.16176470588235295,0.4714069731442423,1,0,0,0,0
587579702,Şamlar Bendi,,historic:dam,historic,41.1364676,28.7379547,24.6918847176843,0,19,0.82,0.1,0.7011167161689714,0.0,0.4713350148506914,0,1,0,0,0
1111028101,Fulya Yeni Cami Parkı,,leisure:park,park,41.0601113,29.00115,6.079508092775596,4,10,0.45,0.29,0.9266947466128574,0.058823529411764705,0.4712143063367984,1,0,0,0,1
55218921,Soğanlı Bitkiler Parkı,,leisure:park,park,40.9890539,28.9197134,5.3655255503424515,9,17,0.45,0.15,0.9353480625724025,0.1323529411764706,0.47119265406583843,1,0,0,0,0
1337559844,İbrahim Çavuş Parkı,,leisure:park,park,41.0122245,28.9257391,4.44122062305204,8,17,0.45,0.15,0.9465504409268526,0.11764705882352941,0.47087689698393814,1,0,0,0,0
166701656,Maçka Sanat Parkı,,leisure:park,park,41.0493967,28.9902568,4.687598297663938,8,12,0.45,0.15,0.9435643961189092,0.11764705882352941,0.46998108354155516,1,0,0,0,0
1214157099,Yeşilçınar Parkı,,leisure:park,park,41.051684,28.9225432,6.732899342127426,10,17,0.45,0.15,0.9187757841875643,0.14705882352941177,0.46989744113862225,1,0,0,0,0
312748717,Ali Paşa Parkı,,leisure:park,park,41.0061972,28.9343142,3.7059732684342213,7,17,0.45,0.15,0.9554614818694587,0.10294117647058823,0.4698737386784847,1,0,0,0,0
24805852,Cihangir Parkı,,leisure:park,park,41.0318137,28.9858347,2.6987929612761485,6,12,0.45,0.15,0.967668292131751,0.08823529411764706,0.46985931116893703,1,0,0,0,0
984958429,Haramidere Köprüsü,Haramidere Bridge,historic:bridge,historic,41.0050866,28.6790473,25.12151728854228,0,18,0.82,0.1,0.6959096611484435,0.0,0.46977289834453306,0,1,0,0,0
682945051,Allame Parkı,,leisure:park,park,41.0203573,29.0332035,4.792712204088761,8,1,0.45,0.15,0.942290438017726,0.11764705882352941,0.4695988961112002,1,0,0,0,0
1389560158,Korugan,,historic:ruins,historic,41.1464744,28.5465167,39.330873748369854,14,9,0.82,0.1,0.5236952949404561,0.20588235294117646,0.46957917671743094,0,1,0,0,0
1032389505,Şehit Cemal Demir Parkı,,leisure:park,park,41.0413901,28.9243755,5.844624906642957,9,17,0.45,0.15,0.929541480674819,0.1323529411764706,0.4694506794965634,1,0,0,0,0
1395610061,Servili Park,,leisure:park,park,41.0137129,29.0235036,3.833790449711996,7,1,0.45,0.15,0.953912364924826,0.10294117647058823,0.4694090035950949,1,0,0,0,0
675617847,Şelale Parkı,,leisure:park,park,41.0087396,28.9325651,3.84643809484095,7,17,0.45,0.15,0.9537590781664803,0.10294117647058823,0.4693630175675912,1,0,0,0,0
24805102,Abbasağa Parkı,,leisure:park,park,41.0465446,29.0063488,4.8658018678975745,8,10,0.45,0.15,0.9414046068989997,0.11764705882352941,0.4693331467755823,1,0,0,0,0
461114153,Derviş Ali Park,,leisure:park,park,41.0289508,28.9415381,3.8585068100840605,7,12,0.45,0.15,0.9536128079147337,0.10294117647058823,0.4693191364920672,1,0,0,0,0
1032389506,Şeyh Raşit Parkı,,leisure:park,park,41.0427805,28.9246956,5.9229729858112545,9,17,0.45,0.15,0.9285919186847509,0.1323529411764706,0.4691658108995429,1,0,0,0,0
401365050,Endülüs Parkı,,leisure:park,park,41.0214376,29.108933,11.0503384696103,14,14,0.45,0.15,0.866449343853471,0.20588235294117646,0.4689053913913354,1,0,0,0,0
53597309,Hacıbaba Parkı,,leisure:park,park,41.0290038,29.0170485,3.9830707232302682,7,1,0.45,0.15,0.9521031198851941,0.10294117647058823,0.4688662300832053,1,0,0,0,0
1032389503,Şehit Kubilay Parkı,,leisure:park,park,41.0427734,28.9231238,6.02336852053956,9,17,0.45,0.15,0.9273751462410285,0.1323529411764706,0.4688007791664262,1,0,0,0,0
675638536,kamil başaran parkı,,leisure:park,park,41.0081544,28.930644,4.007189062376834,7,17,0.45,0.15,0.951810810764661,0.10294117647058823,0.4687785373470454,1,0,0,0,0
516012699,Mehmet Akif Ersoy Parkı,,leisure:park,park,40.9975586,28.9323479,4.041617117451895,7,17,0.45,0.15,0.9513935500884799,0.10294117647058823,0.4686533591441911,1,0,0,0,0
1487238988,Deliorman Parkı,,leisure:park,park,41.0179627,29.1104098,11.129132224539594,14,14,0.45,0.15,0.8654943803683436,0.20588235294117646,0.4686189023457972,1,0,0,0,0
709925810,Öğretmenler Parkı,,leisure:park,park,41.017713,29.013818,3.1543466778933724,6,1,0.45,0.15,0.9621470783594926,0.08823529411764706,0.46820294703725956,1,0,0,0,0
8010781085,Plaj,Beach,tourism:attraction,attraction,40.8384284,29.1207115,22.345727232869965,0,16,0.78,0.1,0.7295516439163136,0.0,0.46786549317489406,0,0,0,1,0
549714792,Hatıra Ormanı Parkı,,leisure:park,park,41.1049408,29.0251748,11.449762348847685,14,10,0.45,0.15,0.8616084117250054,0.20588235294117646,0.46745311175279575,1,0,0,0,0
910151892,Child Park,,leisure:park,park,41.0211177,29.0279495,4.3984183019184355,7,1,0.45,0.15,0.947069195919529,0.10294117647058823,0.4673560528935058,1,0,0,0,0
165504051,Edirnekapı Sur Dipleri,,leisure:park,park,41.0298838,28.9346671,4.3903470843836905,9,17,0.45,0.1,0.9471670173526251,0.1323529411764706,0.4672383404999052,1,0,0,0,0
8827090499,Ayten Sokak Parkı,,leisure:park,park,41.0468441,28.920785,6.467045931737872,9,17,0.45,0.15,0.9219978707545322,0.1323529411764706,0.4671875965204773,1,0,0,0,0
1494542393,Necmettin Öztürk Parkı,,leisure:park,park,41.0169596,29.1048158,10.651415544343994,13,14,0.45,0.15,0.8712842045267747,0.19117647058823528,0.46667937900509127,1,0,0,0,0
25519812,Çinili Parkı,,leisure:park,park,41.0231955,29.0297536,4.619963094243799,7,1,0.45,0.15,0.9443841203424008,0.10294117647058823,0.46655053022036735,1,0,0,0,0
1317416790,Prof. Dr. Doğan Cüceloğlu Parkı,,leisure:park,park,41.0680363,28.9854012,6.679363431215982,9,10,0.45,0.15,0.919424627996434,0.1323529411764706,0.46641562369304784,1,0,0,0,0
766826680,Ferit Güleryüz Parkı,,leisure:park,park,41.0412323,28.974177,3.690073827022602,6,12,0.45,0.15,0.9556541797044031,0.08823529411764706,0.4662550774407327,1,0,0,0,0
8418045788,Basketbol Sahası,Basketball Court,leisure:park,park,41.0047921,28.9219109,4.755220413105727,9,17,0.45,0.1,0.9427448305189206,0.1323529411764706,0.4659116844497938,1,0,0,0,0
8145881589,Harem-Üsküdar Arası Sahil Parkları,,leisure:park,park,41.0199993,29.0076855,2.785464423207696,5,1,0.45,0.15,0.9666178525198615,0.07352941176470588,0.46586770869713495,1,0,0,0,0
1374054548,Şamlar Arkeolojik Alanı,,historic:archaeological_site,historic,41.1050687,28.6932612,26.222623336119803,0,19,0.82,0.1,0.6825644909679746,0.0,0.4657693472903923,0,1,0,0,0
13340535804,Atatürk Heykeli,,historic:memorial,historic,40.9253613,29.271441,26.27208154819049,0,4,0.82,0.1,0.681965067998355,0.0,0.46558952039950646,0,1,0,0,0
12539082074,Eski Hamam,,historic:ruins,historic,41.0220856,28.5800394,33.45835247785203,7,0,0.82,0.1,0.594868998795685,0.10294117647058823,0.46519599375635257,0,1,0,0,0
401365043,Zeynep Kamil Parkı,,leisure:park,park,41.015703,29.0248727,3.987536297542258,6,1,0.45,0.15,0.9520489980780548,0.08823529411764706,0.4651735229528282,1,0,0,0,0
1148008055,Kasımağa Parkı,,leisure:park,park,41.0177689,29.0250853,4.058998745998575,6,1,0.45,0.15,0.9511828884619459,0.08823529411764706,0.46491369006799554,1,0,0,0,0
1148008056,Cahit Zarifoğlu Parkı,,leisure:park,park,41.0162382,29.0263033,4.117482110806488,6,1,0.45,0.15,0.9504740825682674,0.08823529411764706,0.46470104829989195,1,0,0,0,0
451776171,Hz. Halit Parkı,,leisure:park,park,41.0490971,28.9290289,6.150742482666333,8,17,0.45,0.15,0.9258314010178667,0.11764705882352941,0.4646611850112424,1,0,0,0,0
550811460,ITU Monument Park,,leisure:park,park,41.1041643,29.0213961,11.26331255156863,13,10,0.45,0.15,0.8638681434559109,0.19117647058823528,0.4644545606838321,1,0,0,0,0
8979990879,Avasköyü Yolu Mahalle Parkı,,leisure:park,park,41.0609042,28.8927979,9.268045272925267,11,3,0.45,0.15,0.8880503568290894,0.16176470588235295,0.46435628351931507,1,0,0,0,0
2575834483,Filiboz Antik Bizans kasabası,,historic:ruins,historic,41.1261093,28.7018667,26.633579681445465,0,19,0.82,0.1,0.6775837878130149,0.0,0.46427513634390444,0,1,0,0,0
648423570,Çimen Parkı,,leisure:park,park,41.0179726,29.1019398,10.422204543693843,12,14,0.45,0.15,0.8740621929118548,0.17647058823529413,0.46383630493238,1,0,0,0,0
493658573,Muhtar Seyfi Semiz Parkı,,leisure:park,park,41.0168539,29.1022814,10.438596725525215,12,14,0.45,0.15,0.8738635231682365,0.17647058823529413,0.4637767040092945,1,0,0,0,0
1462853435,Kurbagalidere Parki,,leisure:park,park,40.9819942,29.0324215,5.389496405983643,7,1,0.45,0.15,0.9350575409204627,0.10294117647058823,0.4637525563937859,1,0,0,0,0
5329335403,Aycan turizm,,tourism:attraction,attraction,40.9675965,29.2660832,24.565258981500982,1,4,0.78,0.1,0.7026513930534652,0.014705882352941176,0.46347188850427484,0,0,0,1,0
1140302676,Aşık Veysel Parkı,,leisure:park,park,41.0200583,29.1028721,10.526369928269869,12,14,0.45,0.15,0.8727997306929438,0.17647058823529413,0.4634575662667067,1,0,0,0,0
25549943,Selimiye Parkı,,leisure:park,park,41.0108534,29.0193876,3.451814485291449,5,1,0.45,0.15,0.9585418320513174,0.07352941176470588,0.46344490255657167,1,0,0,0,0
709615937,Karayolları Parkı,,leisure:park,park,41.0098262,29.0321141,4.510696259795628,6,1,0.45,0.15,0.9457084110444636,0.08823529411764706,0.46327134684275084,1,0,0,0,0
1116950851,Çalıkuşu Parkı,,leisure:park,park,41.0140575,29.1045096,10.601355576193331,12,14,0.45,0.15,0.8718909206515923,0.17647058823529413,0.4631849232543013,1,0,0,0,0
709615938,Gökyüzü Parkı,,leisure:park,park,41.0098768,29.03273,4.5625591565778665,6,1,0.45,0.15,0.9450798438096056,0.08823529411764706,0.4630827766722935,1,0,0,0,0
733992963,Bakü Parkı,,leisure:park,park,41.0272834,29.0267309,4.5765162021217805,6,1,0.45,0.15,0.9449106873978232,0.08823529411764706,0.46303202974875873,1,0,0,0,0
401365049,Melisa Parkı,,leisure:park,park,41.0217545,29.104417,10.679827683610075,12,14,0.45,0.15,0.8709398554656365,0.17647058823529413,0.4628996036985145,1,0,0,0,0
249895820,Güneş Saati Parkı,,leisure:park,park,41.1078428,29.0229376,11.692165499619225,13,10,0.45,0.15,0.8586705372973378,0.19117647058823528,0.4628952788362602,1,0,0,0,0
724706778,Hudut Parkı,,leisure:park,park,41.0632679,28.8891031,9.67422363147026,11,3,0.45,0.15,0.8831275618536809,0.16176470588235295,0.46287944502669254,1,0,0,0,0
1032389504,Dede Korkut Parkı,,leisure:park,park,41.0386463,28.9247693,5.630564652483458,7,17,0.45,0.15,0.93213584524753,0.10294117647058823,0.4628760476919061,1,0,0,0,0
166724333,Abide-i Hürriyet ve Şehitlik Parkı,,leisure:park,park,41.0684046,28.9826301,6.70384990045463,8,10,0.45,0.15,0.9191278572177906,0.11764705882352941,0.46265012187121957,1,0,0,0,0
1202390879,Moda Parkı,,leisure:park,park,40.9809587,29.021295,4.704864977041212,6,1,0.45,0.15,0.9433551276517635,0.08823529411764706,0.46256536182494085,1,0,0,0,0
1347067273,şehit parkı,,leisure:park,park,41.0120451,28.9465691,2.704844362122132,4,12,0.45,0.15,0.9675949504456368,0.058823529411764705,0.46248436748663224,1,0,0,0,0
651497842,Fıstık Bayır Parkı,,leisure:park,park,41.019636,29.0327583,4.734743009922809,6,1,0.45,0.15,0.9429930122730135,0.08823529411764706,0.4624567272113158,1,0,0,0,0
583794968,Moda Sahil Park,,leisure:park,park,40.9808441,29.0219802,4.7571524853682305,6,1,0.45,0.15,0.9427214142156491,0.08823529411764706,0.4623752477941065,1,0,0,0,0
547690706,koşuyolu parkı,,leisure:park,park,41.0077017,29.0353121,4.7758081631476,6,1,0.45,0.15,0.9424953113844592,0.08823529411764706,0.4623074169447495,1,0,0,0,0
733992955,Fıstıkağacı Parkı,,leisure:park,park,41.0284213,29.0287549,4.785719404486978,6,1,0.45,0.15,0.9423751892557461,0.08823529411764706,0.4622713803061356,1,0,0,0,0
1026231952,Üç Şehitler Parkı,,leisure:park,park,41.0529474,28.9219857,6.866598721859324,8,17,0.45,0.15,0.9171553762536775,0.11764705882352941,0.46205837758198565,1,0,0,0,0
724706787,Recep Tayyip Erdoğan Parkı,,leisure:park,park,41.0581601,28.8956381,8.891076540042796,10,3,0.45,0.15,0.8926191373785197,0.14705882352941177,0.46205044709590887,1,0,0,0,0
1032389499,Hicret Parkı,,leisure:park,park,41.0408954,28.9227188,5.919106788917034,7,17,0.45,0.15,0.9286387761655703,0.10294117647058823,0.4618269269673182,1,0,0,0,0
759128225,Buhara Parkı,,leisure:park,park,41.0172841,29.1091466,11.01653731329346,12,14,0.45,0.15,0.8668590066505625,0.17647058823529413,0.4616753490539923,1,0,0,0,0
967691127,Mimoza Parkı,,leisure:park,park,41.0119853,29.0371785,4.949863938305575,6,1,0.45,0.15,0.9403857925551994,0.08823529411764706,0.46167456129597156,1,0,0,0,0
739659671,Mıstık Parkı,,leisure:park,park,41.0517473,28.9930549,4.995845260207085,6,12,0.45,0.15,0.9398285087520193,0.08823529411764706,0.4615073761550175,1,0,0,0,0
546786427,97. Yıl Çevre Parkı,,leisure:park,park,41.0596439,28.8949114,9.042151348287794,10,3,0.45,0.15,0.890788142961182,0.14705882352941177,0.4615011487707075,1,0,0,0,0
1148008058,Divitçiler Parkı,,leisure:park,park,41.0166524,29.0249129,4.0142044974609465,5,1,0.45,0.15,0.9517257851894283,0.07352941176470588,0.46140008849800496,1,0,0,0,0
356260770,Koca Mustafa Paşa Sahil Parkı,,leisure:park,park,40.9971471,28.9327502,4.023102071680955,5,17,0.45,0.15,0.9516179484897564,0.07352941176470588,0.4613677374881034,1,0,0,0,0
1030324637,Okur Sokak Parkı,,leisure:park,park,41.0444014,28.924142,6.076204345618771,7,17,0.45,0.15,0.926734787322958,0.10294117647058823,0.4612557303145345,1,0,0,0,0
24805031,Dünya Barış Parkı,,leisure:park,park,41.0502722,29.0030301,5.114125669254153,6,10,0.45,0.15,0.9383949754504619,0.08823529411764706,0.46107731616455033,1,0,0,0,0
1102422252,Doktor Sümer Çavdar Parkı,,leisure:park,park,41.0344685,28.9142024,6.126807860075449,7,17,0.45,0.15,0.9261214835329734,0.10294117647058823,0.46107173917753913,1,0,0,0,0
8979990880,Avasköy Yolu Parkı,,leisure:park,park,41.0606369,28.8932685,9.218683365703475,10,3,0.45,0.15,0.8886486126045041,0.14705882352941177,0.46085928966370415,1,0,0,0,0
389496257,Mehmet Akif Parkı,,leisure:park,park,41.059257,28.8913574,9.248478324283816,10,3,0.45,0.15,0.8882875040685466,0.14705882352941177,0.4607509571029169,1,0,0,0,0
66320564,Moda Sahil Parkı,Moda Coastal Park,leisure:park,park,40.980198,29.0280827,5.204013024097731,6,1,0.45,0.15,0.9373055599031594,0.08823529411764706,0.46075049150035957,1,0,0,0,0
488400668,Atatürk Parkı,,leisure:park,park,41.0341669,28.9127146,6.221185323941913,7,17,0.45,0.15,0.9249776488230743,0.10294117647058823,0.4607285887645694,1,0,0,0,0
2201717708,Pompeus Sütunu / Roke Kayalıkları,,historic:ruins,historic,41.23394,29.1157573,27.61254261009396,0,15,0.82,0.1,0.6657189661530787,0.0,0.4607156898459236,0,1,0,0,0
738210613,Topçular Mesire Alanı,Topçular Recreation Area,leisure:park,park,41.0446927,28.9226961,6.188765509733039,9,17,0.45,0.1,0.9253705700487713,0.1323529411764706,0.46069940630874906,1,0,0,0,0
1237196187,Düğmeciler Parkı,,leisure:park,park,41.0457236,28.9230732,6.240936597963573,7,17,0.45,0.15,0.9247382675993675,0.10294117647058823,0.46065677439745734,1,0,0,0,0
26970150,Maçka Demokrasi Parkı,Maçka Park,leisure:park,park,41.0443372,28.9940096,4.226249584653615,5,12,0.45,0.15,0.9491558440100621,0.07352941176470588,0.4606291061441951,1,0,0,0,0
401214597,Kuzguncuk Parkı,,leisure:park,park,41.0323636,29.0323281,5.261953164438859,6,1,0.45,0.15,0.936603337774025,0.08823529411764706,0.46053982486161926,1,0,0,0,0
178863572,Azerbaycan Dostluk Parkı,,leisure:park,park,41.0520272,29.0021261,5.264081871611585,6,10,0.45,0.15,0.9365775382976287,0.08823529411764706,0.46053208501870035,1,0,0,0,0
915521079,Sevgi Parkı,,leisure:park,park,41.0152954,29.0406999,5.286481223496887,6,1,0.45,0.15,0.9363060629356512,0.08823529411764706,0.46045064241010714,1,0,0,0,0
569832362,Zigana Parkı,,leisure:park,park,41.0196569,29.1129397,11.359842850053317,12,14,0.45,0.15,0.8626982168501278,0.17647058823529413,0.4604271121138619,1,0,0,0,0
415085223,Simitçi Tahir Parkı,,leisure:park,park,41.0329302,29.0323744,5.297704138991741,6,1,0.45,0.15,0.9361700435962521,0.08823529411764706,0.4604098366082874,1,0,0,0,0
309036491,Sururi Parkı,,leisure:park,park,41.0373569,28.9718565,3.2882477237611716,4,12,0.45,0.15,0.9605242262750999,0.058823529411764705,0.4603631502354712,1,0,0,0,0
523822429,Dutluk Parkı,,leisure:park,park,41.0615558,29.0057458,6.3608282184207905,7,10,0.45,0.15,0.9232852067595566,0.10294117647058823,0.46022085614551406,1,0,0,0,0
1144549770,Necmettin Öztürk Parkı,,leisure:park,park,41.0268062,29.0243766,4.377147926397855,5,1,0.45,0.15,0.9473269883290332,0.07352941176470588,0.4600804494398864,1,0,0,0,0
1025262396,Havuzbaşı Parkı,,leisure:park,park,41.0545149,28.9145568,7.429686269798715,8,17,0.45,0.15,0.9103308754072001,0.11764705882352941,0.46001102732804244,1,0,0,0,0
463251162,Çetin Emeç Parkı,,leisure:park,park,41.0528555,29.0041832,5.416020981968953,6,10,0.45,0.15,0.9347360687232411,0.08823529411764706,0.4599796441463841,1,0,0,0,0
31619713,Rumeli Feneri Kalesi,Rumeli Feneri Castle,historic:ruins,historic,41.2376268,29.1110892,27.827127973961666,0,15,0.82,0.1,0.6631182373628295,0.0,0.4599354712088488,0,1,0,0,0
724706771,Sancak Parkı,,leisure:park,park,41.0622187,28.8908512,9.486912747096618,10,3,0.45,0.15,0.8853977297763073,0.14705882352941177,0.4598840248152451,1,0,0,0,0
1026533723,Şeyhülislam Mustafa Efendi Parkı,,leisure:park,park,41.0432842,28.9327585,5.466124750107278,6,17,0.45,0.15,0.9341288217519255,0.08823529411764706,0.4597974700549894,1,0,0,0,0
510689951,Bahar Parkı,,leisure:park,park,41.0086815,29.0316808,4.471072181790428,5,1,0.45,0.15,0.9461886464090652,0.07352941176470588,0.45973894686389605,1,0,0,0,0
1162398258,Valide Sultan Parkı,,leisure:park,park,41.0753006,28.9074555,9.543139675816665,10,3,0.45,0.15,0.884716271406203,0.14705882352941177,0.4596795873042138,1,0,0,0,0
724706780,Öğretmen Nedim Çelik Parkı,,leisure:park,park,41.0630331,28.8905232,9.565653136163661,10,3,0.45,0.15,0.8844434130740352,0.14705882352941177,0.4595977298045635,1,0,0,0,0
153665723,Dolapdere Bahçe,,leisure:park,park,41.0398618,28.9734797,3.5447499478838944,6,12,0.45,0.1,0.9574154740889528,0.08823529411764706,0.4592834657560976,1,0,0,0,0
733992958,Yavuz Gökmen Parkı,,leisure:park,park,41.0286402,29.0260241,4.596720654827195,5,1,0.45,0.15,0.9446658137452353,0.07352941176470588,0.45928209706474704,1,0,0,0,0
931813893,Şeker Parkı,,leisure:park,park,41.0083353,29.033259,4.603213842229961,5,1,0.45,0.15,0.9445871177003864,0.07352941176470588,0.4592584882512924,1,0,0,0,0
389496256,Doktor Sadık Ahmet Parkı,,leisure:park,park,41.0637485,28.8890259,9.71311197599442,10,3,0.45,0.15,0.8826562434217702,0.14705882352941177,0.459061578908884,1,0,0,0,0
315745066,Çukurbostan Parkı,,leisure:park,park,41.0103934,28.9344939,3.6921441912425244,4,17,0.45,0.15,0.9556290873321369,0.058823529411764705,0.4588946085525823,1,0,0,0,0
795424107,Sokullu Parkı,,leisure:park,park,40.9998755,29.03345,4.7113385793595,5,1,0.45,0.15,0.9432766689739566,0.07352941176470588,0.45886535363336345,1,0,0,0,0
874658299,Şehir Er Cemal Tüfekçioğlu Parkı,,leisure:park,park,41.0013022,29.0339539,4.724423083935319,5,1,0.45,0.15,0.9431180875723962,0.07352941176470588,0.45881777921289535,1,0,0,0,0
315603145,Dumlupınar Parkı,,leisure:park,park,41.0764255,28.9045584,9.793027692976136,10,3,0.45,0.15,0.8816876819961369,0.14705882352941177,0.458771010481194,1,0,0,0,0
237949327,Manolya Parkı,,leisure:park,park,41.0060887,29.0349695,4.752599271329741,5,1,0.45,0.15,0.9427765981975602,0.07352941176470588,0.45871533240044454,1,0,0,0,0
759128234,Özkonak Parkı,,leisure:park,park,41.0158492,29.1073923,10.856426548908106,11,14,0.45,0.15,0.8687995149268982,0.16176470588235295,0.45858103094865776,1,0,0,0,0
478454051,Mehmet Ayvalıtaş Parkı,Mehmet Ayvalıtaş Park,leisure:park,park,40.9845105,29.0272727,4.874637457749103,5,1,0.45,0.15,0.9412975214366386,0.07352941176470588,0.45827160937216804,1,0,0,0,0
682947073,Hacı Emin Parkı,,leisure:park,park,41.0170911,29.0358052,4.916938253182477,5,1,0.45,0.15,0.9407848448283596,0.07352941176470588,0.45811780638968436,1,0,0,0,0
421055280,Acıbadem Parkı,,leisure:park,park,40.9989438,29.0363039,4.96684296718224,5,1,0.45,0.15,0.9401800103506999,0.07352941176470588,0.45793635604638644,1,0,0,0,0
594333042,Osman Zeki Bayraktar Parkı,,leisure:park,park,41.0025837,28.9072581,6.002315507259277,6,17,0.45,0.15,0.927630304266593,0.08823529411764706,0.45784791480938963,1,0,0,0,0
617556101,Şehit Naci Çakar Parkı,,leisure:park,park,41.0334978,28.901104,7.0684726732573635,7,17,0.45,0.15,0.9147087070683274,0.10294117647058823,0.45764790623814533,1,0,0,0,0
873170194,Mehtap Bülbül Parkı,,leisure:park,park,40.9986335,29.03733,5.058265962340823,5,1,0.45,0.15,0.9390719831706806,0.07352941176470588,0.4576039478923807,1,0,0,0,0
724796244,Nermin Divoviç Parkı,,leisure:park,park,41.0613264,28.8956814,9.112314255247234,9,3,0.45,0.15,0.8899377835105278,0.1323529411764706,0.45756957034727597,1,0,0,0,0
11421909485,İSKİ Terkos Su Medeniyetleri Müzesi,,tourism:museum,museum,41.3007516,28.6735305,41.348757295363846,0,13,0.85,0.35,0.4992389772240581,0.0,0.4572716931672174,0,0,1,0,0
682945634,Bağlarbaşı Parkı,,leisure:park,park,41.0239593,29.0363653,5.169338080353322,5,1,0.45,0.15,0.9377258128172955,0.07352941176470588,0.45720009678636514,1,0,0,0,0
248012830,Koşuyolu Parkı,,leisure:park,park,41.0087756,29.0400075,5.169831185096768,5,1,0.45,0.15,0.9377198364930962,0.07352941176470588,0.4571983038891053,1,0,0,0,0
1116953872,Ali Vercetti Parkı,,leisure:park,park,41.0155259,29.0999852,10.234063199812143,10,14,0.45,0.15,0.8763424258263931,0.14705882352941177,0.45716743363027085,1,0,0,0,0
389506286,Terazidere Parkı,,leisure:park,park,41.0327837,28.898745,7.22005601568657,7,17,0.45,0.15,0.912871549325263,0.10294117647058823,0.457096758915226,1,0,0,0,0
1346355478,Saklı Bahçe Parkı,,leisure:park,park,41.0100304,29.0405985,5.222942795992203,5,1,0.45,0.15,0.9370761351098209,0.07352941176470588,0.4570051934741228,1,0,0,0,0
1027647621,Murat Münzevi Parkı,,leisure:park,park,41.0367872,28.9289721,5.224802042206087,5,17,0.45,0.15,0.9370536014427084,0.07352941176470588,0.456998433373989,1,0,0,0,0
246100734,Orta Bahçe,,leisure:park,park,41.104738,29.0193442,11.27016794659907,13,10,0.45,0.1,0.8637850575319557,0.19117647058823528,0.4569296349066455,1,0,0,0,0
1107309341,Fikri Göze Parkı,,leisure:park,park,41.0611396,29.0040475,6.267377043010262,6,10,0.45,0.15,0.9244178150511577,0.08823529411764706,0.45688416804475906,1,0,0,0,0
723350167,Saransk Parkı,,leisure:park,park,41.016608,29.0771882,8.341305079453146,8,14,0.45,0.15,0.899282250089666,0.11764705882352941,0.4566964397327822,1,0,0,0,0
1330404726,761/1. Sokak Parkı,,leisure:park,park,41.0720611,28.9050606,9.394585762194843,9,3,0.45,0.15,0.8865167131189876,0.1323529411764706,0.45654324922981393,1,0,0,0,0
729733578,Koca Park,,leisure:park,park,41.035434,28.9112275,6.397386407360121,6,17,0.45,0.15,0.9228421293157824,0.08823529411764706,0.4564114623241465,1,0,0,0,0
1354922097,Korugan 173,,historic:yes,historic,41.022514,28.5752052,33.865612798819804,5,0,0.82,0.1,0.589933090666741,0.07352941176470588,0.4563622801411988,0,1,0,0,0
415089109,Kuzguncuk Bostanı,,leisure:park,park,41.0347792,29.031777,5.3653289693568755,7,1,0.45,0.1,0.9353504450919723,0.10294117647058823,0.4563404276452388,1,0,0,0,0
1116920419,Duru Parkı,,leisure:park,park,41.0125134,29.1033994,10.499260279697658,10,14,0.45,0.15,0.8731282938449897,0.14705882352941177,0.45620319403584986,1,0,0,0,0
41242127,Ortabayır Parkı,,leisure:park,park,41.0545727,29.0249991,6.470457493380893,6,10,0.45,0.15,0.9219565233558802,0.08823529411764706,0.4561457805361758,1,0,0,0,0
1026673618,Şehit Erkan Pala Parkı,,leisure:park,park,41.0398881,28.9286753,5.460388131121203,5,17,0.45,0.15,0.9341983483491121,0.07352941176470588,0.4561418574459101,1,0,0,0,0
879923396,Kumkapı İstasyon Parkı,,leisure:park,park,41.003217,28.9626428,1.4336322080768211,1,12,0.45,0.15,0.9830017703142025,0.014705882352941176,0.45607700168249604,1,0,0,0,0
248011895,Atıfbey Parkı,,leisure:park,park,41.0095328,29.0436821,5.479740600145296,5,1,0.45,0.15,0.93396380055682,0.07352941176470588,0.4560714931082225,1,0,0,0,0
389506285,Şehit Sedat Yenigül Parkı,,leisure:park,park,41.0364589,28.897078,7.5110946124350555,7,17,0.45,0.15,0.909344223677349,0.10294117647058823,0.4560385612208518,1,0,0,0,0
1253442579,Şehit Yakup Polat Parkı,,leisure:park,park,41.0338089,28.8953288,7.528429720280161,7,17,0.45,0.15,0.9091341258717847,0.10294117647058823,0.4559755318791825,1,0,0,0,0
1026624166,Şehit Hüseyin Baş Parkı,,leisure:park,park,41.0415389,28.9297491,5.513554884884477,5,17,0.45,0.15,0.9335539786460532,0.07352941176470588,0.45594854653499245,1,0,0,0,0
1081802586,Çevre Kültür Parkı,,leisure:park,park,41.0637253,29.0043533,6.546641585567737,6,10,0.45,0.15,0.921033188425957,0.08823529411764706,0.4558687800571989,1,0,0,0,0
383957512,Mermerciler Parkı,,leisure:park,park,41.0633678,28.9507598,6.557839198699453,6,12,0.45,0.15,0.9208974757457964,0.08823529411764706,0.4558280662531507,1,0,0,0,0
6762559885,Bamboo Beach,,tourism:attraction,attraction,41.2452616,29.0273091,26.676499905702013,1,15,0.78,0.1,0.677063603859664,0.014705882352941176,0.4557955517461345,0,0,0,1,0
764129047,Karlıdere Parkı,,leisure:park,park,41.0146057,29.080533,8.599067933965886,8,14,0.45,0.15,0.8961582193323708,0.11764705882352941,0.45575923050559364,1,0,0,0,0
163393213,Dostluk Parkı,,leisure:park,park,41.0163687,29.0805999,8.62298886076365,8,14,0.45,0.15,0.8958683028073522,0.11764705882352941,0.45567225554808805,1,0,0,0,0
545716990,Sevgi Parkı,,leisure:park,park,41.0660635,28.8927621,9.643080967042549,9,3,0.45,0.15,0.8835050042967366,0.1323529411764706,0.45563973658313867,1,0,0,0,0
305826759,Sultanbeyli Gölet,,tourism:attraction,attraction,40.9525744,29.2771172,25.82736876269274,0,4,0.78,0.1,0.6873548920002798,0.0,0.45520646760008393,0,0,0,1,0
884500207,Gabdullah Tugay Parkı,,leisure:park,park,41.0630446,28.944432,6.7311358821412774,6,12,0.45,0.15,0.9187971569460496,0.08823529411764706,0.45519797061322664,1,0,0,0,0
7651602485,Büyükçekmece Atatürk Anıtı,,historic:monument,historic,41.0191302,28.5832365,33.17748206887667,4,0,0.82,0.1,0.5982730881789742,0.058823529411764705,0.4551878088066334,0,1,0,0,0
24807026,Fındıklı Parkı,,leisure:park,park,41.0314733,28.9900236,2.7655088505015275,2,12,0.45,0.15,0.9668597098000012,0.029411764705882353,0.454910854116471,1,0,0,0,0
879012406,Nadir Nadi Parkı,,leisure:park,park,41.0002976,28.9345892,3.7799189034573644,3,17,0.45,0.15,0.9545652765623879,0.04411764705882353,0.45489899473342227,1,0,0,0,0
909285178,Güzel Sokak Parkı,,leisure:park,park,41.0804873,28.9343434,8.84649209010671,8,3,0.45,0.15,0.8931594913917491,0.11764705882352941,0.4548596121234071,1,0,0,0,0
286078322,Çetin Emeç Parkı,,leisure:park,park,41.0000688,28.9099263,5.816652624247393,5,17,0.45,0.15,0.9298804987646081,0.07352941176470588,0.4548465025705589,1,0,0,0,0
236790712,Kadıköy Belediyesi Gençlik Merkezi,,leisure:park,park,40.9807094,29.0371629,5.802306812712096,7,1,0.45,0.1,0.9300543669371939,0.10294117647058823,0.4547516041988053,1,0,0,0,0
429350597,Şehit Naci Tuncer Parkı,,leisure:park,park,41.0261985,28.8751128,8.893704077315403,8,17,0.45,0.15,0.8925872921878266,0.11764705882352941,0.45468795236223036,1,0,0,0,0
429347632,Köyiçi Dinlenme Parkı,,leisure:park,park,41.024924,28.8746875,8.89786211079998,8,17,0.45,0.15,0.892536897709847,0.11764705882352941,0.45467283401883646,1,0,0,0,0
252473066,Havuzlu Atatürk anıtı,,historic:monument,historic,41.1555669,28.6744737,30.28907727988176,1,19,0.82,0.1,0.6332799374683973,0.014705882352941176,0.4546604518287545,0,1,0,0,0
717160694,İnegöl Fort,,historic:castle,historic,41.2118807,29.2000362,29.2871548325158,0,15,0.82,0.1,0.6454230235927056,0.0,0.45462690707781167,0,1,0,0,0
51774213,Kalamış Parkı,,leisure:park,park,40.9798894,29.0381372,5.919971761390593,5,1,0.45,0.15,0.928628292883886,0.07352941176470588,0.4544708408063423,1,0,0,0,0
357185976,Zeytinburnu Belediyesi Öğretmenler Parkı,,leisure:park,park,41.0035962,28.9073582,5.9832335346928485,5,17,0.45,0.15,0.9278615736995766,0.07352941176470588,0.45424082505104946,1,0,0,0,0
375799942,Dadaloğlu Parkı,,leisure:park,park,41.0226667,29.109068,11.080477621348104,10,14,0.45,0.15,0.8660840637699397,0.14705882352941177,0.45408992501333484,1,0,0,0,0
759128224,Akdeniz Parkı,,leisure:park,park,41.0162638,29.1100495,11.082306538631284,10,14,0.45,0.15,0.8660618976829914,0.14705882352941177,0.45408327518725033,1,0,0,0,0
330343101,Gençlik Parkı,,leisure:park,park,41.0040343,28.9548948,2.026034277640531,1,12,0.45,0.15,0.9758219837250882,0.014705882352941176,0.45392306570576174,1,0,0,0,0
402822726,Mehmet Emin Öztürk Parkı,,leisure:park,park,41.0372327,28.9165632,6.11004097919704,5,17,0.45,0.15,0.9263246945490334,0.07352941176470588,0.4537797613058865,1,0,0,0,0
761393800,Hacı Arif Şimşek Parkı,,leisure:park,park,41.013287,29.0993983,10.168265695493345,9,14,0.45,0.15,0.8771398775291753,0.1323529411764706,0.4537301985528703,1,0,0,0,0
583934944,Camii Yanı Çocuk Oyun Parkı,,leisure:park,park,40.9431869,29.1152997,13.577412111407739,5,16,0.45,0.33,0.8358217509140272,0.07352941176470588,0.4536288782153846,1,0,0,0,1
458045693,Tekke Parkı,,leisure:park,park,41.0545381,28.9377862,6.176931263481156,5,17,0.45,0.15,0.9255139985864099,0.07352941176470588,0.45353655251709946,1,0,0,0,0
9057378203,770. Sokak Parkı,,leisure:park,park,41.0714144,28.9073528,9.214906596525722,8,3,0.45,0.15,0.8886943862404952,0.11764705882352941,0.45352008057803095,1,0,0,0,0
505030065,İnbey Parkı,,leisure:park,park,41.0037948,28.9531626,2.173641842267877,1,12,0.45,0.15,0.9740330115600454,0.014705882352941176,0.45338637405624893,1,0,0,0,0
723350166,Bulgurlu Parkı,,leisure:park,park,41.016273,29.0761952,8.254405194232504,7,14,0.45,0.15,0.9003354581430447,0.10294117647058823,0.4533359315605605,1,0,0,0,0
734372192,Şehit Sinan Gümüştaş Parkı,,leisure:park,park,41.0271743,29.0355251,5.236503299696192,4,1,0.45,0.15,0.936911784700466,0.058823529411764705,0.453279417763081,1,0,0,0,0
515740261,Bayrampaşa Belediyesi Şair Erdoğan Ertürk Parkı,,leisure:park,park,41.041427,28.9038075,7.266791736950589,6,17,0.45,0.15,0.9123051223628942,0.08823529411764706,0.45325036023828,1,0,0,0,0
733801665,Çınaraltı Parkı,,leisure:park,park,41.0281377,29.0350936,5.247709407968062,4,1,0.45,0.15,0.9367759690610207,0.058823529411764705,0.4532386730712474,1,0,0,0,0
731992231,Bayrampaşa Belediyesi Şehit Adem Yaşari Parkı,,leisure:park,park,41.0316444,28.9104642,6.267347517295938,5,17,0.45,0.15,0.9244181728965107,0.07352941176470588,0.4532078048101297,1,0,0,0,0
375802938,Kent Park,,leisure:park,park,41.0219325,29.1122502,11.333476949893685,10,14,0.45,0.15,0.8630177659302238,0.14705882352941177,0.4531700356614201,1,0,0,0,0
1030324625,Arif Paşa Parkı,,leisure:park,park,41.0493066,28.9269976,6.283658059919825,5,17,0.45,0.15,0.9242204926026549,0.07352941176470588,0.45314850072197294,1,0,0,0,0
728016749,Şehit Kemal Aşık Parkı,,leisure:park,park,41.0370672,28.9002483,7.299838408199803,6,17,0.45,0.15,0.9119046037637193,0.08823529411764706,0.45313020465852755,1,0,0,0,0
659471389,İsmail Hakkı Demir Parkı,,leisure:park,park,41.0714164,28.9046164,9.365112394743166,8,3,0.45,0.15,0.8868739240391341,0.11764705882352941,0.45297394191762264,1,0,0,0,0
1301859907,Atayolu Parkı,,leisure:park,park,41.0496749,28.9265424,6.3396412284038535,5,17,0.45,0.15,0.9235419885545617,0.07352941176470588,0.452944949507545,1,0,0,0,0
734373060,İmam Galip Parkı,,leisure:park,park,41.0284737,29.0361527,5.344019875498749,4,1,0.45,0.15,0.9356087067594601,0.058823529411764705,0.4528884943807792,1,0,0,0,0
707608859,Öğretmenler Parkı,,leisure:park,park,41.0032243,29.0300071,4.365692672243617,3,1,0.45,0.15,0.9474658235633734,0.04411764705882353,0.45276915883371793,1,0,0,0,0
12539082031,Uçak,,historic:monument,historic,41.0105693,28.5991696,31.821546074183097,2,0,0.82,0.1,0.6147067429053463,0.029411764705882353,0.4527649640480744,0,1,0,0,0
12539082030,Uçak,,historic:monument,historic,41.0108445,28.5989483,31.840315658582334,2,0,0.82,0.1,0.6144792595502457,0.029411764705882353,0.4526967190415443,0,1,0,0,0
543856912,Dostluk Parkı,,leisure:park,park,40.9806947,29.0855826,9.501237723706051,8,14,0.45,0.15,0.8852241141185742,0.11764705882352941,0.4524789989414546,1,0,0,0,0
7651620473,Şampiyonlar Anıtı,,historic:monument,historic,41.0207103,28.5859734,32.954559225106095,3,0,0.82,0.1,0.6009748654453668,0.04411764705882353,0.4523218713983159,0,1,0,0,0
549221993,Ali Kuşçu Parkı,,leisure:park,park,41.0959042,28.9036904,11.59107440435048,10,3,0.45,0.15,0.8598957397862892,0.14705882352941177,0.4522334278182397,1,0,0,0,0
183279606,Aydın Demir Park,,leisure:park,park,41.0202105,29.0423492,5.52917154460508,4,1,0.45,0.15,0.9333647080648222,0.058823529411764705,0.45221529477238787,1,0,0,0,0
1036524711,Fevzi Çakmak Parkı,,leisure:park,park,41.07231,28.9021737,9.575440402833845,8,3,0.45,0.15,0.8843247934918409,0.11764705882352941,0.4522092027534346,1,0,0,0,0
724699309,Doktor Nihat Ergin Parkı,,leisure:park,park,41.0568872,28.8989092,8.588684069864094,7,3,0.45,0.15,0.8962840695480463,0.10294117647058823,0.45212051498206096,1,0,0,0,0
736890560,Bayrampaşa Belediyesi Şehit Metin Yüksel Parkı,,leisure:park,park,41.0330782,28.9073639,6.570237527152766,5,17,0.45,0.15,0.9207472106523236,0.07352941176470588,0.4521065161368735,1,0,0,0,0
1081804728,Gayrettepe Park,,leisure:park,park,41.0631083,29.0079817,6.590420930333512,5,10,0.45,0.15,0.9205025921154799,0.07352941176470588,0.45203313057582045,1,0,0,0,0
1275043831,Telsiz Dinlenme Parkı,,leisure:park,park,41.0026098,28.9122848,5.582646205751676,4,17,0.45,0.15,0.932716606590024,0.058823529411764705,0.45202086432994837,1,0,0,0,0
229472351,Sedat Balkanlı Spor Parkı,,leisure:park,park,41.0759722,28.906746,9.63860645667554,8,3,0.45,0.15,0.8835592344069547,0.11764705882352941,0.4519795350279688,1,0,0,0,0
724797465,58. Sokak Mah. Parkı,,leisure:park,park,41.0565353,28.8977682,8.638807626781164,7,3,0.45,0.15,0.8956765827409578,0.10294117647058823,0.45193826893993444,1,0,0,0,0
401863820,Kıvanç Parkı,,leisure:park,park,41.0558973,28.95633,5.617497491556268,4,12,0.45,0.15,0.9322942164477723,0.058823529411764705,0.4518941472872729,1,0,0,0,0
1107309559,Gayrettepe Muhtarlık Parkı,,leisure:park,park,41.0638748,29.0068389,6.63439139832183,5,10,0.45,0.15,0.9199696794323556,0.07352941176470588,0.4518732567708832,1,0,0,0,0
49498990,Aydınlık Parkı,,leisure:park,park,41.0547871,29.0278905,6.6383724544774205,5,10,0.45,0.15,0.9199214298818139,0.07352941176470588,0.45185878190572065,1,0,0,0,0
9708710318,tab ilaç,,historic:castle,historic,41.0721481,28.6298674,30.08343824553711,0,0,0.82,0.1,0.6357722386551123,0.0,0.4517316715965337,0,1,0,0,0
401863821,Gamzeli Parkı,,leisure:park,park,41.0568067,28.9574419,5.68352719267031,4,12,0.45,0.15,0.9314939505694121,0.058823529411764705,0.4516540675237648,1,0,0,0,0
657731177,52. Alay Parkı,,leisure:park,park,41.0572723,28.9593228,5.686386086066831,4,12,0.45,0.15,0.9314593013918979,0.058823529411764705,0.4516436727705106,1,0,0,0,0
764129042,Zambak Parkı,,leisure:park,park,41.0165876,29.0818808,8.732423133253697,7,14,0.45,0.15,0.8945419827919745,0.10294117647058823,0.45159788895523945,1,0,0,0,0
383957511,Kağıthane Mesire Alanı,,leisure:park,park,41.0643528,28.9499395,6.684659495272822,7,12,0.45,0.1,0.9193604408309192,0.10294117647058823,0.45154342636692285,1,0,0,0,0
1275043836,Yunus Emre Doğru Parkı,,leisure:park,park,41.0020184,28.910797,5.71429486987633,4,17,0.45,0.15,0.9311210528914133,0.058823529411764705,0.4515421982203652,1,0,0,0,0
183548483,Barış Manço Parkı,Barıs Manco Park,leisure:park,park,41.0195026,29.0448419,5.714547050223849,4,1,0.45,0.15,0.9311179965194487,0.058823529411764705,0.4515412813087758,1,0,0,0,0
1459176404,Karagümrük Meydan Parkı,,leisure:park,park,41.024819,28.9402847,3.6933815399474352,2,17,0.45,0.15,0.955614090930041,0.029411764705882353,0.45153716845548286,1,0,0,0,0
1122234548,Şair Nedim Parkı,,leisure:park,park,41.0641066,29.0090957,6.72857797156479,5,10,0.45,0.15,0.9188281582760529,0.07352941176470588,0.45153080042399235,1,0,0,0,0
1036524710,Şehit Öğretmen Mustafa Gümüş Parkı,,leisure:park,park,41.0746165,28.9021603,9.76854124316119,8,3,0.45,0.15,0.8819844525393692,0.11764705882352941,0.45150710046769316,1,0,0,0,0
320172652,Dikilitaş Parkı,,leisure:park,park,41.0560551,29.0045116,5.754369490475201,4,10,0.45,0.15,0.9306353570467794,0.058823529411764705,0.451396489466975,1,0,0,0,0
582310548,Riva Kalesi,,historic:castle,historic,41.2239408,29.2171795,31.23471248668101,1,15,0.82,0.1,0.6218190406808966,0.014705882352941176,0.45122218279250426,0,1,0,0,0
867279628,Kemal Sunal Parkı,,leisure:park,park,40.9899252,29.0432425,5.808696550007084,4,1,0.45,0.15,0.9299769246855618,0.058823529411764705,0.45119895975860974,1,0,0,0,0
333761992,Orta Mahalle Fatih Parkı,,leisure:park,park,41.0349719,28.9183413,5.852194381142818,4,17,0.45,0.15,0.9294497402601699,0.058823529411764705,0.45104080443099215,1,0,0,0,0
163404853,Altınköy Parkı,,leisure:park,park,41.0158012,29.0840899,8.908068533959778,7,14,0.45,0.15,0.8924131980405,0.10294117647058823,0.4509592535297971,1,0,0,0,0
1488070821,Kardeş Şehir Mihalgazi Parkı,,leisure:park,park,41.0231204,29.1071996,10.932907807897099,9,14,0.45,0.15,0.8678725783987862,0.1323529411764706,0.4509500088137535,1,0,0,0,0
725681258,Cumhuriyet Parkı,,leisure:park,park,41.0666891,28.888445,9.96097813959176,8,3,0.45,0.15,0.8796521584451562,0.11764705882352941,0.4508074122394292,1,0,0,0,0
682946926,Huzur Parkı,,leisure:park,park,41.0188026,29.0355914,4.941226473482687,3,1,0.45,0.15,0.9404904767845185,0.04411764705882353,0.45067655480006147,1,0,0,0,0
737684416,Fethi Çelebi Parkı,,leisure:park,park,41.035975,28.9322697,4.951267209474006,3,17,0.45,0.15,0.9403687852082746,0.04411764705882353,0.4506400473271883,1,0,0,0,0
62739439,Beyoğlu Hacıahmet Parkı,,leisure:park,park,41.0433972,28.9727287,3.942565045739816,2,12,0.45,0.15,0.9525940400473116,0.029411764705882353,0.45063115319066405,1,0,0,0,0
495846205,Sabri Akpınar Parkı,,leisure:park,park,41.0437546,28.9087665,7.053465244205426,5,17,0.45,0.15,0.9148905939039416,0.07352941176470588,0.4503495311123589,1,0,0,0,0
1120741454,Eyüpsultan Yaşam Parkı,,leisure:park,park,41.0815967,28.9292148,9.144490348280234,7,3,0.45,0.15,0.8895478161334411,0.10294117647058823,0.45009963895767946,1,0,0,0,0
1228007233,Kasımpatı Parkı,,leisure:park,park,41.0126827,29.099346,10.160412584761051,8,14,0.45,0.15,0.8772350555543974,0.11764705882352941,0.4500822813722016,1,0,0,0,0
680591898,Akif Yıldırım Parkı,,leisure:park,park,41.0862669,28.8762698,12.194525693457672,10,3,0.45,0.15,0.8525820390156176,0.14705882352941177,0.4500393175870382,1,0,0,0,0
726991191,Şehit Zafer Gürcan Işık Parkı,,leisure:park,park,41.0425223,28.9064086,7.1440388177300305,5,17,0.45,0.15,0.9137928615327514,0.07352941176470588,0.4500202114010019,1,0,0,0,0
356926171,Barış Parkı,,leisure:park,park,41.0505419,28.8987682,8.172265105696086,6,17,0.45,0.15,0.9013309784769571,0.08823529411764706,0.4499581170724989,1,0,0,0,0
375933332,23 Nisan Parkı,,leisure:park,park,40.9846703,29.083379,9.190597836384457,7,14,0.45,0.15,0.8889890032228241,0.10294117647058823,0.44993199508449433,1,0,0,0,0
738210618,Tekke Parkı,,leisure:park,park,41.053553,28.935894,6.176119879108411,4,17,0.45,0.15,0.9255238323917548,0.058823529411764705,0.4498630320704676,1,0,0,0,0
1095160431,Bayrampaşa Belediyesi Şehit Astsubay Esma Çevik Parkı,,leisure:park,park,41.0392981,28.9026982,7.2310188880132875,5,17,0.45,0.15,0.9127386816535354,0.07352941176470588,0.4497039574372371,1,0,0,0,0
41242126,Gültekin Parkı,,leisure:park,park,41.0517107,29.02505,6.222555650334532,4,10,0.45,0.15,0.9249610407597978,0.058823529411764705,0.44969419458088056,1,0,0,0,0
722928240,Mimoza Parkı,,leisure:park,park,41.0146209,29.0764904,8.261230114781252,6,14,0.45,0.15,0.9002527415633006,0.08823529411764706,0.4496346459984019,1,0,0,0,0
661011279,Helin Palandöken Parkı,,leisure:park,park,40.9739332,29.0923036,10.29143237231251,8,14,0.45,0.15,0.8756471237055716,0.11764705882352941,0.4496059018175539,1,0,0,0,0
357185971,Zeytin Park,,leisure:park,park,40.9992063,28.9048457,6.2528200848649504,4,17,0.45,0.15,0.9245942422755713,0.058823529411764705,0.4495841550356126,1,0,0,0,0
309052090,Koyunbaba Parkı,,leisure:park,park,41.0213803,28.9440444,3.2336663038895477,1,12,0.45,0.15,0.9611857414293223,0.014705882352941176,0.449532193017032,1,0,0,0,0
394054850,Ahmed Durakoğlu Parkı,,leisure:park,park,41.0952075,28.9082094,11.324493490621679,9,3,0.45,0.15,0.863126643538387,0.1323529411764706,0.4495262283556338,1,0,0,0,0
1467139700,Nisantaşlar Parkı,,leisure:park,park,41.0723825,28.9609679,7.284989193097626,5,12,0.45,0.15,0.9120845730800453,0.07352941176470588,0.4495077248651901,1,0,0,0,0
594226038,Merkezefendi Parkı,,leisure:park,park,41.0102486,28.9157258,5.263813382439561,3,17,0.45,0.15,0.9365807923290638,0.04411764705882353,0.449503649463425,1,0,0,0,0
401365051,Pazarcık Parkı,,leisure:park,park,41.0205404,29.1132541,11.397390336465596,9,14,0.45,0.15,0.8622431493322233,0.1323529411764706,0.4492611800937847,1,0,0,0,0
106702488,Mahmut Şevket Paşa Parkı,,leisure:park,park,41.0542997,28.9604758,5.341999365600703,3,12,0.45,0.15,0.9356331949079905,0.04411764705882353,0.44921937023710307,1,0,0,0,0
761321993,Akşemsettin Parkı,,leisure:park,park,41.0120051,29.102451,10.417358246908028,8,14,0.45,0.15,0.8741209289940823,0.11764705882352941,0.4491480434041071,1,0,0,0,0
1108090950,Korugan,,historic:ruins,historic,41.1498016,28.5408889,39.90914434793856,9,9,0.82,0.1,0.5166867787502271,0.1323529411764706,0.44909426891918575,0,1,0,0,0
389496258,Mercan Parkı,,leisure:park,park,41.0543876,28.8988661,8.419216921698244,6,3,0.45,0.15,0.8983379751979585,0.08823529411764706,0.4490602160887993,1,0,0,0,0
484631957,Ali İsmail Korkmaz Parkı,,leisure:park,park,40.995968,29.0280181,4.3803382549714485,2,1,0.45,0.15,0.9472883222279435,0.029411764705882353,0.4490394378448536,1,0,0,0,0
389496259,Ertuğrul Gazi Parkı,,leisure:park,park,41.0528151,28.8970098,8.439232012352916,6,3,0.45,0.15,0.8980953965729916,0.08823529411764706,0.44898744250130923,1,0,0,0,0
307902879,Orhangazi Parkı,,leisure:park,park,41.0019061,28.8777433,8.475405650420964,6,17,0.45,0.15,0.8976569798036652,0.08823529411764706,0.44885591747051135,1,0,0,0,0
1076773721,Karadeniz Parkı,,leisure:park,park,41.0820863,28.8819478,11.529381396878284,9,3,0.45,0.15,0.8606434458637126,0.1323529411764706,0.4487812690532314,1,0,0,0,0
1025262395,Menekşe Parkı,,leisure:park,park,41.0823557,28.8815425,11.574562793611458,9,3,0.45,0.15,0.8600958569827669,0.1323529411764706,0.44861699238894776,1,0,0,0,0
549546815,Behice Yazgan Parkı,,leisure:park,park,40.9752206,29.0428598,6.535873732773595,4,1,0.45,0.15,0.9211636925025918,0.058823529411764705,0.44855499010371874,1,0,0,0,0
309191780,Silahtarağa Gençlik Parkı,,leisure:park,park,41.0710241,28.9439111,7.560911493453587,5,3,0.45,0.15,0.9087404537166671,0.07352941176470588,0.4485044890561766,1,0,0,0,0
733047404,Barbaros Parkı,,leisure:park,park,41.0145076,29.0317588,4.531703565356913,2,1,0.45,0.15,0.9454538069866933,0.029411764705882353,0.4484890832724786,1,0,0,0,0
227701871,GoPark,,leisure:park,park,41.0569795,28.9154919,7.567238348992486,5,3,0.45,0.15,0.9086637735784919,0.07352941176470588,0.44848148501472407,1,0,0,0,0
1059942296,Çilingir Su Kemeri,,historic:aqueduct,historic,41.1900739,28.6824796,31.997514067544817,1,19,0.82,0.1,0.6125740483997678,0.014705882352941176,0.4484486851081656,0,1,0,0,0
53597263,Paşalimanı Parkı,,leisure:park,park,41.0322437,29.0222915,4.550466186098861,2,1,0.45,0.15,0.9452264080296322,0.029411764705882353,0.44842086358536026,1,0,0,0,0
1466506775,Celal Nuri Parkı,,leisure:park,park,41.0007804,28.8763284,8.604905988411781,6,17,0.45,0.15,0.8960874633590704,0.08823529411764706,0.4483850625371329,1,0,0,0,0
1116385827,23 Nisan Parkı,,leisure:park,park,41.0766645,28.9077159,9.648705523599178,7,3,0.45,0.15,0.8834368358722665,0.10294117647058823,0.44826634487932704,1,0,0,0,0
724708940,Ali İzzet Begoviç Parkı,,leisure:park,park,41.0600786,28.9002964,8.728894944261619,6,3,0.45,0.15,0.8945847436891938,0.08823529411764706,0.44793424663616993,1,0,0,0,0
833849782,Kuyulubağ Parkı,,leisure:park,park,41.0507325,28.9801124,4.731585551517571,2,12,0.45,0.15,0.9430312799946815,0.029411764705882353,0.447762325174875,1,0,0,0,0
1358139693,Yunus Emre Parkı,,leisure:park,park,41.0691829,28.9759564,6.784094864754789,4,12,0.45,0.15,0.9181553053849609,0.058823529411764705,0.4476524739684295,1,0,0,0,0
389506287,Şehit Hava Pilot Kurmay Yüzbaşı Mustafa Delikanlı Parkı,,leisure:park,park,41.0326842,28.9031883,6.872102528166864,4,17,0.45,0.15,0.9170886712964429,0.058823529411764705,0.44733248374187407,1,0,0,0,0
1220597405,Feriköy Kent Parkı,,leisure:park,park,41.0518141,28.9778823,4.849867768526526,2,12,0.45,0.15,0.9415977247810121,0.029411764705882353,0.4473322586107742,1,0,0,0,0
569590173,Nuri Killigil Parkı,,leisure:park,park,41.0555253,28.947613,5.861825030040728,3,12,0.45,0.15,0.9293330188519334,0.04411764705882353,0.4473293174202859,1,0,0,0,0
153690115,Nakkaştepe Millet Bahçesi,,leisure:park,park,41.0362447,29.0370392,5.824477879962804,5,1,0.45,0.1,0.9297856583362428,0.07352941176470588,0.4473180504420493,1,0,0,0,0
746793920,Yaşar Kemal Parkı,,leisure:park,park,41.0757406,29.0085904,7.92550819744056,5,10,0.45,0.15,0.9043216195156847,0.07352941176470588,0.4471788387958819,1,0,0,0,0
496112199,Yahya Kemal Parkı,,leisure:park,park,41.0390818,28.9068537,6.914898982174983,4,17,0.45,0.15,0.9165699874120745,0.058823529411764705,0.4471768785765636,1,0,0,0,0
13555673310,Gür Sokak Parkı,,leisure:park,park,41.0676095,28.8896683,9.951097793119715,7,3,0.45,0.15,0.8797719061346739,0.10294117647058823,0.4471668659580493,1,0,0,0,0
1477781463,Gür Sokak Parkı,,leisure:park,park,41.0675976,28.8896509,9.951311477699631,7,3,0.45,0.15,0.8797693163231929,0.10294117647058823,0.447166089014605,1,0,0,0,0
1130748413,Sanat Parkı,,leisure:park,park,40.9875543,29.0436673,5.939043071002836,3,1,0.45,0.15,0.9283971526836303,0.04411764705882353,0.447048557569795,1,0,0,0,0
651495611,Tevfik Fiktet Erciyes Parkı,,leisure:park,park,41.0227977,29.108089,11.001344951986585,8,14,0.45,0.15,0.8670431348256183,0.11764705882352941,0.4470247051535679,1,0,0,0,0
248012829,Erdem Parkı,,leisure:park,park,41.0099376,29.0492586,5.948773292878496,3,1,0.45,0.15,0.928279224472165,0.04411764705882353,0.4470131791063554,1,0,0,0,0
440300607,Yenikapı Şehir Parkı,Yenikapı City Park,leisure:park,park,40.9991084,28.9457788,2.91812699173447,0,12,0.45,0.15,0.9650100105163933,0.0,0.44700300315491803,1,0,0,0,0
429350598,Genç Osman Parkı,,leisure:park,park,41.0261215,28.8737797,9.000820688535025,6,17,0.45,0.15,0.8912890617321626,0.08823529411764706,0.44694554204906056,1,0,0,0,0
724796245,Özkaymaz Parkı,,leisure:park,park,41.0614657,28.8975438,9.004122588035262,6,3,0.45,0.15,0.8912490434152653,0.08823529411764706,0.4469335365539914,1,0,0,0,0
804736815,Yeniköy Cami Parkı,,leisure:park,park,41.1217823,29.0700474,14.783340837601179,6,15,0.45,0.29,0.821206152251234,0.08823529411764706,0.4469206692047819,1,0,0,0,1
495846206,İsmet Paşa Parkı,,leisure:park,park,41.0417859,28.9079837,6.988626015818415,4,17,0.45,0.15,0.9156764315070485,0.058823529411764705,0.44690881180505576,1,0,0,0,0
1200631368,Veysel Karani Parkı,,leisure:park,park,41.0805989,28.9295134,9.034229484210227,6,3,0.45,0.15,0.8908841542622681,0.08823529411764706,0.4468240698080922,1,0,0,0,0
1021485067,İhtiyarlar Parkı,,leisure:park,park,41.0474046,28.9487102,5.020625403339291,2,12,0.45,0.15,0.9395281787084933,0.029411764705882353,0.44671139478901856,1,0,0,0,0
493658570,Hacı Arif Şimşek Parkı,,leisure:park,park,41.012337,29.098425,10.081427549510172,7,14,0.45,0.15,0.878192337316179,0.10294117647058823,0.4466929953125008,1,0,0,0,0
12641833767,Tarihi Kalıntı,,historic:yes,historic,40.8335645,29.2731395,31.46976333913199,0,11,0.82,0.1,0.6189702745389578,0.0,0.4466910823616873,0,1,0,0,0
722928242,Nezih Uzel Parkı,,leisure:park,park,41.0166763,29.0738207,8.061480650939554,5,14,0.45,0.15,0.9026736624131039,0.07352941176470588,0.4466844516651076,1,0,0,0,0
1211571272,Mehmet Niyazi Özdemir Parkı,,leisure:park,park,41.0793703,28.8853801,11.11234638339714,8,3,0.45,0.15,0.8656978211787553,0.11764705882352941,0.44662111105950897,1,0,0,0,0
237850717,Gümrük Parkı,,leisure:park,park,41.0050689,29.0145012,3.0492492401419855,0,1,0.45,0.15,0.9634208368638703,0.0,0.4465262510591611,1,0,0,0,0
1278427805,Fındık Fatma Çocuk Parkı,,leisure:park,park,41.0519415,29.0222786,6.099494464808164,3,10,0.45,0.15,0.9264525160514582,0.04411764705882353,0.44646516658014335,1,0,0,0,0
762832525,Ortanca Parkı,,leisure:park,park,41.0540268,28.9783603,5.0957157909402815,2,12,0.45,0.15,0.9386180992446149,0.029411764705882353,0.44643837094985506,1,0,0,0,0
1467139837,Somuncu Baba Parkı,,leisure:park,park,41.081306,28.9744648,8.135723708223274,5,10,0.45,0.15,0.9017738524117427,0.07352941176470588,0.4464145086646993,1,0,0,0,0
878199965,Emirhan Caddesi Parkı,,leisure:park,park,41.0585591,29.0088644,6.155152485036619,3,10,0.45,0.15,0.9257779527307946,0.04411764705882353,0.44626279758394427,1,0,0,0,0
309052102,Şenol Güneş Parkı,,leisure:park,park,41.0166283,28.9428549,3.1261673950187787,0,12,0.45,0.15,0.9624886052508873,0.0,0.4462465815752662,1,0,0,0,0
9363528122,Murat Parkı,,leisure:park,park,41.0826761,29.0261643,9.199246260663104,6,10,0.45,0.15,0.8888841861672414,0.08823529411764706,0.4462240793795842,1,0,0,0,0
1076773705,Mehmet Akif Parkı,,leisure:park,park,41.0817509,28.8867632,11.222550437840543,8,3,0.45,0.15,0.8643621715704723,0.11764705882352941,0.44622041617702407,1,0,0,0,0
761316677,Necati Çelik Parkı,,leisure:park,park,41.0198903,29.0991784,10.216595151284157,7,14,0.45,0.15,0.8765541348446476,0.10294117647058823,0.4462015345710414,1,0,0,0,0
1126021796,Gabdullah Tugay Parkı,,leisure:park,park,41.0568824,28.9427911,6.182581355929931,3,12,0.45,0.15,0.9254455206723795,0.04411764705882353,0.44616306796641975,1,0,0,0,0
248014012,Menekşe Parkı,,leisure:park,park,41.0128938,29.0519042,6.18952938009761,3,1,0.45,0.15,0.9253613121030599,0.04411764705882353,0.4461378053956239,1,0,0,0,0
743549129,Moda İnceburun Parkı,,leisure:park,park,40.9869176,29.0192773,4.167611375041252,1,1,0.45,0.15,0.949866526589707,0.014705882352941176,0.4461364285651474,1,0,0,0,0
9363528123,Babil Parkı,,leisure:park,park,41.0822898,29.0279668,9.227701199088587,6,10,0.45,0.15,0.8885393183894299,0.08823529411764706,0.44612061904624073,1,0,0,0,0
763336666,Ertuvam Parkı,,leisure:park,park,41.014477,29.0882164,9.240602966034569,6,14,0.45,0.15,0.8883829517289237,0.08823529411764706,0.44607370904808885,1,0,0,0,0
13555625496,Şelale Parkı,,leisure:park,park,41.0523184,28.8996084,8.230873555807571,5,3,0.45,0.15,0.9006206565761083,0.07352941176470588,0.44606854991400896,1,0,0,0,0
1450377031,Roma Dönemi Köprüsü,,historic:building,historic,41.2235881,28.7311477,31.664313931125964,0,19,0.82,0.1,0.6166123629058482,0.0,0.4459837088717544,0,1,0,0,0
13568870464,Terazidre Çocuk Oyun Alanı,,leisure:park,park,41.0322682,28.8985586,7.213092802908867,6,17,0.45,0.1,0.912955941977293,0.08823529411764706,0.44594560612259965,1,0,0,0,0
468573611,Doga Park,,leisure:park,park,40.9850533,29.0846456,9.280621701073475,6,14,0.45,0.15,0.8878979332053435,0.08823529411764706,0.4459282034910148,1,0,0,0,0
548995745,Papatya Parkı,,leisure:park,park,41.095461,28.9090792,11.310923495129803,8,3,0.45,0.15,0.8632911089861843,0.11764705882352941,0.44589909740173767,1,0,0,0,0
738229391,Muhsin Yazıcıoğlu Parkı,,leisure:park,park,41.0826416,28.9743603,8.284469423085904,5,10,0.45,0.15,0.8999710861088743,0.07352941176470588,0.44587367877383877,1,0,0,0,0
1212144974,Selanik Caddesi Parkı,,leisure:park,park,41.0794238,28.8818585,11.325787494404654,8,3,0.45,0.15,0.8631109604888424,0.11764705882352941,0.4458450528525351,1,0,0,0,0
590191285,Dumlupınar Parkı,,leisure:park,park,40.9883083,29.0612208,7.293958837446933,4,1,0.45,0.15,0.9119758629057954,0.058823529411764705,0.4457986412246798,1,0,0,0,0
163232377,Cüneyt Arkın Sanatçılar Parkı,,leisure:park,park,41.0828064,29.0298271,9.349943360471517,6,10,0.45,0.15,0.8870577694955041,0.08823529411764706,0.44567615437806296,1,0,0,0,0
545900875,Özgürlük Parkı,,leisure:park,park,41.0008756,28.9034028,6.345811375799348,3,17,0.45,0.15,0.9234672076856231,0.04411764705882353,0.4455695740703928,1,0,0,0,0
726545082,Dökümcüler Parkı,,leisure:park,park,41.0479245,28.9082266,7.359455752625955,4,17,0.45,0.15,0.9111820542792033,0.058823529411764705,0.44556049863670216,1,0,0,0,0
463423529,Bakırköy Botanik Parkı,,leisure:park,park,40.9984016,28.8793745,8.380924904906687,5,17,0.45,0.15,0.8988020662650824,0.07352941176470588,0.4455229728207012,1,0,0,0,0
389494224,Kutlu Doğum Parkı,,leisure:park,park,41.0767551,28.912287,9.426177933350091,6,3,0.45,0.15,0.8861338227503761,0.08823529411764706,0.4453989703545246,1,0,0,0,0
1044550624,Fidan Parkı,,leisure:park,park,41.0726448,28.9558303,7.4117328222420475,4,12,0.45,0.15,0.9105484673580363,0.058823529411764705,0.4453704225603521,1,0,0,0,0
1116922618,Alparslan Parkı,,leisure:park,park,41.0102937,29.1029164,10.450541828703061,7,14,0.45,0.15,0.8737187510683263,0.10294117647058823,0.445350919438145,1,0,0,0,0
548996812,Aliya İzzet Begoviç Parkı,,leisure:park,park,41.0947011,28.9034095,11.49164949447063,8,3,0.45,0.15,0.8611007484641031,0.11764705882352941,0.4452419892451133,1,0,0,0,0
715158295,Feneryolu Park,,leisure:park,park,40.9846117,29.0485435,6.444656263193725,3,1,0.45,0.15,0.9222692287564824,0.04411764705882353,0.44521018039165067,1,0,0,0,0
13043139793,Sultan Şah Parkı,,leisure:park,park,41.0653364,28.9645684,6.458334310269647,3,12,0.45,0.15,0.9221034537465583,0.04411764705882353,0.4451604478886734,1,0,0,0,0
264424529,Akasya Parkı,,leisure:park,park,41.024107,29.0772646,8.481175446052765,5,14,0.45,0.15,0.8975870511126165,0.07352941176470588,0.4451584682749614,1,0,0,0,0
229219667,Şehit Yusuf Yengin Parkı,,leisure:park,park,41.096018,28.905505,11.520268620680431,8,3,0.45,0.15,0.8607538907654043,0.11764705882352941,0.44513793193550366,1,0,0,0,0
625337003,Arapgirli Parkı,,leisure:park,park,40.9841627,29.0870996,9.506092702760036,6,14,0.45,0.15,0.8851652728091103,0.08823529411764706,0.44510840537214486,1,0,0,0,0
495846203,İbb Kutlu Doğum Parkı,,leisure:park,park,41.0790382,28.9390528,8.54012820790526,5,3,0.45,0.15,0.8968725562269867,0.07352941176470588,0.4449441198092725,1,0,0,0,0
313347510,Kıbrıs Barış Ormanı Parkı,,leisure:park,park,41.0544256,28.9541348,5.528375028214593,2,12,0.45,0.15,0.9333743616733969,0.029411764705882353,0.44486524967848967,1,0,0,0,0
876502330,İdris Bitlis Parkı,,leisure:park,park,41.0564788,28.9333999,6.562514926546652,3,17,0.45,0.15,0.9208408069226838,0.04411764705882353,0.444781653841511,1,0,0,0,0
1466506777,Yürüyüş Yolu Parkı,,leisure:park,park,40.9995199,28.8766006,8.59685734060346,5,17,0.45,0.15,0.8961850112519014,0.07352941176470588,0.4447378563167469,1,0,0,0,0
401365048,Mavi Marmara Parkı,,leisure:park,park,41.0204445,29.0796027,8.599549902110423,5,14,0.45,0.15,0.8961523779813724,0.07352941176470588,0.4447280663355882,1,0,0,0,0
1214157100,Başkanlık Parkı,,leisure:park,park,41.0578728,28.916289,7.592695423054384,4,3,0.45,0.15,0.9083552392766412,0.058823529411764705,0.4447124541359336,1,0,0,0,0
1411794673,Tarihi Lokomotif 56511,Steam engine 56511,historic:locomotive,historic,40.8569634,29.3167816,33.02785192237354,1,11,0.82,0.1,0.6000865736044751,0.014705882352941176,0.4447024426695778,0,1,0,0,0
1467139695,Çınar Parkı,,leisure:park,park,41.0748734,28.958646,7.596606978660554,4,12,0.45,0.15,0.9083078320579183,0.058823529411764705,0.4446982319703167,1,0,0,0,0
736818500,Akasya Parkı,,leisure:park,park,41.0947537,28.9750632,9.628412099585972,6,10,0.45,0.15,0.883682787838107,0.08823529411764706,0.4446636598808439,1,0,0,0,0
590808457,Halk Sokak Parkı,,leisure:park,park,40.9836275,29.088455,9.632057052382228,6,14,0.45,0.15,0.8836386117885132,0.08823529411764706,0.4446504070659657,1,0,0,0,0
1174145116,Alman Deresi Parkı,,leisure:park,park,41.0859121,29.0292817,9.637280563352821,6,10,0.45,0.15,0.8835753039509118,0.08823529411764706,0.4446314147146853,1,0,0,0,0
765669503,Dr. Sadık Ahmet Parkı,,leisure:park,park,41.0234241,29.0918959,9.67159304232094,6,14,0.45,0.15,0.8831594440324682,0.08823529411764706,0.4445066567391522,1,0,0,0,0
98028258,Bayrampaşa Şehir Parkı,Bayrampaşa City Park,leisure:park,park,41.0620454,28.88738,9.702123278491749,6,3,0.45,0.15,0.882789424089116,0.08823529411764706,0.44439565075614657,1,0,0,0,0
816435368,Şehit Soner Baykuş Parkı,,leisure:park,park,41.0782478,28.9324055,8.691778910048976,5,3,0.45,0.15,0.8950345820985656,0.07352941176470588,0.44439272757074616,1,0,0,0,0
1279059949,Şehit Öğretmen Mustafa Karakaş Parkı,,leisure:park,park,41.0736541,28.9016318,9.717231924883201,6,3,0.45,0.15,0.8826063105209596,0.08823529411764706,0.44434071668569963,1,0,0,0,0
467178161,Şehit Hüseyin Çatalkaş Parkı,,leisure:park,park,41.0807402,28.9392755,8.707920102736153,5,3,0.45,0.15,0.8948389542897818,0.07352941176470588,0.444334039228111,1,0,0,0,0
521523382,Osmanlı Parkı,,leisure:park,park,41.0734204,28.9472856,7.707381374040829,4,3,0.45,0.15,0.9069652700392637,0.058823529411764705,0.4442954633647203,1,0,0,0,0
1024828097,Şehit Eren Bülbül Parkı,,leisure:park,park,41.0824655,28.8785721,11.759282975094806,8,3,0.45,0.15,0.8578570878259852,0.11764705882352941,0.44426889105367795,1,0,0,0,0
736868019,Şehit Ali Bekdemir Parkı,,leisure:park,park,41.0817369,28.9416973,8.737069164100534,5,3,0.45,0.15,0.8944856738901651,0.07352941176470588,0.444228055108226,1,0,0,0,0
1162398256,797. Sokak Parkı,,leisure:park,park,41.0692393,28.9123049,8.76337577047649,5,3,0.45,0.15,0.8941668434380664,0.07352941176470588,0.4441324059725964,1,0,0,0,0
544071046,Muhterem Evcil Parkı,,leisure:park,park,40.9996561,29.0460069,5.752229073763169,2,1,0.45,0.15,0.9306612984402919,0.029411764705882353,0.4440513307085581,1,0,0,0,0
732722742,Hukukçular Sitesi Parkı,,leisure:park,park,41.0042108,29.0468532,5.761153053968303,2,1,0.45,0.15,0.9305531417057188,0.029411764705882353,0.4440188836881862,1,0,0,0,0
763128751,Hayrettin Karaca Parkı,,leisure:park,park,41.0593139,28.9916783,5.791709228623626,2,10,0.45,0.15,0.9301828073934729,0.029411764705882353,0.4439077833945125,1,0,0,0,0
1116385826,Zafer Parkı,,leisure:park,park,41.0783601,28.9067752,9.846035961574795,6,3,0.45,0.15,0.8810452330994321,0.08823529411764706,0.4438723934592414,1,0,0,0,0
1026231954,Ayancık Sokağı Çocuk Parkı,,leisure:park,park,41.047073,28.9005644,7.830366382316662,4,17,0.45,0.15,0.905474717999614,0.058823529411764705,0.4438482977528254,1,0,0,0,0
45670208,Havacılar Parkı,,leisure:park,park,41.0567895,29.0280139,6.819818438970024,3,10,0.45,0.15,0.9177223432934296,0.04411764705882353,0.4438461147527348,1,0,0,0,0
466605950,Şehit Polis Mustafa Yurter Parkı,,leisure:park,park,40.9928327,28.8871861,7.843018146636012,4,17,0.45,0.15,0.9053213813175602,0.058823529411764705,0.44380229674820926,1,0,0,0,0
463423508,Selim - Kerim Altınok Kardeşler Parkı,,leisure:park,park,40.9971926,28.8738306,8.860053275575806,5,17,0.45,0.15,0.8929951327195466,0.07352941176470588,0.44378089275704047,1,0,0,0,0
466644476,Hatice Küçük Parkı,,leisure:park,park,40.9973304,28.8737188,8.867234648459352,5,17,0.45,0.15,0.892908096013617,0.07352941176470588,0.44375478174526156,1,0,0,0,0
1173794516,Ertuğrul Gazi Parkı,,leisure:park,park,41.0830497,28.9408924,8.897464232854393,5,3,0.45,0.15,0.8925417199055898,0.07352941176470588,0.44364486891285343,1,0,0,0,0
1023637464,Yavuz Sultan Selim Kitap Parkı,,leisure:park,park,41.0359636,28.8918643,7.888792368003012,4,17,0.45,0.15,0.9047666075286368,0.058823529411764705,0.44363586461153226,1,0,0,0,0
746793923,Gülsu Parkı,,leisure:park,park,41.0767467,29.0030589,7.897627809972353,4,10,0.45,0.15,0.9046595238585762,0.058823529411764705,0.4436037395105141,1,0,0,0,0
1381925973,Galata Parkı,,leisure:park,park,41.0789095,28.9874125,7.898793986659656,4,10,0.45,0.15,0.9046453900461366,0.058823529411764705,0.44359949936678217,1,0,0,0,0
736868014,Şehit İbrahim Candemir Parkı,,leisure:park,park,41.0804732,28.9325217,8.909965456157135,5,3,0.45,0.15,0.8923902077485126,0.07352941176470588,0.44359941526573027,1,0,0,0,0
1111615764,Orman Kahramanları Parkı,,leisure:park,park,41.0850588,28.8787255,11.954432960246796,8,3,0.45,0.15,0.8554919116757871,0.11764705882352941,0.4435593382086185,1,0,0,0,0
909285173,Cebeci 1 Parkı,,leisure:park,park,41.0759974,28.9007421,9.962440782782549,6,3,0.45,0.15,0.879634431521998,0.08823529411764706,0.4434491529860112,1,0,0,0,0
462187722,Meyve Bahçesi Parkı,,leisure:park,park,41.0583399,29.0274804,6.930489599015569,3,10,0.45,0.15,0.9163810324649886,0.04411764705882353,0.44344372150420247,1,0,0,0,0
51814119,Göztepe 60. Yıl Parkı,,leisure:park,park,40.9695088,29.0579647,7.9440453272987375,4,1,0.45,0.15,0.9040969534599863,0.058823529411764705,0.4434349683909371,1,0,0,0,0
736695789,Fetih Parkı,,leisure:park,park,41.0039034,29.0729306,7.946653143530271,4,14,0.45,0.15,0.9040653472841,0.058823529411764705,0.4434254865381712,1,0,0,0,0
746793921,Yıldız Parkı,,leisure:park,park,41.0766308,29.0066598,7.96972444327412,4,10,0.45,0.15,0.9037857280575562,0.058823529411764705,0.44334160077020807,1,0,0,0,0
1173790066,Gazi Saim Aykutalp Parkı,,leisure:park,park,41.0830247,28.9380687,8.981334864092515,5,3,0.45,0.15,0.8915252257636508,0.07352941176470588,0.4433399206702717,1,0,0,0,0
12641822897,Tarihi Kalıntı,,historic:yes,historic,40.8177712,29.3014188,34.42580297090129,2,11,0.82,0.1,0.5831437053969928,0.029411764705882353,0.4432960527955684,0,1,0,0,0
717544602,Şehit Polis Hasan Koçer Parkı,,leisure:park,park,41.0775619,29.0033464,7.9914214601974525,4,10,0.45,0.15,0.9035227648453503,0.058823529411764705,0.4432627118065463,1,0,0,0,0
1346880785,Piri Reis Park,,leisure:park,park,41.0170282,29.0851969,9.014289189323785,5,14,0.45,0.15,0.891125826378495,0.07352941176470588,0.44322010085472496,1,0,0,0,0
1253596745,İskender Iğdır Parkı,,leisure:park,park,40.9958601,28.8843002,8.014937327535113,4,17,0.45,0.15,0.9032377575544969,0.058823529411764705,0.44317720961929025,1,0,0,0,0
1357828118,Çamlık Parkı,,leisure:park,park,41.019041,29.0728444,8.015301654057408,4,14,0.45,0.15,0.9032333419948403,0.058823529411764705,0.44317588495139326,1,0,0,0,0
549971248,Hasan Güreşen Parkı,,leisure:park,park,41.0591765,28.9107239,8.021993613292848,4,3,0.45,0.15,0.9031522368778225,0.058823529411764705,0.443151553416288,1,0,0,0,0
626412043,Libadiye Parkı,,leisure:park,park,41.007093,29.0741626,8.036406620997882,4,14,0.45,0.15,0.9029775543020078,0.058823529411764705,0.44309914864354355,1,0,0,0,0
13042285607,Kuşhane Parkı,,leisure:park,park,41.0608798,28.9615919,6.024996211281074,2,12,0.45,0.15,0.9273554189767976,0.029411764705882353,0.44305956686950987,1,0,0,0,0
922484988,Yazgülü Parkı,,leisure:park,park,41.0053449,29.0742469,8.048907657231842,4,14,0.45,0.15,0.9028260444121643,0.058823529411764705,0.4430536956765905,1,0,0,0,0
892987127,Güzeltepe Parkı,,leisure:park,park,41.0791572,28.9583249,8.067713613018599,4,12,0.45,0.15,0.9025981202436133,0.058823529411764705,0.4429853184260252,1,0,0,0,0
106649610,Çıksalın Parkı,,leisure:park,park,41.0488325,28.9518118,5.038635138021635,1,12,0.45,0.15,0.9393099045697128,0.014705882352941176,0.4429694419591491,1,0,0,0,0
725691792,Yıldırım Beyazıt Parkı,,leisure:park,park,41.0686358,28.8885804,10.095080870032032,6,3,0.45,0.15,0.8780268619868103,0.08823529411764706,0.4429668821254549,1,0,0,0,0
1487685350,Fatma Nine Parkı,,leisure:park,park,41.0203862,29.0977142,10.101967515074792,6,14,0.45,0.15,0.8779433973193786,0.08823529411764706,0.44294184272522535,1,0,0,0,0
242903053,Tozkoparan Barış Parkı,,leisure:park,park,41.0143221,28.8944609,7.075787504527031,3,17,0.45,0.15,0.914620052875255,0.04411764705882353,0.4429154276272824,1,0,0,0,0
1187773470,Dr. Sadık Ahmet Parkı,,leisure:park,park,40.9951137,28.8834395,8.100649132420644,4,17,0.45,0.15,0.9021989487810921,0.058823529411764705,0.4428655669872688,1,0,0,0,0
237176282,Millî Hakimiyet Parkı,,leisure:park,park,40.9792019,29.080022,9.118098895925185,5,14,0.45,0.15,0.8898676749006895,0.07352941176470588,0.44284265541138335,1,0,0,0,0
659471417,769. Sokak Parkı,,leisure:park,park,41.0706929,28.9079631,9.120641012175186,5,3,0.45,0.15,0.8898368649945506,0.07352941176470588,0.44283341243954166,1,0,0,0,0
376033105,Hürriyet Parkı,,leisure:park,park,40.9764773,29.0918064,10.150771169573455,6,14,0.45,0.15,0.877351907447766,0.08823529411764706,0.44276439576374155,1,0,0,0,0
82563183,Hürriyet Parkı,,leisure:park,park,41.0720119,28.9858859,7.123291372968605,3,10,0.45,0.15,0.9140443161331145,0.04411764705882353,0.44274270660464027,1,0,0,0,0
754203896,Şişli Belediyesi Tanju Okan Parkı,,leisure:park,park,41.0685303,29.0082533,7.1604629319729325,3,10,0.45,0.15,0.9135938047751238,0.04411764705882353,0.44260755319724304,1,0,0,0,0
1396689616,Şehit Er Metin Kaya Parkı,,leisure:park,park,41.0800727,28.9244665,9.183051744209527,5,3,0.45,0.15,0.8890804602486878,0.07352941176470588,0.4426064910157828,1,0,0,0,0
812582728,Rahmi Pehlivan Parkı,,leisure:park,park,41.0814339,28.9688644,8.182420385311563,4,10,0.45,0.15,0.9012078986564467,0.058823529411764705,0.4425682519498752,1,0,0,0,0
387205594,Parkı,,leisure:park,park,41.0828617,28.9309609,9.206008570947928,5,3,0.45,0.15,0.888802228410527,0.07352941176470588,0.4425230214643346,1,0,0,0,0
1467139797,F. Laika Süzer Parkı,,leisure:park,park,41.0816691,28.9693575,8.20452309734263,4,10,0.45,0.15,0.900940018506162,0.058823529411764705,0.4424878879047898,1,0,0,0,0
1419294896,İnce Bayır Parkı,,leisure:park,park,41.0622931,28.9606602,6.196191444781451,2,12,0.45,0.15,0.9252805693016243,0.029411764705882353,0.44243711196695784,1,0,0,0,0
429352256,Aliya İzzet Begoviç Parkı,,leisure:park,park,41.0243284,28.8701737,9.255519517329288,5,17,0.45,0.15,0.8882021663123222,0.07352941176470588,0.44234300283487316,1,0,0,0,0
548978643,Sultangazi Parkı,,leisure:park,park,41.09361,28.9055757,11.291055666274746,7,3,0.45,0.15,0.8635319028295844,0.10294117647058823,0.4422948649665224,1,0,0,0,0
525831996,Kocatepe Parkı,,leisure:park,park,41.0486064,28.895745,8.261915414041237,4,17,0.45,0.15,0.9002444358825997,0.058823529411764705,0.4422792131177211,1,0,0,0,0
894907800,Aşiyan Parkı,,leisure:park,park,41.0811965,29.0539969,10.299328158335838,6,10,0.45,0.15,0.8755514284649345,0.08823529411764706,0.4422242520688921,1,0,0,0,0
7590452336,Kerim Tekin Sokak Parkı,,leisure:park,park,41.0060194,28.8797345,8.282664251583894,4,17,0.45,0.15,0.8999929644020254,0.058823529411764705,0.4422037716735488,1,0,0,0,0
763336668,Safiye Akçasoy Parkı,,leisure:park,park,41.0134727,29.0890453,9.30232006850777,5,14,0.45,0.15,0.887634953625233,0.07352941176470588,0.4421728390287464,1,0,0,0,0
488400669,Doktor Fazıl Küçük Parkı,,leisure:park,park,41.0469764,28.908462,7.280780566996583,3,17,0.45,0.15,0.9121355807297334,0.04411764705882353,0.44217008598362595,1,0,0,0,0
590191286,Dumlupınar Parkı,,leisure:park,park,40.9894319,29.0620457,7.32332130431716,3,1,0.45,0.15,0.9116199960770157,0.04411764705882353,0.44201541058781063,1,0,0,0,0
544499206,Çınar Parkı,,leisure:park,park,40.9849196,29.0600793,7.327388367561015,3,1,0.45,0.15,0.911570704138929,0.04411764705882353,0.44200062300638465,1,0,0,0,0
705640284,Aşiyan Parkı,,leisure:park,park,41.0813456,29.0549824,10.363408834227485,6,10,0.45,0.15,0.8747747843560997,0.08823529411764706,0.4419912588362417,1,0,0,0,0
679206765,Uğur Mumcu Parkı,,leisure:park,park,40.9865019,28.9087332,6.324934863610812,2,17,0.45,0.15,0.9237202265556435,0.029411764705882353,0.4419690091431636,1,0,0,0,0
7389731686,şişecam paşabahçe tuzla,,historic:monument,historic,40.8398157,29.3134604,33.80867518831127,1,11,0.82,0.1,0.5906231623483718,0.014705882352941176,0.44186341929274675,0,1,0,0,0
1111615754,Erguvan Parkı,,leisure:park,park,41.083077,28.8847802,11.443850890803951,7,3,0.45,0.15,0.8616800573342378,0.10294117647058823,0.44173931131791844,1,0,0,0,0
9613242120,Atatürk Anıtı,,historic:memorial,historic,40.8144496,29.3045383,34.8604455748727,2,11,0.82,0.1,0.5778759298449088,0.029411764705882353,0.4417157201299432,0,1,0,0,0
200506094,Çoban Çeşme Parkı,,leisure:park,park,41.0810866,28.9510686,8.422514690033228,4,3,0.45,0.15,0.898298006949902,0.058823529411764705,0.4416952844379118,1,0,0,0,0
1044550590,Davet Parkı,,leisure:park,park,41.0731493,28.9584415,7.413486589961822,3,12,0.45,0.15,0.9105272120677499,0.04411764705882353,0.4416875753850309,1,0,0,0,0
462274176,Şehit Engin Tılpaç Parkı,,leisure:park,park,41.0879817,28.873746,12.478835307379125,8,3,0.45,0.15,0.8491362672027458,0.11764705882352941,0.44165264486670613,1,0,0,0,0
1007406507,Halil Akar Parkı,,leisure:park,park,41.0715571,29.0064245,7.426731209206102,3,10,0.45,0.15,0.9103666901105966,0.04411764705882353,0.4416394187978849,1,0,0,0,0
736818517,Massan Parkı,,leisure:park,park,41.0845825,28.9775431,8.493662207750003,4,10,0.45,0.15,0.8974357142271101,0.058823529411764705,0.4414365966210742,1,0,0,0,0
307990388,Şehitler Parkı,,leisure:park,park,41.0040164,28.877263,8.499369500912069,4,17,0.45,0.15,0.8973665430526486,0.058823529411764705,0.4414158452687358,1,0,0,0,0
13569009834,Eyüp Bürlek Parkı,,leisure:park,park,41.0298767,28.919893,5.468364288986778,1,17,0.45,0.15,0.9341016790189086,0.014705882352941176,0.4414069742939079,1,0,0,0,0
548248484,Erguvan Parkı,,leisure:park,park,40.9852343,29.0876633,9.518773502509223,5,14,0.45,0.15,0.8850115842238467,0.07352941176470588,0.4413858282083305,1,0,0,0,0
548248477,Defne Parkı,,leisure:park,park,40.9861181,29.0881363,9.531171956819254,5,14,0.45,0.15,0.8848613176050173,0.07352941176470588,0.44134074822268166,1,0,0,0,0
9363373659,Spor Yazarları Parkı,,leisure:park,park,41.0860578,29.0262655,9.542684506048309,5,10,0.45,0.15,0.8847217879666044,0.07352941176470588,0.4412988893311578,1,0,0,0,0
566196526,Kuşluk Parkı,,leisure:park,park,40.9764337,29.0840604,9.545637271839936,5,14,0.45,0.15,0.8846860010757058,0.07352941176470588,0.4412881532638882,1,0,0,0,0
495821206,Poyraz Çocuk Parkı,,leisure:park,park,41.0407377,28.8993975,7.55069153547175,3,17,0.45,0.15,0.9088643174251673,0.04411764705882353,0.4411887069922561,1,0,0,0,0
1421597009,Mevlana Parkı,,leisure:park,park,41.02713,29.0899441,9.592075770354574,5,14,0.45,0.15,0.8841231763895944,0.07352941176470588,0.4411193058580548,1,0,0,0,0
764132989,Adem Yavuz Parkı,,leisure:park,park,41.0117901,29.0808551,8.605990494496702,4,14,0.45,0.15,0.8960743193768927,0.058823529411764705,0.44102817816600903,1,0,0,0,0
307990789,Koza 1 Parkı,,leisure:park,park,41.0056321,28.8758601,8.608980708525845,4,17,0.45,0.15,0.8960380786213518,0.058823529411764705,0.44101730593934674,1,0,0,0,0
1068285296,Leylak Parkı,,leisure:park,park,40.9842264,29.0635629,7.628224951923509,3,1,0.45,0.15,0.9079246289732709,0.04411764705882353,0.4409068004566872,1,0,0,0,0
437417550,Haydar Aliyev Parkı,,leisure:park,park,41.056344,28.9985122,5.612892775595913,1,10,0.45,0.15,0.9323500246219794,0.014705882352941176,0.44088147797482913,1,0,0,0,0
878610649,Çengelköy Havuzbaşı Parkı,,leisure:park,park,41.0467091,29.0537615,7.635418664605212,3,10,0.45,0.15,0.9078374427116225,0.04411764705882353,0.44088064457819265,1,0,0,0,0
1007406502,Adalet Parkı,,leisure:park,park,41.072368,29.0109564,7.639765336815192,3,10,0.45,0.15,0.9077847619725705,0.04411764705882353,0.44086484035647705,1,0,0,0,0
1106087330,Akasya Parkı,,leisure:park,park,40.9785428,29.0867093,9.669917946489964,5,14,0.45,0.15,0.8831797458362609,0.07352941176470588,0.4408362766920548,1,0,0,0,0
1422646243,Güngören Millet Bahçesi,,leisure:park,park,41.0242915,28.8779156,8.61835839086996,6,17,0.45,0.1,0.8959244231137321,0.08823529411764706,0.44083615046353136,1,0,0,0,0
356926172,Muzaffer Öztekin Parkı,,leisure:park,park,41.0522185,28.9080822,7.6647370878535215,3,17,0.45,0.15,0.9074821096821358,0.04411764705882353,0.44077404466934667,1,0,0,0,0
444731523,Beylerbeyi Parkı,,leisure:park,park,41.0436039,29.0426046,6.671294669678883,2,10,0.45,0.15,0.919522419663363,0.029411764705882353,0.4407096670754795,1,0,0,0,0
467181505,Silahtar Ağa Parkı,,leisure:park,park,41.0613918,28.941288,6.683768662288696,2,12,0.45,0.15,0.9193712375364697,0.029411764705882353,0.4406643124374115,1,0,0,0,0
1073977603,Sadabat Mesire 2,,leisure:park,park,41.0648683,28.9531233,6.648320362930852,4,12,0.45,0.1,0.919800863355508,0.058823529411764705,0.4406461413595936,1,0,0,0,0
1488801598,Cemre Parkı,,leisure:park,park,41.0212703,29.0929874,9.723254115296283,5,14,0.45,0.15,0.882533322859055,0.07352941176470588,0.44064234979889294,1,0,0,0,0
1467690981,Caylan Parkı,,leisure:park,park,41.0753642,29.0010048,7.705190240334054,3,10,0.45,0.15,0.9069918261119231,0.04411764705882353,0.44062695959828285,1,0,0,0,0
1302221396,Güngören Gösteri Merkezi,,leisure:park,park,41.0239486,28.8769273,8.691745912517394,6,17,0.45,0.1,0.8950349820216025,0.08823529411764706,0.4405693181358925,1,0,0,0,0
389506293,Haluk Ündeğer Parkı,,leisure:park,park,41.0082714,28.9101867,5.72374963517452,1,17,0.45,0.15,0.9310064631548495,0.014705882352941176,0.44047840953469014,1,0,0,0,0
1152877351,Kavaklı Sokak Parkı,,leisure:park,park,41.0748885,28.9509332,7.764987808113624,3,12,0.45,0.15,0.9062670923588463,0.04411764705882353,0.4404095394723598,1,0,0,0,0
563075923,Şehit Esra Tekin-Hakan Tekin Parkı,,leisure:park,park,40.9898235,28.9142135,5.7611601956710325,1,17,0.45,0.15,0.9305530551498067,0.014705882352941176,0.4403423871331773,1,0,0,0,0
1382005137,Yonca Parkı,,leisure:park,park,41.0778905,28.9905225,7.815645838634272,3,10,0.45,0.15,0.9056531278458071,0.04411764705882353,0.44022535011844804,1,0,0,0,0
585974108,Ertuğrul Gazi Parkı,,leisure:park,park,41.0325125,28.8530173,10.860710364790819,6,5,0.45,0.15,0.8687475959931112,0.08823529411764706,0.44018310232734514,1,0,0,0,0
1025262389,1215. Sokak Parkı,,leisure:park,park,41.0833899,28.8778253,11.8760471464121,7,3,0.45,0.15,0.8564419310019545,0.10294117647058823,0.44016787341823344,1,0,0,0,0
12292338801,Gençlik Parkı,,leisure:park,park,41.0345455,28.8533694,10.89056680924557,6,5,0.45,0.15,0.8683857422614848,0.08823529411764706,0.4400745462078572,1,0,0,0,0
6573166973,Atatürk Büstü,,historic:memorial,historic,41.2793031,28.8095306,33.297076500090135,0,19,0.82,0.1,0.5968236292093396,0.0,0.44004708876280185,0,1,0,0,0
1116243245,Şehit Sezer Yüksel Parkı,,leisure:park,park,41.0835951,28.9157843,9.892302159417254,5,3,0.45,0.15,0.8804844966606765,0.07352941176470588,0.44002770193937946,1,0,0,0,0
446765798,Vardar Parkı,,leisure:park,park,41.0722068,28.9381729,7.876397125190088,3,3,0.45,0.15,0.904916835224807,0.04411764705882353,0.440004462332148,1,0,0,0,0
736818501,Aziziye Parkı,,leisure:park,park,41.097145,28.9731734,9.89995205168657,5,10,0.45,0.15,0.880391781599833,0.07352941176470588,0.4399998874211264,1,0,0,0,0
9062726536,803/4. Sokak Parkı,,leisure:park,park,41.0713469,28.9133034,8.894409703799457,4,3,0.45,0.15,0.8925787401455103,0.058823529411764705,0.4399795043965943,1,0,0,0,0
549006264,Yüksel Parkı,,leisure:park,park,41.0110154,29.0964655,9.911555932801518,5,14,0.45,0.15,0.8802511450384649,0.07352941176470588,0.43995769645271593,1,0,0,0,0
315603153,Ahmet Sarıoğlu Parkı,,leisure:park,park,41.0501596,28.9023735,7.901831537678886,3,17,0.45,0.15,0.9046085755763835,0.04411764705882353,0.439911984437621,1,0,0,0,0
13555726234,Cahit Zarifoğlu Parkı Çocuk Oyun Alanı,,leisure:park,park,41.0693242,28.8920391,9.932691487217351,5,3,0.45,0.15,0.8799949866319623,0.07352941176470588,0.4398808489307652,1,0,0,0,0
465109886,Millet Parkı,,leisure:park,park,40.982275,28.8777087,8.928783498735752,4,17,0.45,0.15,0.8921621370906251,0.058823529411764705,0.4398545234801287,1,0,0,0,0
600098842,Tozkoparan 75.Yıl Parkı,,leisure:park,park,41.0164498,28.8965287,6.930333865055441,2,17,0.45,0.15,0.9163829199273319,0.029411764705882353,0.43976781715467017,1,0,0,0,0
376033106,Ekin Parkı,,leisure:park,park,40.9784743,29.0904468,9.967897805999913,5,14,0.45,0.15,0.8795682935658269,0.07352941176470588,0.43975284101092454,1,0,0,0,0
8330028656,Korugan,,historic:ruins,historic,41.1085597,28.5523747,37.4229164235239,4,9,0.82,0.1,0.5468193303166662,0.058823529411764705,0.439751681447941,0,1,0,0,0
6227853090,Chill Pilates,,leisure:park,park,41.0606771,28.9879028,5.889380795071302,3,10,0.45,0.1,0.9289990488636702,0.04411764705882353,0.43972912642380696,1,0,0,0,0
875245574,Şehit Mete Sertbaş,,leisure:park,park,41.0061718,29.0486577,5.899694761522766,3,1,0.45,0.1,0.9288740457925916,0.04411764705882353,0.43969162550248336,1,0,0,0,0
235392134,Dalyan Parkı,,leisure:park,park,40.9662096,29.0553347,7.968782136703579,3,1,0.45,0.15,0.903797148611983,0.04411764705882353,0.4396685563483008,1,0,0,0,0
916325547,Korugan,,historic:ruins,historic,41.1083089,28.551942,37.44931345006986,4,9,0.82,0.1,0.5464994039914144,0.058823529411764705,0.4396557035503655,0,1,0,0,0
881902197,Selvili Parkı,,leisure:park,park,41.0857225,29.0089009,8.991600057938271,4,10,0.45,0.15,0.8914008138061391,0.058823529411764705,0.43962612649478294,1,0,0,0,0
916323320,Korugan,,historic:ruins,historic,41.1082179,28.5516443,37.470165864527914,4,9,0.82,0.1,0.5462466771807419,0.058823529411764705,0.4395798855071637,0,1,0,0,0
8330074651,Korugan,,historic:ruins,historic,41.1081279,28.5515726,37.47296146951423,4,9,0.82,0.1,0.5462127950452456,0.058823529411764705,0.43956972086651486,0,1,0,0,0
1381924795,Sarmaşık Parkı,,leisure:park,park,41.0798136,28.9870608,7.996136337640109,3,10,0.45,0.15,0.9034656215375002,0.04411764705882353,0.43956909822595597,1,0,0,0,0
41729578,Ortaköy Sahil Parkı,,leisure:park,park,41.047475,29.0270858,5.979235611272385,1,10,0.45,0.15,0.9279100276777669,0.014705882352941176,0.43954947889156537,1,0,0,0,0
12739797483,Korugan,,historic:yes,historic,41.2462113,28.5807838,42.53876238312482,9,13,0.82,0.1,0.48481636965893526,0.1323529411764706,0.4395331461917982,0,1,0,0,0
555893927,Çamlık Park,,leisure:park,park,41.0848019,29.013976,9.025131159166797,4,10,0.45,0.15,0.8909944240190539,0.058823529411764705,0.4395042095586574,1,0,0,0,0
12739797475,Korugan,,historic:yes,historic,41.247025,28.5813738,42.55632608076585,9,13,0.82,0.1,0.48460350139385444,0.1323529411764706,0.43946928571227395,0,1,0,0,0
465151276,Kazlıçeşme Sahil Parkı,,leisure:park,park,40.9851616,28.9136337,6.008896094537779,1,17,0.45,0.15,0.9275505489539124,0.014705882352941176,0.43944163527440905,1,0,0,0,0
736695476,Buhara Parkı,,leisure:park,park,41.0019013,29.0737999,8.035924725296661,3,14,0.45,0.15,0.9029833947750087,0.04411764705882353,0.4394244301972085,1,0,0,0,0
12739797477,Korugan,,historic:yes,historic,41.2477621,28.5818338,42.5773113476702,9,13,0.82,0.1,0.4843491644399005,0.1323529411764706,0.4393929846260878,0,1,0,0,0
12739797482,Korugan,,historic:yes,historic,41.2463212,28.5802299,42.58266876483485,9,13,0.82,0.1,0.4842842336878196,0.1323529411764706,0.4393735054004635,0,1,0,0,0
160726332,Fidan Parkı,,leisure:park,park,41.0814484,29.0258818,9.066133688371714,4,10,0.45,0.15,0.8904974821202486,0.058823529411764705,0.4393551269890158,1,0,0,0,0
1108090949,Korugan,,historic:ruins,historic,41.1416375,28.5406239,39.58248882508667,6,9,0.82,0.1,0.5206457739373292,0.08823529411764706,0.4392525557106105,0,1,0,0,0
12739797481,Korugan,,historic:yes,historic,41.2467417,28.5801387,42.6176530599721,9,13,0.82,0.1,0.4838602315008572,0.1323529411764706,0.43924630474437476,0,1,0,0,0
573317323,Sahrayıcedit Minik Park,,leisure:park,park,40.9786976,29.0795222,9.098971289826276,4,14,0.45,0.15,0.8900994974023427,0.058823529411764705,0.43923573157364404,1,0,0,0,0
6874145759,Hanımefendi Park,,leisure:park,park,41.0625013,28.9861619,6.07303339038568,1,10,0.45,0.15,0.9267732186232976,0.014705882352941176,0.4392084361752246,1,0,0,0,0
719302069,Sosyal Meskenler Parkı,,leisure:park,park,41.0173471,28.8947423,7.092501757689311,2,17,0.45,0.15,0.9144174796958771,0.029411764705882353,0.4391781850852337,1,0,0,0,0
12739797480,Korugan,,historic:yes,historic,41.2470775,28.5801454,42.64039662666608,9,13,0.82,0.1,0.48358458432889795,0.1323529411764706,0.43916361059278697,0,1,0,0,0
1375945198,Korugan,,historic:yes,historic,41.2474878,28.5805769,42.640502553898365,9,13,0.82,0.1,0.483583300513461,0.1323529411764706,0.4391632254481559,0,1,0,0,0
12739797476,Korugan,,historic:yes,historic,41.2482562,28.5811445,42.65662594262757,9,13,0.82,0.1,0.48338788848484626,0.1323529411764706,0.4391046018395715,0,1,0,0,0
12739797479,Korugan,,historic:yes,historic,41.247989,28.5803814,42.6879873207797,9,13,0.82,0.1,0.48300779527815196,0.1323529411764706,0.43899057387756324,0,1,0,0,0
12739797478,Korugan,,historic:yes,historic,41.2483036,28.5806644,42.691285161667565,9,13,0.82,0.1,0.48296782615076994,0.1323529411764706,0.43897858313934857,0,1,0,0,0
200506093,Üçtepe Parkı,,leisure:park,park,41.0795116,28.9551486,8.16573890816389,3,12,0.45,0.15,0.9014100745975262,0.04411764705882353,0.4389524341439638,1,0,0,0,0
466872991,Kazakistan Parkı,,leisure:park,park,40.9763807,28.8645046,10.192995161600429,5,5,0.45,0.15,0.8768401616803729,0.07352941176470588,0.43893440144528834,1,0,0,0,0
738235080,Şelale Parkı,,leisure:park,park,41.0908273,28.9772656,9.188241699671032,4,10,0.45,0.15,0.8890175590966913,0.058823529411764705,0.4389111500819486,1,0,0,0,0
736695257,Açelya Park,,leisure:park,park,41.0013213,29.0758647,8.214333946060032,3,14,0.45,0.15,0.9008211131145908,0.04411764705882353,0.4387757456990832,1,0,0,0,0
524627798,Şehit Vedat Barceği Parkı,,leisure:park,park,41.0887528,28.8783971,12.270096669286186,7,3,0.45,0.15,0.8516661349250403,0.10294117647058823,0.43873513459515917,1,0,0,0,0
312752077,Muhsin Yazıcıoğlu Parkı,,leisure:park,park,41.0869579,28.9148622,10.251038141537615,5,3,0.45,0.15,0.8761366931572934,0.07352941176470588,0.4387233608883645,1,0,0,0,0
156956799,Çamlık Parkı,,leisure:park,park,40.9735872,29.0512878,7.227581824137904,2,1,0.45,0.15,0.9127803381337982,0.029411764705882353,0.43868704261661007,1,0,0,0,0
1212144973,Namık Kemal Parkı,,leisure:park,park,41.0782838,28.8806999,11.3077696613278,6,3,0.45,0.15,0.863329332778435,0.08823529411764706,0.4385576233629423,1,0,0,0,0
187765374,Prof. Dr. Kriton Curi Parkı,,leisure:park,park,40.9765574,29.0937067,10.297420082634188,5,14,0.45,0.15,0.8755745539350123,0.07352941176470588,0.43855471912168015,1,0,0,0,0
1487581866,Şair Nesimi Parkı,,leisure:park,park,41.0214251,29.1002652,10.329838477761923,5,14,0.45,0.15,0.8751816499082756,0.07352941176470588,0.43843684791365917,1,0,0,0,0
378568467,Şehitler Parkı,Martyrs Park,leisure:park,park,41.0172753,29.0523799,6.288686606775986,1,1,0.45,0.15,0.9241595476884902,0.014705882352941176,0.43842433489478233,1,0,0,0,0
254708944,Konaklar Mahallesi Çocuk Parkı,,leisure:park,park,41.0878095,29.0136959,9.333917713333694,4,10,0.45,0.15,0.8872519969169017,0.058823529411764705,0.4383814814280117,1,0,0,0,0
336946401,Ç. Mesken Göçmen Blokları Parkı,,leisure:park,park,41.0816939,28.9592273,8.328833176940543,3,12,0.45,0.15,0.8994334068850275,0.04411764705882353,0.43835943383021414,1,0,0,0,0
5253587679,tanzim,,leisure:park,park,40.987703,29.0608133,7.282192526032681,4,1,0.45,0.1,0.9121184680877077,0.058823529411764705,0.4383414227792535,1,0,0,0,0
548230065,26 Mart Parkı,,leisure:park,park,40.9828883,29.0458327,6.3205756268394175,1,1,0.45,0.15,0.9237730595744968,0.014705882352941176,0.43830838846058434,1,0,0,0,0
708935865,Hoca Nasrettin Parkı,,leisure:park,park,41.0617984,28.9084303,8.364342259815825,3,3,0.45,0.15,0.8990030443827366,0.04411764705882353,0.4382303250795269,1,0,0,0,0
1358002250,Dutdibi parkı,,leisure:park,park,41.0102587,29.0781906,8.376381788850187,3,14,0.45,0.15,0.898857127861608,0.04411764705882353,0.4381865501231883,1,0,0,0,0
1465616677,tan parkı,,leisure:park,park,41.0830526,28.9910075,8.390124971970803,3,10,0.45,0.15,0.8986905634167305,0.04411764705882353,0.43813658078972506,1,0,0,0,0
765669477,Barış Parkı,,leisure:park,park,41.0233531,29.0887075,9.406920492191096,4,14,0.45,0.15,0.8863672188252343,0.058823529411764705,0.43811604800051146,1,0,0,0,0
464861164,Çamlık Parkı,,leisure:park,park,40.9872567,28.8696645,9.417862024137477,4,17,0.45,0.15,0.8862346097943595,0.058823529411764705,0.43807626529124905,1,0,0,0,0
1152677088,Karaağaç Sokak Parkı,,leisure:park,park,41.0207156,28.8795398,8.41046528553474,3,17,0.45,0.15,0.8984440431595473,0.04411764705882353,0.4380626247125701,1,0,0,0,0
462516755,Ferah Parkı,,leisure:park,park,41.0277155,29.0754605,8.427279289703057,3,14,0.45,0.15,0.8982402610192757,0.04411764705882353,0.4380014900704886,1,0,0,0,0
421073614,Çetin Emeç ve Demokrasi Parkı,,leisure:park,park,40.9777523,29.0571808,7.428385269483985,2,1,0.45,0.15,0.9103466432532157,0.029411764705882353,0.4379569341524353,1,0,0,0,0
764132992,Şehit Recep Büyük Parkı,,leisure:park,park,41.0090782,29.0792068,8.459160145650241,3,14,0.45,0.15,0.897853871852628,0.04411764705882353,0.4378855733204943,1,0,0,0,0
1288251300,Çiçeksuyu Şehit Şerife Bacı Parkı,,leisure:park,park,41.0809906,28.9194977,9.482251830924236,4,3,0.45,0.15,0.8854542190850838,0.058823529411764705,0.43784214807846633,1,0,0,0,0
464861165,Bilal Bozkaya Parkı,,leisure:park,park,40.9872696,28.8687187,9.494439047601286,4,5,0.45,0.15,0.8853065126212611,0.058823529411764705,0.43779783613931955,1,0,0,0,0
738174324,Taş Ocağı Parkı,,leisure:park,park,41.0752145,28.9851853,7.473379851121606,2,10,0.45,0.15,0.9098013185313379,0.029411764705882353,0.43779333673587195,1,0,0,0,0
1221917954,Güngören Millet Bahçesi,,leisure:park,park,41.0235614,28.8797796,8.448698173286793,5,17,0.45,0.1,0.8979806687237566,0.07352941176470588,0.43777655355830347,1,0,0,0,0
1389560159,Korugan,,historic:ruins,historic,41.1509952,28.5404262,39.99698034241566,6,9,0.82,0.1,0.5156222252525449,0.08823529411764706,0.4377454911051752,0,1,0,0,0
401365055,Lokman Hekim Parkı - Bilgi Evleri,,leisure:park,park,41.0111975,29.0917079,9.513238779391124,4,14,0.45,0.15,0.8850786638862238,0.058823529411764705,0.43772948151880836,1,0,0,0,0
278484927,Millet Parkı,,leisure:park,park,41.0234057,29.0530679,6.488786448563664,1,1,0.45,0.15,0.9217343803327969,0.014705882352941176,0.4376967846880744,1,0,0,0,0
642573684,Halil Rıfat Paşa Parkı,,leisure:park,park,41.0569955,28.9694136,5.477926615411263,0,12,0.45,0.15,0.9339857856644613,0.0,0.4376957356993384,1,0,0,0,0
458935617,Nasrettin Hoca Parkı,,leisure:park,park,41.0718872,28.885341,10.5387303752501,5,3,0.45,0.15,0.8726499247148359,0.07352941176470588,0.4376773303556273,1,0,0,0,0
980178588,Fahrettin Paşa Parkı,,leisure:park,park,41.0667089,28.9128412,8.51827339226226,3,3,0.45,0.15,0.8971374319259806,0.04411764705882353,0.4376706413425001,1,0,0,0,0
45828837,Ambarlıdere Parkı,,leisure:park,park,41.0635788,29.0296232,7.5084874741204715,2,10,0.45,0.15,0.9093758216370267,0.029411764705882353,0.4376656876675786,1,0,0,0,0
162958309,Boğaziçi Üniversitesi,,leisure:park,park,41.0844625,29.0523753,10.506940035078761,7,10,0.45,0.1,0.8730352168496079,0.10294117647058823,0.43764585917252946,1,0,0,0,0
594737849,Akşemsettin Parkı,,leisure:park,park,41.0660659,28.9663291,6.513565753368305,1,12,0.45,0.15,0.921434060449622,0.014705882352941176,0.43760668872312186,1,0,0,0,0
465384471,Bakırköy Sakızağacı Parkı,,leisure:park,park,40.9785889,28.884559,8.53647812012582,3,17,0.45,0.15,0.8969167945114802,0.04411764705882353,0.43760445011814997,1,0,0,0,0
1095089409,Tunuslu Mahmutpaşa Parkı,,leisure:park,park,41.0254858,29.0526547,6.519633429112135,1,1,0.45,0.15,0.921360521515221,0.014705882352941176,0.4375846270428016,1,0,0,0,0
230942050,Fetih Parkı,,leisure:park,park,41.0842884,28.9253613,9.55857459653742,4,3,0.45,0.15,0.884529203462844,0.058823529411764705,0.4375646433917944,1,0,0,0,0
376037112,Sarı Kanarya Parkı,,leisure:park,park,40.9760646,29.0970058,10.576493608809287,5,14,0.45,0.15,0.8721922423875789,0.07352941176470588,0.43754002565745015,1,0,0,0,0
917343684,Çocuk Meclisi Parkı,,leisure:park,park,41.0249204,29.0779435,8.556037491638731,3,14,0.45,0.15,0.8966797391052029,0.04411764705882353,0.4375333334962668,1,0,0,0,0
661010416,Afet Eğitim ve Bilinçlendirme Parkı,,leisure:park,park,40.9752709,29.096991,10.605526679091817,5,14,0.45,0.15,0.8718403677751069,0.07352941176470588,0.43743446327370855,1,0,0,0,0
465144875,Aytekin Kotil Parkı,,leisure:park,park,40.9775471,28.8844214,8.592482584165056,3,17,0.45,0.15,0.896238032365805,0.04411764705882353,0.4374008214744474,1,0,0,0,0
1026149714,Millî Egemenlik Parkı,,leisure:park,park,41.0002134,28.8517727,10.66292902341135,5,5,0.45,0.15,0.8711446636189202,0.07352941176470588,0.43722575202685254,1,0,0,0,0
499639475,Esenler Belediyesi Şehit Türkmen Tekin Parkı,,leisure:park,park,41.0308783,28.8924892,7.635904694640074,2,17,0.45,0.15,0.9078315521313806,0.029411764705882353,0.43720240681588474,1,0,0,0,0
1421597008,Mevlana Parkı,,leisure:park,park,41.027349,29.0906922,9.658643335655592,4,14,0.45,0.15,0.8833163917121366,0.058823529411764705,0.43720079986658217,1,0,0,0,0
1389560165,Korugan,,historic:ruins,historic,41.1451201,28.5351332,40.15386453398906,6,9,0.82,0.1,0.5137208223497287,0.08823529411764706,0.43717507023433033,0,1,0,0,0
1137797089,Şehit Jandarma Er Çağlar Mengü Parkı,,leisure:park,park,40.9911378,29.0542009,6.638139772665373,1,1,0.45,0.15,0.919924249935692,0.014705882352941176,0.4371537455689429,1,0,0,0,0
48962874,Ulus Parkı,,leisure:park,park,41.0638646,29.0323242,7.666004449038711,2,10,0.45,0.15,0.9074667495351876,0.029411764705882353,0.43709296603702685,1,0,0,0,0
462516741,İzzettin Bey Parkı,,leisure:park,park,41.0215882,29.0803777,8.684580357671651,3,14,0.45,0.15,0.8951218270162915,0.04411764705882353,0.43706595986959335,1,0,0,0,0
588316639,Çetin Emeç Parkı,,leisure:park,park,41.0677146,28.9891545,6.678919026571296,1,10,0.45,0.15,0.919430014085835,0.014705882352941176,0.43700547481398583,1,0,0,0,0
356780526,Dr. Sadık Ahmet Parkı,,leisure:park,park,41.0341844,28.8678639,9.712908659397014,4,17,0.45,0.15,0.8826587075755171,0.058823529411764705,0.43700349462559634,1,0,0,0,0
12078789341,T.C. Bakırköy Belediyesi Vefa Parkı,,leisure:park,park,40.9807971,28.8803707,8.773434504674029,3,17,0.45,0.15,0.8940449337274063,0.04411764705882353,0.4367428918829278,1,0,0,0,0
1094521308,Özgecan Aslan Parkı,,leisure:park,park,40.9740562,29.0592464,7.775469198090843,2,1,0.45,0.15,0.906140060150385,0.029411764705882353,0.4366949592215861,1,0,0,0,0
1389560160,Korugan,,historic:ruins,historic,41.148637,28.5352206,40.296093868709654,6,9,0.82,0.1,0.511997033182757,0.08823529411764706,0.4366579334842388,0,1,0,0,0
1382509347,Begonya Parkı,,leisure:park,park,41.078016,28.9926412,7.854530785302666,2,10,0.45,0.15,0.9051818505951827,0.029411764705882353,0.4364074963550254,1,0,0,0,0
875491274,Şehit Halit Aydın Parkı,,leisure:park,park,41.0837663,28.9442237,8.877954181292573,3,3,0.45,0.15,0.892778177564591,0.04411764705882353,0.4363628650340832,1,0,0,0,0
1357828116,Gaziler Parkı,,leisure:park,park,41.0192893,29.0710626,7.871799648562785,2,14,0.45,0.15,0.9049725556598434,0.029411764705882353,0.4363447078744236,1,0,0,0,0
545572610,Kardelen Çocuk Parkı,,leisure:park,park,40.9785406,29.0767095,8.885664529915015,3,14,0.45,0.15,0.8926847297856566,0.04411764705882353,0.4363348307004029,1,0,0,0,0
1312247885,Alibeyköy Lojistik Merkezi Parkı,,leisure:park,park,41.085147,28.9496482,8.889371388463204,3,3,0.45,0.15,0.892639803451568,0.04411764705882353,0.4363213528001763,1,0,0,0,0
1467139767,Arı Parkı,,leisure:park,park,41.0780965,28.9629496,7.879418172608338,2,12,0.45,0.15,0.9048802207751738,0.029411764705882353,0.43631700740902274,1,0,0,0,0
1073977604,Sadabat Mesire 2,,leisure:park,park,41.0681053,28.9600307,6.837022491783803,3,12,0.45,0.1,0.9175138338468611,0.04411764705882353,0.4362835619187643,1,0,0,0,0
1315275773,Halay Sokak Parkı,,leisure:park,park,41.0972095,28.9706816,9.918557010014897,4,10,0.45,0.15,0.8801662934775597,0.058823529411764705,0.4362557703962091,1,0,0,0,0
236790711,Gül Bahçesi,,leisure:park,park,40.9683883,29.0559051,7.86874369211964,4,1,0.45,0.1,0.9050095931994042,0.058823529411764705,0.43620876031276246,1,0,0,0,0
1302221404,Yunus Emre Parkı,,leisure:park,park,41.0306051,28.8762259,8.926625791634928,3,17,0.45,0.15,0.8921882880399578,0.04411764705882353,0.43618589817669323,1,0,0,0,0
1228003591,Aslan Yıldırım Parkı,,leisure:park,park,41.0240279,29.0950044,9.940098112111215,4,14,0.45,0.15,0.8799052199197651,0.058823529411764705,0.43617744832887073,1,0,0,0,0
1116220751,Şehit Recep Bodur Parkı,,leisure:park,park,41.0851328,28.9177408,9.952737504953125,4,3,0.45,0.15,0.8797520331773763,0.058823529411764705,0.43613149230615406,1,0,0,0,0
1104815609,Hafız Tanık Parkı,,leisure:park,park,41.0728476,28.9383741,7.933680307707506,2,3,0.45,0.15,0.9042225752842177,0.029411764705882353,0.43611971376173586,1,0,0,0,0
742457932,Fildamı,,leisure:park,park,40.9930583,28.8861305,7.924117924411564,4,17,0.45,0.1,0.9043384693279348,0.058823529411764705,0.4360074231513216,1,0,0,0,0
736818490,Tekemek Parkı,,leisure:park,park,41.0980602,28.975506,9.994958468340835,4,10,0.45,0.15,0.8792403241164444,0.058823529411764705,0.4359779795878745,1,0,0,0,0
227926318,Dut Ağacı Parkı,,leisure:park,park,40.9707694,29.1129262,12.033914279528242,6,14,0.45,0.15,0.8545286150575252,0.08823529411764706,0.43591740804666934,1,0,0,0,0
978534743,Masal Parkı,,leisure:park,park,41.0837292,28.8756005,12.035551899347887,6,3,0.45,0.15,0.8545087674549876,0.08823529411764706,0.43591145376590806,1,0,0,0,0
384141600,Şehit Kemal Özarar Parkı,,leisure:park,park,41.0622353,28.9359299,6.98503740193996,1,3,0.45,0.15,0.9157199247409885,0.014705882352941176,0.43589244801053184,1,0,0,0,0
1302191423,Mimar Sinan Parkı,,leisure:park,park,41.034147,28.8892832,8.013674813066244,2,17,0.45,0.15,0.9032530589602783,0.029411764705882353,0.4358288588645541,1,0,0,0,0
793756135,Şehitler Parkı,,leisure:park,park,41.0710227,28.9719472,7.006507729600912,1,12,0.45,0.15,0.9154597089542382,0.014705882352941176,0.4358143832745068,1,0,0,0,0
1467354753,Halide Edip Adıvar Parkı,,leisure:park,park,41.0621679,28.9755808,6.005621893188014,0,12,0.45,0.15,0.9275902315751403,0.0,0.43577706947254213,1,0,0,0,0
361214603,İsmet inönü Parkı,,leisure:park,park,40.9961676,29.0852703,9.06750939700487,3,14,0.45,0.15,0.8904808088253661,0.04411764705882353,0.43567365441231576,1,0,0,0,0
408586766,Necati Akkuş Parkı,,leisure:park,park,40.9958292,28.8714577,9.079132945545775,3,17,0.45,0.15,0.8903399338989949,0.04411764705882353,0.43563139193440437,1,0,0,0,0
48962380,Şeker Parkı,,leisure:park,park,41.0712026,29.0269652,8.103614307527852,2,10,0.45,0.15,0.9021630114919384,0.029411764705882353,0.4355018446240521,1,0,0,0,0
614461483,Çay Bahçesi,,leisure:park,park,41.0275353,28.8732827,9.077340490612661,5,17,0.45,0.1,0.8903616580700462,0.07352941176470588,0.4354908503621903,1,0,0,0,0
548962086,Atatürk Parkı,,leisure:park,park,40.9462474,29.1120785,13.1678788863829,7,16,0.45,0.15,0.8407852061548159,0.10294117647058823,0.43547085596409185,1,0,0,0,0
244382982,Huzur Hoca Parkı,,leisure:park,park,40.967584,29.112954,12.163381346421682,6,14,0.45,0.15,0.8529595018515264,0.08823529411764706,0.43544667408486964,1,0,0,0,0
1108090946,Korugan,,historic:ruins,historic,41.1511622,28.545116,39.64389881852509,5,9,0.82,0.1,0.519901497929564,0.07352941176470588,0.43535280232004564,0,1,0,0,0
724708941,Şehit Onur Ayaydın Parkı,,leisure:park,park,41.056287,28.9043554,8.195401800031735,2,3,0.45,0.15,0.9010505666819243,0.029411764705882353,0.43516811118104787,1,0,0,0,0
1456729718,Safa Parki,,leisure:park,park,41.0909998,28.9784393,9.20693099413615,3,10,0.45,0.15,0.8887910488384483,0.04411764705882353,0.4351667264162404,1,0,0,0,0
254708966,Levent Parkı,,leisure:park,park,41.0759915,29.0168269,8.198086347497842,2,10,0.45,0.15,0.9010180305398592,0.029411764705882353,0.4351583503384283,1,0,0,0,0
583933178,Adnan Kahveci Parkı,,leisure:park,park,40.9451014,29.112414,13.25896244439362,7,16,0.45,0.15,0.8396812928805496,0.10294117647058823,0.43513968198181197,1,0,0,0,0
1457628034,Fazilet Parkı,,leisure:park,park,41.0820542,28.981273,8.21575733674462,2,10,0.45,0.15,0.9008038619234263,0.029411764705882353,0.4350940997534985,1,0,0,0,0
307996541,29 Ekim Parkı,,leisure:park,park,41.0057107,28.8925141,7.21209680437443,1,17,0.45,0.15,0.9129680132668575,0.014705882352941176,0.43506687456829257,1,0,0,0,0
9024963374,Cumhuriyet Parkı,,leisure:park,park,41.0845221,28.8727106,12.27108690466108,6,3,0.45,0.15,0.8516541334837389,0.08823529411764706,0.43505506357453344,1,0,0,0,0
9067337788,Ertuğrul Gazi Parkı,,leisure:park,park,41.0652537,28.9157618,8.23701990958267,2,3,0.45,0.15,0.9005461640807684,0.029411764705882353,0.43501679040070107,1,0,0,0,0
8330277241,Korugan,,historic:ruins,historic,41.0913516,28.5672647,35.69466123251111,1,9,0.82,0.1,0.5677654142021249,0.014705882352941176,0.43500609484887276,0,1,0,0,0
1122918907,Yenilevent Konaklar Parkı,,leisure:park,park,41.0882311,29.0099362,9.283703678110935,3,10,0.45,0.15,0.8878605803017356,0.04411764705882353,0.43488758585522663,1,0,0,0,0
177436492,Selamiçeşme Özgürlük Parkı,,leisure:park,park,40.97928,29.0564448,7.296949025295799,1,1,0.45,0.15,0.9119396224675538,0.014705882352941176,0.43475835732850143,1,0,0,0,0
594335119,Mehmet Tahan Parkı,,leisure:park,park,40.9856595,28.8965904,7.308963328310203,1,17,0.45,0.15,0.9117940116804005,0.014705882352941176,0.4347146740923555,1,0,0,0,0
4792495521,Ulubatlı Hasan Parkı,,leisure:park,park,41.001402,28.8554355,10.346078182585622,4,5,0.45,0.15,0.8749848281534323,0.058823529411764705,0.4347013307989709,1,0,0,0,0
8330277242,Korugan,,historic:ruins,historic,41.0918764,28.5663517,35.783610253905245,1,9,0.82,0.1,0.56668737105587,0.014705882352941176,0.43468268190499626,0,1,0,0,0
307996540,30 Ağustos Parkı,,leisure:park,park,41.0048775,28.8912007,7.326359200882197,1,17,0.45,0.15,0.9115831774193212,0.014705882352941176,0.43465142381403166,1,0,0,0,0
389494223,Şehit Bülent Üstün Parkı,,leisure:park,park,41.0770222,28.9135724,9.38736322198265,3,3,0.45,0.15,0.8866042487641501,0.04411764705882353,0.43451068639395096,1,0,0,0,0
305940333,Yeşilpınar Bölge Parkı,,leisure:park,park,41.0810368,28.9217521,9.389578912090945,3,3,0.45,0.15,0.8865773950731478,0.04411764705882353,0.43450263028665026,1,0,0,0,0
314482868,Bağcılar Merkez Parkı,,leisure:park,park,41.0306888,28.8577954,10.422579959268713,4,5,0.45,0.15,0.8740576429552489,0.058823529411764705,0.43442317523951585,1,0,0,0,0
719327118,Mehmet Nesih Özmen Parkı,,leisure:park,park,41.0137786,28.8905826,7.394470919431705,1,17,0.45,0.15,0.9107576779342106,0.014705882352941176,0.4344037739684985,1,0,0,0,0
691957220,Ataşehir Belediyesi Nazım Hikmet Parkı,,leisure:park,park,40.983922,29.1232248,12.450612499040528,6,14,0.45,0.15,0.8494783216134704,0.08823529411764706,0.43440232001345286,1,0,0,0,0
614461479,Bağcılar Ebubekir Parkı,,leisure:park,park,41.0318922,28.8703719,9.438091977574391,3,17,0.45,0.15,0.8859894270783509,0.04411764705882353,0.4343262398882112,1,0,0,0,0
1246777144,Mevlana Parkı,,leisure:park,park,41.0888826,28.8747849,12.4894408993451,6,3,0.45,0.15,0.8490077296927013,0.08823529411764706,0.43426114243722214,1,0,0,0,0
725791283,Şehit Hüseyin Usluca Parkı,,leisure:park,park,41.0685982,28.8825834,10.473088499364016,4,3,0.45,0.15,0.8734454902342446,0.058823529411764705,0.4342395294232146,1,0,0,0,0
548329868,Şehit Engin Danyıldız Parkı,,leisure:park,park,41.0635753,28.9285768,7.441599381194409,1,3,0.45,0.15,0.9101864910408585,0.014705882352941176,0.43423241790049283,1,0,0,0,0
1467804967,Neslican Tay Parkı,,leisure:park,park,41.0795593,29.0132749,8.456670205649383,2,10,0.45,0.15,0.8978840493937683,0.029411764705882353,0.43421815599460106,1,0,0,0,0
1053329570,Küheylan Parkı,,leisure:park,park,41.0754501,28.9312429,8.459314946048599,2,3,0.45,0.15,0.8978519957048541,0.029411764705882353,0.4342085398879268,1,0,0,0,0
732403172,Akasya Koru Evleri Parkı,,leisure:park,park,41.0032857,29.0548743,6.4403872070103745,0,1,0.45,0.15,0.9223209688058647,0.0,0.4341962906417594,1,0,0,0,0
1465566762,Nejat Uygur Parkı,,leisure:park,park,41.0647666,28.99599,6.460634887318699,0,10,0.45,0.15,0.9220755712439598,0.0,0.43412267137318794,1,0,0,0,0
767505432,Hacivat Parkı,,leisure:park,park,41.0190228,29.090809,9.507882566758877,3,14,0.45,0.15,0.8851435800396291,0.04411764705882353,0.43407248577659463,1,0,0,0,0
1465616678,cemre parkı,,leisure:park,park,41.084075,28.9915748,8.508962095820623,2,10,0.45,0.15,0.8972502828506376,0.029411764705882353,0.43402802603166185,1,0,0,0,0
469996531,Eylül Parkı,,leisure:park,park,40.9891157,29.0768738,8.532196630053546,2,14,0.45,0.15,0.8969686852569413,0.029411764705882353,0.43394354675355296,1,0,0,0,0
235392135,Fenerbahçe Parkı,,leisure:park,park,40.9678065,29.0345506,6.5104998892148975,0,1,0.45,0.15,0.9214712180685156,0.0,0.4339413654205547,1,0,0,0,0
1035203747,Yıldızbahçe,,leisure:park,park,41.0243097,28.8915534,7.503331458927364,3,17,0.45,0.1,0.9094383114402173,0.04411764705882353,0.43386090519677106,1,0,0,0,0
12948991847,Şehit Erdal Tenekeci Parkı,,leisure:park,park,41.0849807,28.9866503,8.565624411636218,2,10,0.45,0.15,0.8965635476819023,0.029411764705882353,0.4338220054810413,1,0,0,0,0
357527591,Hüdayi Parkı,,leisure:park,park,41.0126474,29.0682438,7.554701412774323,1,14,0.45,0.15,0.9088157185684782,0.014705882352941176,0.43382118615877874,1,0,0,0,0
401365052,Çakmak Parkı,,leisure:park,park,41.0185874,29.1162249,11.621452763115858,5,14,0.45,0.15,0.8595275605646608,0.07352941176470588,0.4337406211105747,1,0,0,0,0
656817706,Atakent Parkı,,leisure:park,park,41.0101447,29.1049256,10.618750690681942,4,14,0.45,0.15,0.8716800955783217,0.058823529411764705,0.4337099110264377,1,0,0,0,0
1496133339,Şehit Yalçın Dursun Parkı,,leisure:park,park,41.0160267,29.0924606,9.609694148480637,3,14,0.45,0.15,0.8839096454087106,0.04411764705882353,0.43370230538731913,1,0,0,0,0
8988348786,Spor Parkı,,leisure:park,park,41.0634907,28.9067234,8.598873287151129,2,3,0.45,0.15,0.8961605784102032,0.029411764705882353,0.43370111469953154,1,0,0,0,0
458935618,Şehit Cehar Dudayev Parkı,,leisure:park,park,41.072522,28.8847118,10.62522830564714,4,3,0.45,0.15,0.871601588268091,0.058823529411764705,0.4336863588333685,1,0,0,0,0
464932955,İsmail Akyüz Parkı,,leisure:park,park,40.9840785,28.868207,9.629043802069267,3,5,0.45,0.15,0.8836751317388952,0.04411764705882353,0.4336319512863745,1,0,0,0,0
1316377959,Pazartesi Pazarı Parkı,,leisure:park,park,41.0948216,28.9705149,9.654563754788098,3,10,0.45,0.15,0.8833658353611489,0.04411764705882353,0.43353916237305057,1,0,0,0,0
566196528,19 Mayıs Parkı,,leisure:park,park,40.9761822,29.0853685,9.658007949325505,3,14,0.45,0.15,0.883324092458785,0.04411764705882353,0.4335266395023414,1,0,0,0,0
394054845,A Caddesi Parkı,,leisure:park,park,41.0887242,28.8708731,12.707431073206308,6,3,0.45,0.15,0.8463657353323507,0.08823529411764706,0.43346854412911695,1,0,0,0,0
6374154935,A Caddesi Parkı,,leisure:park,park,41.088784,28.8708372,12.714249982573905,6,3,0.45,0.15,0.8462830916068385,0.08823529411764706,0.4334437510114633,1,0,0,0,0
1076007366,İstanbul Caddesi Mesire Alanı,,leisure:park,park,41.0688686,28.9140473,8.639458112269338,4,3,0.45,0.1,0.8956686989957375,0.058823529411764705,0.43340649205166243,1,0,0,0,0
13470258788,Şehit Piyade Er İsa Erçetin Parkı,,leisure:park,park,41.0697521,28.8802175,10.707610862488622,4,3,0.45,0.15,0.8706031292700949,0.058823529411764705,0.43338682113396965,1,0,0,0,0
223922251,Spor Parkı,,leisure:park,park,41.0991101,28.9076739,11.719971989992377,5,3,0.45,0.15,0.8583335285714592,0.07352941176470588,0.43338241151261425,1,0,0,0,0
544512869,Dostlar Parkı,,leisure:park,park,40.9885903,29.0786093,8.6878527254064,2,14,0.45,0.15,0.8950821666180862,0.029411764705882353,0.43337759116189645,1,0,0,0,0
845162490,Millî Egemenlik Parkı,,leisure:park,park,41.0004606,28.8511751,10.71063942304184,4,5,0.45,0.15,0.8705664237628701,0.058823529411764705,0.4333758094818022,1,0,0,0,0
736829688,Cendere Sahil Parkı,,leisure:park,park,41.0864615,28.9800913,8.703449498329125,2,10,0.45,0.15,0.894893137060599,0.029411764705882353,0.43332088229465027,1,0,0,0,0
585974109,Bağcılar Belediyesi Mimar Sinan Parkı,,leisure:park,park,41.0315681,28.854292,10.731332183548242,4,5,0.45,0.15,0.8703156319240012,0.058823529411764705,0.43330057193014154,1,0,0,0,0
376849720,Erlangen Parkı,,leisure:park,park,41.0817456,29.0146254,8.723955005669241,2,10,0.45,0.15,0.8946446146901219,0.029411764705882353,0.4332463255835072,1,0,0,0,0
1389560164,Korugan,,historic:ruins,historic,41.1460452,28.5346184,40.23263194585724,5,9,0.82,0.1,0.512766178136877,0.07352941176470588,0.4332122063822395,0,1,0,0,0
357185966,80. Yıl Cumhuriyet Parkı,,leisure:park,park,40.9838307,28.8920316,7.738416367669375,1,17,0.45,0.15,0.9065891325433033,0.014705882352941176,0.4331532103512263,1,0,0,0,0
749710117,Şelale Parkı,,leisure:park,park,41.0071653,29.1188782,11.788115446775397,5,14,0.45,0.15,0.8575076444257355,0.07352941176470588,0.43313464626889714,1,0,0,0,0
224813693,Gazi Parkı,,leisure:park,park,41.0958062,28.8991636,11.791553446841798,5,3,0.45,0.15,0.8574659765990374,0.07352941176470588,0.4331221459208877,1,0,0,0,0
465378720,Yakut Parkı,,leisure:park,park,40.9782681,28.8688667,9.776924907376314,3,5,0.45,0.15,0.8818828443192228,0.04411764705882353,0.43309426506047277,1,0,0,0,0
316332724,Şehit Enver Yorulmaz Parkı,,leisure:park,park,41.0015354,28.8617722,9.814698192031097,3,5,0.45,0.15,0.8814250401748333,0.04411764705882353,0.4329569238171559,1,0,0,0,0
544512862,Sahrayıcedit Korusu,,leisure:park,park,40.9873953,29.0791312,8.764463159357998,4,14,0.45,0.1,0.8941536645170097,0.058823529411764705,0.4329519817080441,1,0,0,0,0
590191308,Çamlık Parkı,,leisure:park,park,40.9896559,29.0679923,7.7963357406190195,1,1,0.45,0.15,0.9058871621105193,0.014705882352941176,0.4329426192213911,1,0,0,0,0
1380693371,Şeker Parkı,,leisure:park,park,41.0855334,29.0052253,8.888476102012751,2,10,0.45,0.15,0.8926506541321795,0.029411764705882353,0.4326481374161244,1,0,0,0,0
1313416174,Akşemsettin Parkı,,leisure:park,park,41.0972352,28.9782813,9.900281210939422,3,10,0.45,0.15,0.880387792259973,0.04411764705882353,0.4326457494426978,1,0,0,0,0
224870845,Sadabat Mesire 2,,leisure:park,park,41.0675028,28.9571539,6.830705909988042,2,12,0.45,0.1,0.9175903894694633,0.029411764705882353,0.4326300580173095,1,0,0,0,0
10536443651,Kandilli Boğaziçi Parkı,,leisure:park,park,41.0733748,29.059018,9.911382741169087,3,10,0.45,0.15,0.8802532440840689,0.04411764705882353,0.43260538498992657,1,0,0,0,0
461681168,Gözde Sokak Parkı,,leisure:park,park,41.069175,29.0265571,7.891977195263505,1,10,0.45,0.15,0.9047280081022872,0.014705882352941176,0.43259487301892147,1,0,0,0,0
1389560163,Korugan,,historic:ruins,historic,41.1467979,28.5328268,40.40317437981964,5,9,0.82,0.1,0.5106992402527134,0.07352941176470588,0.43259212501699046,0,1,0,0,0
1116770752,Sezer Sokağı Parkı,,leisure:park,park,41.0668796,28.9254338,7.893600151840977,1,3,0.45,0.15,0.9047083382151136,0.014705882352941176,0.4325889720527694,1,0,0,0,0
896229704,Kısıklı Karakol Arkası Parkı,,leisure:park,park,41.0243894,29.0700063,7.893707523695783,1,14,0.45,0.15,0.9047070368911602,0.014705882352941176,0.43258858165558334,1,0,0,0,0
551582373,Alkent Park,,leisure:park,park,41.0886736,29.0305427,9.959473255350979,3,10,0.45,0.15,0.8796703973208206,0.04411764705882353,0.43243053096095213,1,0,0,0,0
1124845884,Çeşme Parkı,,leisure:park,park,40.969563,29.1117243,11.98683035667337,5,14,0.45,0.15,0.8550992621488247,0.07352941176470588,0.43241213158582387,1,0,0,0,0
808535281,Demokrasi Parkı,,leisure:park,park,40.8644948,28.9944965,16.036415378901356,9,1,0.45,0.15,0.8060191563762643,0.1323529411764706,0.43239398220699693,1,0,0,0,0
231684880,Merter Sağlıklı Yaşam Parkı,,leisure:park,park,41.0034786,28.8838754,7.949155961705527,1,17,0.45,0.15,0.9040350136622358,0.014705882352941176,0.43238697468690607,1,0,0,0,0
10316837560,Kandilli Parkı,,leisure:park,park,41.0743684,29.0587522,9.977346934985391,3,10,0.45,0.15,0.8794537721401696,0.04411764705882353,0.4323655434067568,1,0,0,0,0
41724830,Cemil Topuzlu Parkı,,leisure:park,park,41.0540891,29.0346168,6.9478584452871415,0,10,0.45,0.15,0.9161705257568995,0.0,0.4323511577270699,1,0,0,0,0
1389560161,Korugan,,historic:ruins,historic,41.1493663,28.5332265,40.48141428819833,5,9,0.82,0.1,0.5097509892695179,0.07352941176470588,0.4323076497220318,0,1,0,0,0
462184862,Birlik Parkı,,leisure:park,park,41.0731897,29.0185576,7.972819375269224,1,10,0.45,0.15,0.903748218142628,0.014705882352941176,0.4323009360310237,1,0,0,0,0
1389560162,Korugan,,historic:ruins,historic,41.148737,28.5325803,40.50446270260207,5,9,0.82,0.1,0.5094716474084096,0.07352941176470588,0.43222384716369927,0,1,0,0,0
1312597858,Mete Gazoz Parkı,,leisure:park,park,41.0027047,28.8471641,11.029343357846717,4,5,0.45,0.15,0.8667038001250168,0.058823529411764705,0.43221702239044624,1,0,0,0,0
1213727780,Göçmenler Sokak Parkı,,leisure:park,park,41.0576468,28.9269749,6.988303979965047,0,3,0.45,0.15,0.9156803345128279,0.0,0.4322041003538484,1,0,0,0,0
361220262,Örnek Parkı,,leisure:park,park,40.9926458,29.0839461,9.024652688728116,2,14,0.45,0.15,0.8910002229786043,0.029411764705882353,0.43215300807005186,1,0,0,0,0
278484919,Burhaniye Parkı,,leisure:park,park,41.0348479,29.0542168,7.016807624187329,0,1,0.45,0.15,0.9153348764311593,0.0,0.4321004629293478,1,0,0,0,0
963419844,Ataşehir Belediyesi Sardunya Parkı,,leisure:park,park,40.9823755,29.1182377,12.082214829778737,5,14,0.45,0.15,0.8539432227019739,0.07352941176470588,0.43206531975176865,1,0,0,0,0
662219185,Salih Solman Piknik Alanı,,leisure:park,park,41.0247263,29.0714831,8.022872918516276,3,14,0.45,0.1,0.9031415798862702,0.04411764705882353,0.431971885730587,1,0,0,0,0
585961716,Merkez mahalle parkı,,leisure:park,park,41.0329088,28.8627028,10.087645224324097,3,5,0.45,0.15,0.8781169804250774,0.04411764705882353,0.4319645058922291,1,0,0,0,0
462308262,Erguvan Barış Parkı,,leisure:park,park,40.9875198,29.1204947,12.144662207308329,5,14,0.45,0.15,0.8531863738205334,0.07352941176470588,0.4318382650873365,1,0,0,0,0
1302221466,Zekayi Şengör Parkı,,leisure:park,park,41.0346446,28.8754777,9.121402162166902,2,17,0.45,0.15,0.8898276400191774,0.029411764705882353,0.4318012331822238,1,0,0,0,0
455579493,Martı Sitesi Parkı,,leisure:park,park,40.9824982,28.8500161,11.147312761981208,4,5,0.45,0.15,0.8652740361365918,0.058823529411764705,0.43178809319391875,1,0,0,0,0
306970811,Bahçelievler Belediyesi Şehit Selim Ayaydın Parkı,,leisure:park,park,40.9983874,28.8582496,10.14138327208584,3,5,0.45,0.15,0.8774656867607438,0.04411764705882353,0.43176911779292904,1,0,0,0,0
1116220750,Mevlana Parkı,,leisure:park,park,41.0871166,28.9176245,10.147820211047938,3,3,0.45,0.15,0.8773876724349852,0.04411764705882353,0.43174571349520147,1,0,0,0,0
1221810405,Aziziye Parki,,leisure:park,park,41.028901,29.0587238,7.121161705907136,0,1,0.45,0.15,0.9140701272431576,0.0,0.4317210381729473,1,0,0,0,0
227341989,içerenköy parkı,,leisure:park,park,40.9706676,29.115138,12.212141940930927,5,14,0.45,0.15,0.852368533857791,0.07352941176470588,0.4315929130985138,1,0,0,0,0
1226723211,Kestane Parkı,,leisure:park,park,41.0352502,28.8497658,11.202763966396644,4,5,0.45,0.15,0.8646019793794211,0.058823529411764705,0.43158647616676754,1,0,0,0,0
296472102,assembly area,,leisure:park,park,41.0688483,28.9512184,7.118706211020218,2,12,0.45,0.1,0.914099887316872,0.029411764705882353,0.43158290737153215,1,0,0,0,0
361214599,Kutlubahçe Parkı,,leisure:park,park,40.9929242,29.0860182,9.189588239114405,2,14,0.45,0.15,0.8890012393261606,0.029411764705882353,0.43155331297431876,1,0,0,0,0
4291463827,Kestane Parkı,,leisure:park,park,41.0357342,28.8498206,11.212872750837613,4,5,0.45,0.15,0.8644794630704977,0.058823529411764705,0.4315497212740905,1,0,0,0,0
187796026,Zübeyde Hanım Parkı,,leisure:park,park,40.9717084,29.0903906,10.238106732325022,3,14,0.45,0.15,0.8762934190757415,0.04411764705882353,0.4314174374874284,1,0,0,0,0
1162398254,1181. Sokak Parkı,,leisure:park,park,41.0773717,28.8973157,10.266564115987137,3,3,0.45,0.15,0.8759485216621842,0.04411764705882353,0.43131396826336116,1,0,0,0,0
307837652,Cevher Dudayev Parkı,,leisure:park,park,41.0227627,28.8696609,9.26583204012493,2,17,0.45,0.15,0.8880771807380439,0.029411764705882353,0.43127609539788375,1,0,0,0,0
738314592,Karayolları Spor Parkı,,leisure:park,park,41.0886105,28.8962032,11.289722875740386,4,3,0.45,0.15,0.8635480559662736,0.058823529411764705,0.4312702991428233,1,0,0,0,0
813725404,Kısıklı Parkı,,leisure:park,park,41.0225609,29.0626804,7.249224984598812,0,1,0.45,0.15,0.912518027650417,0.0,0.4312554082951251,1,0,0,0,0
679212065,Zeytinburnu Millet Bahçesi,,leisure:park,park,40.9956061,28.9062714,6.212739820385432,1,17,0.45,0.1,0.9250800065228335,0.014705882352941176,0.43120047254508537,1,0,0,0,0
1466588590,Şehit Er Cihan Namlı Parkı,,leisure:park,park,41.0724069,28.9949128,7.272571919877539,0,10,0.45,0.15,0.9122350677800463,0.0,0.4311705203340139,1,0,0,0,0
1162398255,1183. Sokak Parkı,,leisure:park,park,41.0776056,28.8969498,10.30636832997757,3,3,0.45,0.15,0.8754661030879054,0.04411764705882353,0.43116924269107754,1,0,0,0,0
708935932,Gaziosmanpaşa Sosyal Yaşam Merkezi ve Meydanı,,leisure:park,park,41.0606172,28.9086299,8.259435836362943,3,3,0.45,0.1,0.9002744878346032,0.04411764705882353,0.43111175811508684,1,0,0,0,0
1162398266,Şehit Hakan Arlon Parkı,,leisure:park,park,41.0752488,28.8924302,10.371534942080812,3,3,0.45,0.15,0.874676297664063,0.04411764705882353,0.4309323010639248,1,0,0,0,0
222603226,Yenilevent Sporcular Parkı,,leisure:park,park,41.0876408,29.0159556,9.378057535735193,2,10,0.45,0.15,0.8867170316944515,0.029411764705882353,0.43086805068480605,1,0,0,0,0
13724139159,Ahmet Taner Kışlalı Parkı,,leisure:park,park,40.9714894,29.0922841,10.393763858019355,3,14,0.45,0.15,0.8744068879493676,0.04411764705882353,0.4308514781495162,1,0,0,0,0
469996525,Ahmet Taner Kışlalı Parkı,,leisure:park,park,40.9714392,29.0924106,10.40572391213003,3,14,0.45,0.15,0.8742619346473439,0.04411764705882353,0.4308079921589091,1,0,0,0,0
8990639667,323 SokakParkı,,leisure:park,park,41.068801,28.8999243,9.419571183676918,2,3,0.45,0.15,0.8862138951456937,0.029411764705882353,0.4307171097201787,1,0,0,0,0
200506796,Alibeyköy Merkez Parkı,,leisure:park,park,41.0805127,28.9484407,8.424211557930986,1,3,0.45,0.15,0.8982774412733088,0.014705882352941176,0.43065970297022793,1,0,0,0,0
544002410,Sahrayıcedit Park,,leisure:park,park,40.9850924,29.0742057,8.440999261078092,1,14,0.45,0.15,0.8980739778957983,0.014705882352941176,0.4305986639569748,1,0,0,0,0
627452847,Nazım Hikmet Parkı,,leisure:park,park,40.9847439,29.124113,12.503935042880277,5,14,0.45,0.15,0.84883206376795,0.07352941176470588,0.43053197207156146,1,0,0,0,0
466714102,Çırpıcı Şehir Parkı,,leisure:park,park,40.9999423,28.8902772,7.451597063245046,0,17,0.45,0.15,0.9100653212691826,0.0,0.4305195963807548,1,0,0,0,0
1275941143,Barbaros Parkı,,leisure:park,park,41.0740645,28.888891,10.487695957120932,3,3,0.45,0.15,0.8732684509653214,0.04411764705882353,0.43050994705430234,1,0,0,0,0
956420607,Çocuk Parkı,,leisure:park,park,41.0076393,29.1155082,11.504904203707866,4,14,0.45,0.15,0.8609401042183897,0.058823529411764705,0.4304879136184581,1,0,0,0,0
244332509,Özgürlük Parkı,,leisure:park,park,40.9904044,29.1259321,12.538153455367556,5,14,0.45,0.15,0.8484173439151684,0.07352941176470588,0.430407556115727,1,0,0,0,0
427613359,Nurtepe Gezi Parkı,,leisure:park,park,41.0835572,28.9599395,8.521161790227488,1,12,0.45,0.15,0.8971024251593939,0.014705882352941176,0.43030719813605345,1,0,0,0,0
906655475,Kudüs Parkı,,leisure:park,park,41.0898272,28.8927604,11.574020015110102,4,3,0.45,0.15,0.8601024353423053,0.058823529411764705,0.4302366129556328,1,0,0,0,0
1316905412,Dadyan Parkı,,leisure:park,park,40.9763519,28.8726811,9.553571836959724,2,17,0.45,0.15,0.8845898358407001,0.029411764705882353,0.4302298919286806,1,0,0,0,0
559113185,Hasbahçe Mesire Alanı,,leisure:park,park,41.0749781,28.9664538,7.492682836254439,2,12,0.45,0.1,0.9095673704732418,0.029411764705882353,0.4302231523184431,1,0,0,0,0
402946768,Prof. Dr. Aykut Barka Parkı,,leisure:park,park,41.0737552,29.0317013,8.550954429763909,1,10,0.45,0.15,0.8967413447297534,0.014705882352941176,0.43019887400716134,1,0,0,0,0
465151265,Prof. Dr. Muammer Aksoy Parkı,,leisure:park,park,40.9881806,28.8798151,8.567709958349448,1,17,0.45,0.15,0.896538271301059,0.014705882352941176,0.430137951978553,1,0,0,0,0
430354603,Bahçelievler Parkı,,leisure:park,park,41.0044041,28.8643169,9.58223741313846,2,5,0.45,0.15,0.884242415178296,0.029411764705882353,0.4301256657299594,1,0,0,0,0
458880516,Ağaç Parkı,,leisure:park,park,41.0117155,29.1287875,12.624662809302702,5,14,0.45,0.15,0.8473688690175808,0.07352941176470588,0.4300930136464507,1,0,0,0,0
1061419323,Uğur Cengiz Parkı,,leisure:park,park,41.0600003,29.0700777,9.607652000597708,2,10,0.45,0.15,0.8839343958049976,0.029411764705882353,0.43003325991796987,1,0,0,0,0
163205529,Şenol Güneş Parkı,,leisure:park,park,41.0379734,29.059802,7.5890571409148935,0,1,0.45,0.15,0.9083993344792994,0.0,0.43001980034378984,1,0,0,0,0
1302901391,Havaalanı Mahallesi Parkı,,leisure:park,park,41.0576148,28.8698495,10.634503830333324,3,3,0.45,0.15,0.8714891708894719,0.04411764705882353,0.42997616303154745,1,0,0,0,0
229824803,Rahmi Gökcan Parkı,,leisure:park,park,41.0577277,29.0726082,9.631779642279502,2,10,0.45,0.15,0.8836419739397237,0.029411764705882353,0.4299455333583877,1,0,0,0,0
673703683,Çağlayan Parkı,,leisure:park,park,41.0766393,28.9773236,7.610648859407104,0,10,0.45,0.15,0.9081376474615945,0.0,0.4299412942384784,1,0,0,0,0
665180569,Adnan Menderes Parkı,,leisure:park,park,41.0756428,28.9269126,8.65363274911406,1,3,0.45,0.15,0.8954969054238511,0.014705882352941176,0.4298255422153906,1,0,0,0,0
897677482,Baruthane Millet Bahçesi,,leisure:park,park,40.9752713,28.8589823,10.67065717257888,5,5,0.45,0.1,0.8710510001011803,0.07352941176470588,0.42969765297153056,1,0,0,0,0
906663163,Dede Korkut Parkı,,leisure:park,park,41.092933,28.8948859,11.739495816996307,4,3,0.45,0.15,0.8580969039570411,0.058823529411764705,0.42963495354005354,1,0,0,0,0
62175618,Kuruçeşme Parkı,,leisure:park,park,41.060834,29.0380455,7.699460687041532,0,10,0.45,0.15,0.9070612670744126,0.0,0.4296183801223238,1,0,0,0,0
661010418,Ilgın Parkı,,leisure:park,park,40.9734076,29.0979711,10.755675162927538,3,14,0.45,0.15,0.870020600211814,0.04411764705882353,0.42953559182825013,1,0,0,0,0
1302229387,Özel Esenler Hayat Hastanesi  Parkı,,leisure:park,park,41.0395464,28.8825322,8.765153192514024,1,17,0.45,0.15,0.8941453014624996,0.014705882352941176,0.42942006102698516,1,0,0,0,0
231220626,Seyfi Ali Yıldız Parkı,,leisure:park,park,41.0579938,29.074947,9.810020908969014,2,10,0.45,0.15,0.8814817278468182,0.029411764705882353,0.42929745953051607,1,0,0,0,0
419171205,Esatpaşa Parkı,,leisure:park,park,41.0048402,29.0832777,8.808390773446709,1,14,0.45,0.15,0.8936212712139981,0.014705882352941176,0.42926285195243474,1,0,0,0,0
1322640768,Yıldıztepe Parkı,,leisure:park,park,41.0241647,28.8503437,10.88951330139309,3,5,0.45,0.15,0.8683985105517043,0.04411764705882353,0.4290489649302172,1,0,0,0,0
463202799,Güngören Parkı,,leisure:park,park,41.0081782,28.872674,8.87142244630938,1,17,0.45,0.15,0.8928573407978837,0.014705882352941176,0.4290336728276004,1,0,0,0,0
1313693555,Fatih Sultan  Mehmet Parkı,,leisure:park,park,41.0879925,28.9733818,8.882507466508368,1,10,0.45,0.15,0.8927229927200261,0.014705882352941176,0.4289933684042431,1,0,0,0,0
896244658,Küçüksu Çayırı,,leisure:park,park,41.079406,29.0674853,10.886123715994692,5,10,0.45,0.1,0.8684395916029639,0.07352941176470588,0.42891423042206567,1,0,0,0,0
1300870404,Şehit Eren Bülbül Parkı,,leisure:park,park,41.0425364,29.0748188,8.944205428243944,1,14,0.45,0.15,0.8919752265979883,0.014705882352941176,0.4287690385676318,1,0,0,0,0
1313917689,Çeşmeli Parkı,,leisure:park,park,41.0061726,29.0852378,8.967683237143358,1,14,0.45,0.15,0.89169068056728,0.014705882352941176,0.4286836747584193,1,0,0,0,0
600269992,Barış Manço Parkı,,leisure:park,park,41.0897794,28.9281416,10.00247878146331,2,3,0.45,0.15,0.8791491795271918,0.029411764705882353,0.42859769503462813,1,0,0,0,0
818503611,Ertuğrul Gazi Parkı,,leisure:park,park,41.0876293,28.8808866,12.036452889253603,4,3,0.45,0.15,0.8544978476497163,0.058823529411764705,0.42855523664785605,1,0,0,0,0
8330278864,Korugan,,historic:ruins,historic,41.0886182,28.5567259,36.473967955301056,0,9,0.82,0.1,0.5583203831251493,0.0,0.4284961149375448,0,1,0,0,0
462336098,Türk-İş Parkı,,leisure:park,park,40.9783011,29.1164689,12.05541622327892,4,14,0.45,0.15,0.8542680160905184,0.058823529411764705,0.42848628718009674,1,0,0,0,0
904645239,Çocuk Parkı,,leisure:park,park,40.9926725,28.8727972,9.028752787161054,1,17,0.45,0.15,0.8909505306610799,0.014705882352941176,0.4284616297865593,1,0,0,0,0
551582375,Alkent Park,,leisure:park,park,41.0889883,29.0319515,10.043186771904244,2,10,0.45,0.15,0.8786558073753139,0.029411764705882353,0.42844968338906475,1,0,0,0,0
181590083,Cumhuriyet Parkı,,leisure:park,park,40.993938,29.1090113,11.074852467411864,3,14,0.45,0.15,0.8661522394345232,0.04411764705882353,0.4283750835950629,1,0,0,0,0
316385373,Molla Gürani Parkı,,leisure:park,park,41.025655,28.8483483,11.082416594572441,3,5,0.45,0.15,0.8660605638284844,0.04411764705882353,0.42834758091325126,1,0,0,0,0
734424208,Aşık Veysel Parkı,,leisure:park,park,40.9986587,29.0858404,9.07813635937528,1,14,0.45,0.15,0.8903520123105829,0.014705882352941176,0.4282820742814102,1,0,0,0,0
1248903213,Bayrampaşa Millet Bahçesi,Bayrampaşa National Garden,leisure:park,park,41.0558872,28.9063831,8.037888267989684,2,3,0.45,0.1,0.9029595970568391,0.029411764705882353,0.42824082029352234,1,0,0,0,0
817620818,Ahmet Niyazi Bey Parkı,,leisure:park,park,41.0265858,29.0842211,9.110508449637583,1,14,0.45,0.15,0.889959669488928,0.014705882352941176,0.4281643714349137,1,0,0,0,0
1210422538,Hamidiye Parkı,,leisure:park,park,41.0763055,28.881053,11.135668080269111,3,3,0.45,0.15,0.8654151671924852,0.04411764705882353,0.4281539619224515,1,0,0,0,0
334301026,Erdemliler Parkı,,leisure:park,park,41.0897302,28.9246312,10.12513365418322,2,3,0.45,0.15,0.8776626286599869,0.029411764705882353,0.42815172977446664,1,0,0,0,0
1489204204,Göztepe ASM Yanı Parkı,,leisure:park,park,41.0592075,28.8365256,13.182536137959037,5,5,0.45,0.15,0.840607563395436,0.07352941176470588,0.42806462195980727,1,0,0,0,0
1115814719,Şehit Savcı Mehmet Selim Kiraz Parkı,,leisure:park,park,41.0883113,28.8981578,11.163846161706878,3,3,0.45,0.15,0.8650736548622484,0.04411764705882353,0.42805150822338045,1,0,0,0,0
181087014,Fetih Parkı,,leisure:park,park,41.0847146,28.9113018,10.200439241773964,2,3,0.45,0.15,0.8767499410181838,0.029411764705882353,0.4278779234819257,1,0,0,0,0
1115826767,Fatih Caddesi Parkı,,leisure:park,park,41.0870249,28.8946484,11.231725829379497,3,3,0.45,0.15,0.8642509677842165,0.04411764705882353,0.42780470209997085,1,0,0,0,0
727664122,Kırçiçeği Parkı,,leisure:park,park,41.0452546,29.0767775,9.22390186210406,1,14,0.45,0.15,0.8885853655424203,0.014705882352941176,0.4277520802509614,1,0,0,0,0
1122411121,Necip Fazıl Kısakürek Parkı,,leisure:park,park,41.0901164,28.9225405,10.242579446350232,2,3,0.45,0.15,0.8762392107368023,0.029411764705882353,0.42772470439751126,1,0,0,0,0
1089890719,Sanat Parkı,,leisure:park,park,40.9932552,29.1234908,12.288761713236878,4,14,0.45,0.15,0.8514399185778538,0.058823529411764705,0.4276378579262973,1,0,0,0,0
1162398259,Ertuğrul Gazi Caddesi Parkı,,leisure:park,park,41.0841011,28.8890411,11.286580292787997,3,3,0.45,0.15,0.8635861434006294,0.04411764705882353,0.42760525478489475,1,0,0,0,0
583932312,Aslıhan Kahveci Parkı,,leisure:park,park,40.9469593,29.1150158,13.338007670058394,5,16,0.45,0.15,0.8387232816238039,0.07352941176470588,0.42749933742831764,1,0,0,0,0
875493249,Bakırköy Cevizlik Parkı,,leisure:park,park,40.9747162,28.8769273,9.294971373675114,1,17,0.45,0.15,0.8877240182374581,0.014705882352941176,0.4274936760594727,1,0,0,0,0
645703703,Şair Hakan Baytekin Parkı,,leisure:park,park,41.0973123,28.912776,11.334266153485629,3,3,0.45,0.15,0.8630082009512059,0.04411764705882353,0.42743187205006766,1,0,0,0,0
41724831,Bebek Parkı,,leisure:park,park,41.0759099,29.0437867,9.314367668617798,1,10,0.45,0.15,0.8874889392843907,0.014705882352941176,0.4274231523735525,1,0,0,0,0
760485126,Bebek Çınarlı Bahçe Parkı,,leisure:park,park,41.0766146,29.0428683,9.332973257952231,1,10,0.45,0.15,0.8872634435144581,0.014705882352941176,0.42735550364257274,1,0,0,0,0
585974107,Kazım Karabekir Parkı,,leisure:park,park,41.0261588,28.8450226,11.36689578871868,3,5,0.45,0.15,0.8626127367394983,0.04411764705882353,0.4273132327865554,1,0,0,0,0
626871607,Mimar Sinan Parkı,,leisure:park,park,40.9948766,29.1127691,11.372896306569194,3,14,0.45,0.15,0.8625400117444243,0.04411764705882353,0.4272914152880332,1,0,0,0,0
897673325,Muhtarlık,,leisure:park,park,40.9872795,28.8706509,9.337040198431199,3,17,0.45,0.1,0.8872141530642557,0.04411764705882353,0.4271936576839826,1,0,0,0,0
10554253492,Vaniköy Parkı,,leisure:park,park,41.0682874,29.0572697,9.40203909313315,1,10,0.45,0.15,0.8864263803395047,0.014705882352941176,0.4271043846900867,1,0,0,0,0
1229017309,Kağıthane Yeşil Vadi,,leisure:park,park,41.0926527,28.9806866,9.392682116132185,3,10,0.45,0.1,0.8865397849027866,0.04411764705882353,0.4269913472355419,1,0,0,0,0
1108090951,Korugan,,historic:ruins,historic,41.152587,28.5420097,39.94560011702728,3,9,0.82,0.1,0.5162449426131727,0.04411764705882353,0.42690289454865765,0,1,0,0,0
956420601,Palmiye Evleri Parkı,,leisure:park,park,41.0086172,29.1157385,11.52406757414023,3,14,0.45,0.15,0.8607078482606517,0.04411764705882353,0.42674176624290144,1,0,0,0,0
468653131,Esenler Bölge Parkı,,leisure:park,park,41.0587784,28.8724608,10.516145415677181,2,3,0.45,0.15,0.8729236496023549,0.029411764705882353,0.4267300360571771,1,0,0,0,0
988857210,Ataşehir Belediyesi Manolya 2 Parkı,,leisure:park,park,40.9814729,29.1235508,12.53928237797725,4,14,0.45,0.15,0.8484036616141947,0.058823529411764705,0.4267269808371996,1,0,0,0,0
659677321,Çanakkale Şehitleri Parkı,,leisure:park,park,41.0859003,28.8873416,11.530770360882041,3,3,0.45,0.15,0.8606266119165688,0.04411764705882353,0.42671739533967656,1,0,0,0,0
583934519,Küçükyalı Arkeoloji Parkı,,leisure:park,park,40.9435731,29.1154366,13.564313623100544,5,16,0.45,0.15,0.8359805017954259,0.07352941176470588,0.42667650347980424,1,0,0,0,0
660685625,Siyavuşpaşa Çocuk Parkı,,leisure:park,park,40.995957,28.8536171,10.55957126028046,2,5,0.45,0.15,0.8723973376383654,0.029411764705882353,0.4265721424679802,1,0,0,0,0
8330256190,Korugan,,historic:ruins,historic,41.1170005,28.5483993,38.027099087506876,1,9,0.82,0.1,0.5394967654386686,0.014705882352941176,0.4265255002198358,0,1,0,0,0
9099335181,Küçüksu Kasrı Mesire Alanı,,leisure:park,park,41.076742,29.0651172,10.53464187682146,4,10,0.45,0.1,0.8726994764427851,0.058823529411764705,0.42651572528577675,1,0,0,0,0
356780542,Bağcılar Millet Bahçesi,,leisure:park,park,41.0345922,28.8703619,9.526878984182654,3,17,0.45,0.1,0.8849133475167061,0.04411764705882353,0.42650341601971775,1,0,0,0,0
179547665,3 Mayıs Çocuk Parkı,,leisure:park,park,40.9805686,29.11166,11.598485241232565,3,14,0.45,0.15,0.8598059220256941,0.04411764705882353,0.42647118837241416,1,0,0,0,0
307835439,Güven Parkı,,leisure:park,park,41.0151947,28.87606,8.621999746612525,0,17,0.45,0.15,0.8958802906596609,0.0,0.42626408719789827,1,0,0,0,0
8330256189,Korugan,,historic:ruins,historic,41.1181358,28.5476668,38.12531929443964,1,9,0.82,0.1,0.5383063575033364,0.014705882352941176,0.4261683778392362,0,1,0,0,0
745718706,Paidar Parki,,leisure:park,park,40.986962,29.1270515,12.696842213334733,4,14,0.45,0.15,0.8464940700529838,0.058823529411764705,0.42615410336883636,1,0,0,0,0
998221564,Ümraniye Verem Savaş Dispanser Bahçesi,,leisure:park,park,41.0300324,29.0894173,9.62505272200026,3,14,0.45,0.1,0.8837235027771272,0.04411764705882353,0.42614646259784406,1,0,0,0,0
167450753,Duatepe Parkı,,leisure:park,park,41.0874522,29.05081,10.701933368908474,2,10,0.45,0.15,0.8706719392799864,0.029411764705882353,0.42605452296046653,1,0,0,0,0
866893686,Rotary Parkı,,leisure:park,park,40.9828451,29.1141911,11.739919765289727,3,14,0.45,0.15,0.8580917657942494,0.04411764705882353,0.42595694150298075,1,0,0,0,0
585961717,Kızılcık bahçesi,,leisure:park,park,41.0305362,28.8664796,9.712527513443723,3,17,0.45,0.1,0.882663326983086,0.04411764705882353,0.4258284098596317,1,0,0,0,0
1300550930,Taşlı Bayır Parkı,,leisure:park,park,41.0321623,29.077685,8.745235602477129,0,14,0.45,0.15,0.8943866984007981,0.0,0.42581600952023946,1,0,0,0,0
834861307,Ataşehir Belediyesi Nergis Parkı,,leisure:park,park,40.9858983,29.1156093,11.77911429317109,3,14,0.45,0.15,0.8576167364854279,0.04411764705882353,0.4258144327103343,1,0,0,0,0
524665847,Bağcılar Belediyesi Seyit Çavuş Parkı,,leisure:park,park,41.0373063,28.85597,10.768640697866255,2,5,0.45,0.15,0.8698634606968522,0.029411764705882353,0.42581197938552623,1,0,0,0,0
1488651556,2331 Sokak Parkı,,leisure:park,park,41.0565973,28.8400422,12.792316983208396,4,5,0.45,0.15,0.8453369362285822,0.058823529411764705,0.42580696322151584,1,0,0,0,0
391889515,Çamlıktepe Parkı,,leisure:park,park,41.0488797,29.0680064,8.772623315367802,0,10,0.45,0.15,0.8940547651685867,0.0,0.42571642955057604,1,0,0,0,0
200506097,Çobançeşme Çocuk Köyü,,leisure:park,park,41.0844663,28.9530477,8.742881834536824,2,3,0.45,0.1,0.8944152255656409,0.029411764705882353,0.42567750884616284,1,0,0,0,0
1211571281,Papatya Parkı,,leisure:park,park,41.0797288,28.8911509,10.807398641489133,2,3,0.45,0.15,0.8693937226960209,0.029411764705882353,0.4256710579852768,1,0,0,0,0
316650293,Mehmet Akif Ersoy Parkı,,leisure:park,park,41.0338807,28.7918358,15.909826747997196,7,5,0.45,0.15,0.8075533835526977,0.10294117647058823,0.4255013091834564,1,0,0,0,0
5181982721,Dumankaya Adres Lobi,,tourism:attraction,attraction,40.8623461,29.3343936,34.01904600357498,0,11,0.78,0.1,0.5880735129872819,0.0,0.4254220538961846,0,0,0,1,0
13555586230,Kıyı Sokak Parkı,,leisure:park,park,41.0711359,28.8790324,10.88247500397582,2,3,0.45,0.15,0.8684838132135331,0.029411764705882353,0.4253980851405305,1,0,0,0,0
1102860341,Emre İncemollaoğlu Parkı,,leisure:park,park,41.0071961,29.0961777,9.88337887980718,1,14,0.45,0.15,0.8805926449041871,0.014705882352941176,0.42535426405949145,1,0,0,0,0
8330278862,Korugan,,historic:ruins,historic,41.0975839,28.5487738,37.37113851599005,0,9,0.82,0.1,0.5474468674999813,0.0,0.42523406024999433,0,1,0,0,0
177210972,Seyrantepe 700. Yıl Parkı,,leisure:park,park,41.0970668,28.9893538,9.924147638779992,1,10,0.45,0.15,0.8800985362506785,0.014705882352941176,0.4252060314634388,1,0,0,0,0
745628843,8 Mart Kadın Eli Parkı,,leisure:park,park,40.9904406,29.1193621,11.993352263153676,3,14,0.45,0.15,0.8550202180348883,0.04411764705882353,0.42503547717517237,1,0,0,0,0
1291215947,Tomyaz II Tabyası,,historic:ruins,historic,41.1445524,28.570074,37.43473834205068,0,9,0.82,0.1,0.5466760511884237,0.0,0.42500281535652706,0,1,0,0,0
178988709,Anadolu Parkı,,leisure:park,park,41.0972289,28.995081,9.997904614599637,1,10,0.45,0.15,0.8792046174528703,0.014705882352941176,0.4249378558240964,1,0,0,0,0
1052231105,Şerife Bacı Parkı,,leisure:park,park,41.1157581,28.9977816,12.069817670074356,3,10,0.45,0.15,0.8540934736304593,0.04411764705882353,0.4247574538538437,1,0,0,0,0
1238839071,Ayazağa Parkı,,leisure:park,park,41.1155653,28.9999665,12.074645289647929,3,10,0.45,0.15,0.8540349639120561,0.04411764705882353,0.42473990093832276,1,0,0,0,0
1302915500,Turgut Reis Parkı,,leisure:park,park,41.0589287,28.8643224,11.107423572222725,2,3,0.45,0.15,0.8657574845990348,0.029411764705882353,0.424580186556181,1,0,0,0,0
13389238974,Şair Zihni Parkı,,leisure:park,park,41.004419,29.12286,12.129208861000922,3,14,0.45,0.15,0.8533736650780683,0.04411764705882353,0.4245415112881264,1,0,0,0,0
568158662,Bağcılar Göztepe Mahallesi Otopark Zemin Üstü Parkı,,leisure:park,park,41.0564977,28.8353033,13.14946910413463,4,5,0.45,0.15,0.8410083287846744,0.058823529411764705,0.4245083809883435,1,0,0,0,0
1132950887,Papatya Parkı,,leisure:park,park,41.0306865,29.0952568,10.117559573054299,1,14,0.45,0.15,0.8777544249059965,0.014705882352941176,0.42450279806003427,1,0,0,0,0
11225204522,Cumhuriyet Parkı,,leisure:park,park,41.116412,29.0006444,12.176314567361656,3,10,0.45,0.15,0.8528027539753292,0.04411764705882353,0.42437023795730466,1,0,0,0,0
1103810974,Kahraman Parkı,,leisure:park,park,41.0012174,29.1234785,12.1988495166509,3,14,0.45,0.15,0.8525296352017698,0.04411764705882353,0.42428830232523684,1,0,0,0,0
1381652934,Şeyh Şamil Parkı,,leisure:park,park,41.0568531,28.8346894,13.212590818389058,4,5,0.45,0.15,0.8402433070861182,0.058823529411764705,0.42427887447877666,1,0,0,0,0
550734995,Sude Lal Ünlü Parkı,,leisure:park,park,40.9526079,29.104363,12.248276796259203,3,16,0.45,0.15,0.8519305871269893,0.04411764705882353,0.4241085879028027,1,0,0,0,0
315851740,Mustafa Kemal Parkı,,leisure:park,park,41.0689049,28.8554939,12.321667962205881,3,3,0.45,0.15,0.8510411018667311,0.04411764705882353,0.42384174232472527,1,0,0,0,0
1115212939,Gümüş Parkı,,leisure:park,park,41.0029006,29.1254376,12.35241703575024,3,14,0.45,0.15,0.8506684296611393,0.04411764705882353,0.4237299406630477,1,0,0,0,0
970976756,Avizeciler Parkı,,leisure:park,park,41.09221,28.8820134,12.352811388252045,3,3,0.45,0.15,0.8506636501930224,0.04411764705882353,0.42372850682261265,1,0,0,0,0
1302919092,Kurudere Parkı,,leisure:park,park,41.0579276,28.8603239,11.34299889086694,2,3,0.45,0.15,0.862902362038822,0.029411764705882353,0.42372364978811716,1,0,0,0,0
459823198,Şehit Anneleri Parkı,,leisure:park,park,40.9489319,29.1029803,12.36146217589947,3,16,0.45,0.15,0.8505588044939147,0.04411764705882353,0.42369705311288036,1,0,0,0,0
727445094,Şehir Onur Kılıç Parkı,,leisure:park,park,41.0263735,29.0999231,10.393878675021373,1,14,0.45,0.15,0.8744054963918197,0.014705882352941176,0.4234981195057812,1,0,0,0,0
1389592981,Ercan Kılınçkaya Parkı,,leisure:park,park,41.0285778,28.8448056,11.434863864978002,2,5,0.45,0.15,0.8617889781682733,0.029411764705882353,0.42338963462695256,1,0,0,0,0
574284283,Berrak Parkı,,leisure:park,park,40.9996155,29.1266868,12.480046527972034,3,14,0.45,0.15,0.8491215874677884,0.04411764705882353,0.42326588800504245,1,0,0,0,0
246599310,Pir Sultan Parkı,,leisure:park,park,40.9682184,29.1174263,12.487365876873659,3,14,0.45,0.15,0.8490328785219814,0.04411764705882353,0.42323927532130035,1,0,0,0,0
697753353,İkbal 2 Parkı,,leisure:park,park,41.0101923,29.1275118,12.51367461010593,3,14,0.45,0.15,0.8487140222928382,0.04411764705882353,0.4231436184525574,1,0,0,0,0
333761987,Asım Yıldız Parkı,,leisure:park,park,41.087823,28.9368107,9.51584526756424,0,3,0.45,0.15,0.8850470738061219,0.0,0.4230141221418366,1,0,0,0,0
1391771657,Cendere Yaşam Vadisi,,leisure:park,park,41.0934861,28.9821648,9.488648002215045,2,10,0.45,0.1,0.8853766988547962,0.029411764705882353,0.42296595083290944,1,0,0,0,0
943627173,İkbal 1 Parkı,,leisure:park,park,41.0102383,29.1280955,12.562731067271162,3,14,0.45,0.15,0.8481194685068871,0.04411764705882353,0.42296525231677207,1,0,0,0,0
315889369,Dumlupınar Parkı,,leisure:park,park,41.0503669,29.0912335,10.562499509100912,1,14,0.45,0.15,0.8723618478879225,0.014705882352941176,0.42288502495461205,1,0,0,0,0
8330278863,Korugan,,historic:ruins,historic,41.1029987,28.5427556,38.01890809196494,0,9,0.82,0.1,0.539596038555636,0.0,0.42287881156669077,0,1,0,0,0
988857212,Ataşehir Belediyesi Manolya 1 Parkı,,leisure:park,park,40.9813469,29.1242653,12.600871327592905,3,14,0.45,0.15,0.8476572166957733,0.04411764705882353,0.42282657677343793,1,0,0,0,0
330660375,Seyrantepe Parkı,,leisure:park,park,41.0484737,29.0927345,10.584823591556553,1,14,0.45,0.15,0.8720912847753605,0.014705882352941176,0.4228038560208434,1,0,0,0,0
457421018,Sevgi Parkı,,leisure:park,park,41.0154919,29.128369,12.609230147955873,3,14,0.45,0.15,0.8475559095778102,0.04411764705882353,0.42279618463804897,1,0,0,0,0
685618622,Şehit Sedat Karaçor Parkı,,leisure:park,park,41.0650998,28.8624113,11.604806187024122,2,3,0.45,0.15,0.8597293135123947,0.029411764705882353,0.42277173523018896,1,0,0,0,0
1303324249,Ulubatlı Hasan Parkı,,leisure:park,park,41.0559644,28.8553548,11.607322329412252,2,3,0.45,0.15,0.8596988184039156,0.029411764705882353,0.42276258669764527,1,0,0,0,0
8856631073,Sinpaş Time ve Park Sitesi,,leisure:park,park,41.0034089,29.1165886,11.607995304351867,2,14,0.45,0.15,0.8596906620913459,0.029411764705882353,0.42276013980387434,1,0,0,0,0
682942973,Süs Havuzu,,leisure:park,park,41.0196262,28.8894495,7.5705255762150765,0,17,0.45,0.1,0.9086239330864667,0.0,0.42258717992594,1,0,0,0,0
1389560157,Korugan,,historic:ruins,historic,41.137263,28.557116,38.119665210248385,0,9,0.82,0.1,0.5383748837964333,0.0,0.4225124651389299,0,1,0,0,0
463232948,Cumhuriyet Parkı,,leisure:park,park,41.0204741,28.8523309,10.665104144924262,1,5,0.45,0.15,0.8711183016106314,0.014705882352941176,0.42251196107142475,1,0,0,0,0
460808211,Fatih Parkı,,leisure:park,park,41.0933176,28.8967388,11.68208422008544,2,3,0.45,0.15,0.8587927202526591,0.029411764705882353,0.4224907572522683,1,0,0,0,0
981356186,Mavi Marmara Parkı,,leisure:park,park,41.0948956,28.8797957,12.700328183060504,3,3,0.45,0.15,0.8464518208442571,0.04411764705882353,0.42246495801798306,1,0,0,0,0
1107533616,Uzman Doktor Mesut Can İlkin Parkı,,leisure:park,park,41.1038695,28.8955157,12.706900493767778,3,3,0.45,0.15,0.8463721658418525,0.04411764705882353,0.4224410615172617,1,0,0,0,0
3709006362,Dogan Kuloğlu Parkı,,leisure:park,park,40.9950779,28.8400371,11.702444145491272,2,5,0.45,0.15,0.8585459623041398,0.029411764705882353,0.4224167298677125,1,0,0,0,0
776251204,Dogan Kuloğlu Parkı,,leisure:park,park,40.9950772,28.8399474,11.709922636352418,2,5,0.45,0.15,0.8584553245917644,0.029411764705882353,0.4223895385539999,1,0,0,0,0
362751184,Gençlik Parkı,,leisure:park,park,41.0908853,28.9130448,10.703689359677242,1,3,0.45,0.15,0.8706506570468209,0.014705882352941176,0.4223716677022816,1,0,0,0,0
457950616,Bahar Parkı,,leisure:park,park,41.0100441,29.1301431,12.734166689310925,3,14,0.45,0.15,0.846041705373946,0.04411764705882353,0.4223419233768897,1,0,0,0,0
1302926204,Şehit Sedat Karaçor Parkı,,leisure:park,park,41.0648162,28.8599376,11.762388280677596,2,3,0.45,0.15,0.8578194521853892,0.029411764705882353,0.42219877683208734,1,0,0,0,0
445639546,Sadri Alışık Aile Çay Bahçesi,,leisure:park,park,41.0051672,28.8628214,9.704232267447875,2,5,0.45,0.1,0.8827638635932944,0.029411764705882353,0.4221821002544589,1,0,0,0,0
476038535,Muammer Taşkale Parkı,,leisure:park,park,41.0199147,28.8266652,12.797333521441272,3,5,0.45,0.15,0.8452761368563675,0.04411764705882353,0.4221122528216162,1,0,0,0,0
317872663,Deniz Gezmiş Parkı,,leisure:park,park,40.999876,29.0946203,9.796432170330608,0,14,0.45,0.15,0.8816464204575494,0.0,0.42199392613726483,1,0,0,0,0
745628842,8 Mart Kadın Eli Parkı,,leisure:park,park,40.9904224,29.1172767,11.821107360670943,2,14,0.45,0.15,0.8571077894739948,0.029411764705882353,0.42198527801866903,1,0,0,0,0
177434901,Amfili Park,,leisure:park,park,40.9905021,29.1308377,12.9431737395659,3,14,0.45,0.15,0.8435085845535609,0.04411764705882353,0.4215819871307742,1,0,0,0,0
871095221,Füruzan Toprak Parkı,,leisure:park,park,40.9643874,29.0948894,10.924270304912909,1,14,0.45,0.15,0.8679772630906122,0.014705882352941176,0.421569649515419,1,0,0,0,0
845160305,Togay Bayatlı Parkı,,leisure:park,park,41.0062223,28.8481952,10.927802207664394,1,5,0.45,0.15,0.8679344571834218,0.014705882352941176,0.4215568077432618,1,0,0,0,0
1212218616,Şeyh Edebali Parkı,,leisure:park,park,41.090123,28.8681961,12.97633918281023,3,3,0.45,0.15,0.8431066264631663,0.04411764705882353,0.4214613997036558,1,0,0,0,0
1300086150,Çamaşırcıdere Yaşam Vadisi,,leisure:park,park,40.9499167,29.0980791,11.955597127142426,4,16,0.45,0.1,0.8554778022215934,0.058823529411764705,0.42134922301941924,1,0,0,0,0
1202323545,Korugan,,historic:ruins,historic,41.1236076,28.5460325,38.45245205496079,0,9,0.82,0.1,0.5343415782975861,0.0,0.4213024734892758,0,1,0,0,0
1212218617,50. Yıl Parkı,,leisure:park,park,41.0914822,28.8688924,13.041633766252263,3,3,0.45,0.15,0.8423152700540231,0.04411764705882353,0.4212239927809128,1,0,0,0,0
222006180,Halkalı Çamlık Parkı,,leisure:park,park,41.0338153,28.7897725,16.078860450633023,6,5,0.45,0.15,0.8055047311700568,0.08823529411764706,0.4212102428804288,1,0,0,0,0
368626333,Çocuk Parkı,,leisure:park,park,41.0999747,28.9015499,12.069156256685945,2,3,0.45,0.15,0.8541014898194971,0.029411764705882353,0.4210833881223197,1,0,0,0,0
880664979,Azerbaycan Dostluk Parkı,,leisure:park,park,41.0431672,28.8549972,11.058041557294212,1,5,0.45,0.15,0.8663559840755614,0.014705882352941176,0.4210832658109037,1,0,0,0,0
549151575,Kemal Sunal Parkı,,leisure:park,park,40.9489029,29.11384,13.143349175887813,3,16,0.45,0.15,0.8410825010082541,0.04411764705882353,0.4208541620671821,1,0,0,0,0
1380859134,Meskenler Parkı,,leisure:park,park,40.9772119,29.1170202,12.133827063094328,2,14,0.45,0.15,0.8533176934548083,0.029411764705882353,0.4208482492129131,1,0,0,0,0
1302933717,Orhangazi Parkı,,leisure:park,park,41.0662045,28.8558385,12.13545503625868,2,3,0.45,0.15,0.8532979627676731,0.029411764705882353,0.4208423300067725,1,0,0,0,0
218248423,Barış Manço Parkı,,leisure:park,park,40.9664715,29.0988605,11.124821358368779,1,14,0.45,0.15,0.8655466271458464,0.014705882352941176,0.4208404587319892,1,0,0,0,0
893158426,Yeniköy Plaj Parkı,,leisure:park,park,41.1176653,29.065302,14.185949721332179,4,15,0.45,0.15,0.8284464050211188,0.058823529411764705,0.42073980385927684,1,0,0,0,0
1482917072,Lokman Hekim Parkı,,leisure:park,park,41.0377113,28.7889221,16.23063027771543,6,5,0.45,0.15,0.8036653132728152,0.08823529411764706,0.4206584175112563,1,0,0,0,0
232513022,Meskenler Parkı,,leisure:park,park,40.9776986,29.1181792,12.211945253716708,2,14,0.45,0.15,0.8523709176648293,0.029411764705882353,0.42056421647591935,1,0,0,0,0
689584290,Küçüksu Parkı,,leisure:park,park,41.0692625,29.0696196,10.229098147596222,0,10,0.45,0.15,0.876402601199076,0.0,0.4204207803597228,1,0,0,0,0
1248890687,Yunus Emre Gençlik Parkı,,leisure:park,park,41.0958477,28.8894985,12.270175704146473,2,3,0.45,0.15,0.8516651770394097,0.029411764705882353,0.42035249428829347,1,0,0,0,0
1302915807,400. Sokak Parkı,,leisure:park,park,41.0641236,28.8661173,11.285382573463526,1,3,0.45,0.15,0.8636006595030963,0.014705882352941176,0.4202566684391642,1,0,0,0,0
1053161996,Menekşe Parkı,,leisure:park,park,41.0971183,28.8906506,12.324731481119963,2,3,0.45,0.15,0.8510039726716373,0.029411764705882353,0.4201541329779618,1,0,0,0,0
727681497,Sultan Murat Parkı,,leisure:park,park,41.0598277,29.0805752,10.315184116287584,0,10,0.45,0.15,0.8753592576402388,0.0,0.42010777729207166,1,0,0,0,0
235481669,Caddebostan Sahil Parkı,,leisure:park,park,40.9554263,29.0797273,10.333583201621884,0,14,0.45,0.15,0.8751362646546935,0.0,0.42004087939640805,1,0,0,0,0
389528105,Kocasinan Parkı,,leisure:park,park,41.0174165,28.8312374,12.389939496180071,2,5,0.45,0.15,0.8502136654527983,0.029411764705882353,0.41991704081231007,1,0,0,0,0
1097300057,Ataşehir Belediyesi Osmanağa Parkı,,leisure:park,park,40.9798362,29.1094516,11.442106095835914,1,14,0.45,0.15,0.8617012038766891,0.014705882352941176,0.41968683175124205,1,0,0,0,0
462548140,Çitlembik Parkı,,leisure:park,park,40.9163188,29.2046475,21.57054487142586,11,4,0.45,0.15,0.7389466886144411,0.16176470588235295,0.4196251830549206,1,0,0,0,0
1224498055,Hacı Bektaş veli parkı,,leisure:park,park,41.0458835,28.8512331,11.460921984658158,1,5,0.45,0.15,0.861473159321869,0.014705882352941176,0.41961841838479597,1,0,0,0,0
225497359,Aşık Veysel Parkı,,leisure:park,park,41.0988689,28.8904176,12.49290302251,2,3,0.45,0.15,0.8489657694992006,0.029411764705882353,0.41954267202623075,1,0,0,0,0
1108090947,Korugan,,historic:ruins,historic,41.1342617,28.5448453,38.953961540432985,0,9,0.82,0.1,0.5282633904196155,0.0,0.41947901712588465,0,1,0,0,0
226920226,Levent Kırca Parkı,,leisure:park,park,41.0147697,28.8531375,10.535552216017424,0,5,0.45,0.15,0.8726884433261123,0.0,0.4193065329978337,1,0,0,0,0
1116096935,Galeri Caddesi Parkı,,leisure:park,park,41.0818618,28.8992423,10.543133598528138,0,3,0.45,0.15,0.8725965585889144,0.0,0.4192789675766743,1,0,0,0,0
389528104,Kadir Has Parkı,,leisure:park,park,41.0169792,28.8290789,12.56660446558334,2,5,0.45,0.15,0.8480725237464197,0.029411764705882353,0.4192746983003965,1,0,0,0,0
492705437,Şelale Parkı,,leisure:park,park,41.0498644,28.8648328,10.59316004241682,0,3,0.45,0.15,0.8719902487709936,0.0,0.4190970746312981,1,0,0,0,0
1186452383,Adacık,,leisure:park,park,41.0081436,29.1164403,11.582905042331623,3,14,0.45,0.1,0.8599947507095761,0.04411764705882353,0.4190278369775787,1,0,0,0,0
1062272081,Sarıyer Parkı,,leisure:park,park,41.1036241,28.9850073,10.625143912234561,0,10,0.45,0.15,0.8716026110982311,0.0,0.41898078332946936,1,0,0,0,0
583936364,Çocuk Parkı,,leisure:park,park,40.9526937,29.110088,12.660828784258202,2,16,0.45,0.15,0.846930545123542,0.029411764705882353,0.4189321047135332,1,0,0,0,0
583936368,çocuk parkı,,leisure:park,park,40.9527558,29.1101972,12.665466140152077,2,16,0.45,0.15,0.8468743413603103,0.029411764705882353,0.41891524358456367,1,0,0,0,0
222564351,Bülent Ecevit Parkı,,leisure:park,park,40.9871267,29.1021183,10.643940244760234,0,14,0.45,0.15,0.8713748035615496,0.0,0.4189124410684649,1,0,0,0,0
175773495,Japon Bahçesi Parkı,,leisure:park,park,41.0971714,29.0520719,11.663523150701405,1,10,0.45,0.15,0.8590176764502991,0.014705882352941176,0.41888177352332506,1,0,0,0,0
694317200,Ayamama Yaşam Vadisi 1.Etap,,leisure:park,park,40.980891,28.8446117,11.631809052022685,3,5,0.45,0.1,0.8594020445544602,0.04411764705882353,0.41885002513104397,1,0,0,0,0
1027469272,Şekerevler Parkı,,leisure:park,park,40.9753505,29.1105066,11.673937040087711,1,14,0.45,0.15,0.8588914623345865,0.014705882352941176,0.41884390928861126,1,0,0,0,0
506635201,Mehmet Bulur Parkı,,leisure:park,park,41.0580937,28.841762,12.733088744659335,2,5,0.45,0.15,0.8460547698329526,0.029411764705882353,0.41866937212635635,1,0,0,0,0
893931556,Baltalimanı Parkı,,leisure:park,park,41.0973417,29.0532251,11.731018748871332,1,10,0.45,0.15,0.8581996442126305,0.014705882352941176,0.41863636385202446,1,0,0,0,0
1271148543,Çamaşırcıdere Yaşam Vadisi,,leisure:park,park,40.9517003,29.0959282,11.696447957131488,3,16,0.45,0.1,0.8586186348267106,0.04411764705882353,0.4186150022127191,1,0,0,0,0
1228005924,Dere Parkı,,leisure:park,park,41.0396851,29.1125827,11.788389161195449,1,14,0.45,0.15,0.8575043270654099,0.014705882352941176,0.41842776870785825,1,0,0,0,0
1430292141,Menekşe Parkı,,leisure:park,park,40.9606145,29.1039155,11.789808745606278,1,14,0.45,0.15,0.8574871220054706,0.014705882352941176,0.4184226071898765,1,0,0,0,0
599848493,Gezi Parkı,,leisure:park,park,40.9992819,29.1310253,12.845918014747935,2,14,0.45,0.15,0.844687303171605,0.029411764705882353,0.41825913212795207,1,0,0,0,0
721568837,Fatıh Tarakça Parkı,,leisure:park,park,40.9438549,29.1199662,13.872078189684482,3,16,0.45,0.15,0.8322504609645569,0.04411764705882353,0.418204550054073,1,0,0,0,0
1054887076,Emirgan Parkı,,leisure:park,park,41.1076623,29.0570898,12.878230644088903,2,10,0.45,0.15,0.8442956810036201,0.029411764705882353,0.4181416454775566,1,0,0,0,0
1107533619,Şehit Piyade Er Zafer Oktay Parkı,,leisure:park,park,41.1049852,28.8939897,12.880769056312664,2,3,0.45,0.15,0.8442649159894884,0.029411764705882353,0.4181324159733171,1,0,0,0,0
183165430,Yunus Emre Sitesi Parkı,,leisure:park,park,40.9885886,28.8509587,10.915185285732791,0,5,0.45,0.15,0.8680873715831758,0.0,0.4179262114749528,1,0,0,0,0
493658574,Erkan Ömerbeyoğlu Parkı,,leisure:park,park,41.0179788,29.120488,11.971139389872848,1,14,0.45,0.15,0.8552894333159976,0.014705882352941176,0.41776330058303457,1,0,0,0,0
774637738,Bakırköy Belediyesi Eski Dostlar Parkı,,leisure:park,park,40.9881957,28.8381326,11.979878073899723,1,5,0.45,0.15,0.8551835223315393,0.014705882352941176,0.4177315272876971,1,0,0,0,0
906663147,Nene Hatun Parkı,,leisure:park,park,41.0951381,28.8747134,13.001839182249027,2,3,0.45,0.15,0.8427975719149133,0.029411764705882353,0.4176922127509446,1,0,0,0,0
1302946253,Oto Center Meslek Lisesi Yanı Parkı,,leisure:park,park,41.0579719,28.8514396,12.001423410470613,1,3,0.45,0.15,0.8549223974528171,0.014705882352941176,0.4176531898240804,1,0,0,0,0
720165179,Menekşe Sokağı Parkı,,leisure:park,park,40.9586469,29.1058905,12.03689918037938,1,14,0.45,0.15,0.8544924386965671,0.014705882352941176,0.41752420219720543,1,0,0,0,0
906655463,Gazipaşa Parkı,,leisure:park,park,41.1064557,28.8922203,13.098905318443613,2,3,0.45,0.15,0.8416211510705023,0.029411764705882353,0.41733928649762125,1,0,0,0,0
6425397850,15 Temmuz Millet Bahçesi,,leisure:park,park,41.0590835,28.8794972,10.041477172460626,1,3,0.45,0.1,0.8786765273555245,0.014705882352941176,0.41727942879489266,1,0,0,0,0
846897431,15 Temmuz Millet Bahçesi,,leisure:park,park,41.0595347,28.879615,10.061670342024952,1,3,0.45,0.1,0.8784317904521972,0.014705882352941176,0.41720600772389443,1,0,0,0,0
1413036630,Güneştepe Millet Bahçesi,,leisure:park,park,41.0277933,28.8606007,10.120308301278722,1,5,0.45,0.1,0.877721110906845,0.014705882352941176,0.4169928038602888,1,0,0,0,0
3473447794,Otağtepe Parkı,,leisure:park,park,41.088684,29.077145,12.192631811333547,1,10,0.45,0.15,0.8526049924625665,0.014705882352941176,0.41695796832700527,1,0,0,0,0
513246087,Mukhtar Hayrullah Ersayın Park,,leisure:park,park,41.0888011,29.0770888,12.198989717907645,1,10,0.45,0.15,0.8525279359924749,0.014705882352941176,0.41693485138597774,1,0,0,0,0
330660373,Kazım Karabekir Parkı,,leisure:park,park,41.0510199,29.0994844,11.217479595130728,0,14,0.45,0.15,0.8644236291013521,0.0,0.41682708873040564,1,0,0,0,0
649267869,Baruthane Parkı,,leisure:park,park,41.0777263,29.0754549,11.22586694140732,0,10,0.45,0.15,0.864321976255407,0.0,0.41679659287662213,1,0,0,0,0
368626331,Şair Cait Zarifoğlu,,leisure:park,park,41.1000422,28.8985981,12.20937771047442,3,3,0.45,0.1,0.8524020357406853,0.04411764705882353,0.4167500224869115,1,0,0,0,0
316650290,Merkez Parkı,,leisure:park,park,41.0368565,28.7876753,16.3143498260852,5,5,0.45,0.15,0.8026506502229804,0.07352941176470588,0.4166775480080706,1,0,0,0,0
316650289,Şehit Başkomiser Ahmet Zehir Parkı,,leisure:park,park,41.0358263,28.7870678,16.34253905781625,5,5,0.45,0.15,0.8023090027535699,0.07352941176470588,0.41657505376724746,1,0,0,0,0
1381652935,2356. Sokak Parkı,,leisure:park,park,41.0552047,28.8323096,13.322121318071908,2,5,0.45,0.15,0.8389158208177108,0.029411764705882353,0.4165276874217838,1,0,0,0,0
854955519,Fesleğen Parkı,,leisure:park,park,40.990886,29.1357492,13.344442223685837,2,14,0.45,0.15,0.838645296207792,0.029411764705882353,0.4164465300388082,1,0,0,0,0
1375012511,Seyit Onbaşı Parkı,,leisure:park,park,40.9163207,29.2034905,21.48493100800813,10,4,0.45,0.15,0.7399843103581694,0.14705882352941177,0.41625999898980376,1,0,0,0,0
721568847,Ozan Emre Ünal Parkı,,leisure:park,park,40.9388166,29.1234734,14.417405463422135,3,16,0.45,0.15,0.8256412108491017,0.04411764705882353,0.4162217750194364,1,0,0,0,0
9456520486,Korugan 248,,historic:yes,historic,41.2494732,28.5175842,47.00426358884889,7,13,0.82,0.1,0.4306954485518504,0.10294117647058823,0.4159439286832022,0,1,0,0,0
453548684,Lale Parkı,,leisure:park,park,41.0237707,29.1864014,17.536914887265237,6,2,0.45,0.15,0.7878334227324608,0.08823529411764706,0.41590885034915004,1,0,0,0,0
315604892,Park Aliya Izzet Begoviç,,leisure:park,park,40.9980238,28.8300967,12.49635861640398,1,5,0.45,0.15,0.848923888439069,0.014705882352941176,0.415853637119956,1,0,0,0,0
9456520487,Korugan 249,,historic:yes,historic,41.2497626,28.5173683,47.037411384771595,7,13,0.82,0.1,0.43029370434322567,0.10294117647058823,0.41582340542061474,0,1,0,0,0
246599311,Çınar Parkı,,leisure:park,park,40.963805,29.1155031,12.522227897923104,1,14,0.45,0.15,0.8486103582708543,0.014705882352941176,0.4157595780694916,1,0,0,0,0
1025654164,Korugan 244,,historic:yes,historic,41.2585055,28.509612,48.1256118753835,8,13,0.82,0.1,0.41710494675749166,0.11764705882352941,0.41554324873312987,0,1,0,0,0
1295616409,Uçanevler Parkı,,leisure:park,park,41.0488395,28.8375686,12.648250130544945,1,5,0.45,0.15,0.8470829957206611,0.014705882352941176,0.4153013693044336,1,0,0,0,0
505810739,Fatih Sultan Mehmet Parkı,,leisure:park,park,41.0325577,28.8185067,13.68479519669638,2,5,0.45,0.15,0.8345202908495462,0.029411764705882353,0.41520902843133445,1,0,0,0,0
899299902,Sarıyer Hazarfen Ahmet Çelebi Parkı,,leisure:park,park,41.1024431,29.0394564,11.66305893781221,0,10,0.45,0.15,0.859023302611394,0.0,0.4152069907834182,1,0,0,0,0
378180761,Şht. Rafet Uçankuş Parkı,,leisure:park,park,41.0125154,28.802707,14.749643070055175,3,5,0.45,0.15,0.8216145619984991,0.04411764705882353,0.4150137803642556,1,0,0,0,0
880660015,Şehit Çetin Can Parkı,,leisure:park,park,41.1235854,29.0376095,13.757052265837098,2,10,0.45,0.15,0.8336445506004155,0.029411764705882353,0.41494630635659524,1,0,0,0,0
585961713,Namık Kemal Parkı,,leisure:park,park,41.0394039,28.8445696,11.750923972221601,0,5,0.45,0.15,0.8579583971559334,0.0,0.41488751914678,1,0,0,0,0
500255538,Günışığı Parkı,,leisure:park,park,41.0370461,28.7937313,15.820639561904109,4,5,0.45,0.15,0.8086343132042493,0.058823529411764705,0.41479617631421595,1,0,0,0,0
9456528539,Korugan 11,,historic:yes,historic,41.2583064,28.5052782,48.40949133640642,8,13,0.82,0.1,0.4136643883059007,0.11764705882352941,0.41451108119765256,0,1,0,0,0
9456528540,Korugan 10,,historic:yes,historic,41.2585241,28.5054727,48.41001988752283,8,13,0.82,0.1,0.4136579823792299,0.11764705882352941,0.4145091594196513,0,1,0,0,0
776012187,Zafer Meydanı Parkı,,leisure:park,park,41.000936,28.8373227,11.865907067230445,0,5,0.45,0.15,0.8565648265964527,0.0,0.4144694479789358,1,0,0,0,0
1025654166,Korugan 13,,historic:yes,historic,41.2596815,28.5061258,48.439174471933725,8,13,0.82,0.1,0.41330463504146875,0.11764705882352941,0.41440315521832294,0,1,0,0,0
236799477,Maltepe Fıskiye,,leisure:park,park,40.94479,29.106547,12.862655079350988,3,16,0.45,0.1,0.8444844535224357,0.04411764705882353,0.41437474782143663,1,0,0,0,0
507188458,Ukrayna Parkı,,leisure:park,park,40.9593242,28.8254037,13.945216816790756,2,5,0.45,0.15,0.8313640364211204,0.029411764705882353,0.4142621521028067,1,0,0,0,0
461149751,Şehit Hacı Alkan Parkı,,leisure:park,park,41.0157003,29.1322873,12.93878409005462,1,14,0.45,0.15,0.8435617861683278,0.014705882352941176,0.41424500643873363,1,0,0,0,0
548119317,Sani Malaz Parkı,,leisure:park,park,40.9388218,29.1178375,14.01966488063521,2,16,0.45,0.15,0.8304617417840177,0.029411764705882353,0.4139914637116759,1,0,0,0,0
338806473,Otağtepe Fatih Korusu,,leisure:park,park,41.0899587,29.0710471,11.958635484354328,2,10,0.45,0.1,0.8554409779809573,0.029411764705882353,0.41398523457075775,1,0,0,0,0
906663143,Şehit Hacı Balkan Parkı,,leisure:park,park,41.1123618,28.8640113,15.037649509890134,3,3,0.45,0.15,0.8181239854449288,0.04411764705882353,0.4139666073981846,1,0,0,0,0
390479378,Olimpiyat Parkı,,leisure:park,park,40.9599631,28.8369601,13.027876900717645,1,5,0.45,0.15,0.8424820003268367,0.014705882352941176,0.4139210706862863,1,0,0,0,0
599848495,Gezi Parkı,,leisure:park,park,41.0002814,29.1335687,13.050653764329606,1,14,0.45,0.15,0.8422059496033413,0.014705882352941176,0.4138382554692377,1,0,0,0,0
725395864,Sağlık Parkı,,leisure:park,park,41.0298485,28.8372263,12.086024905519434,0,5,0.45,0.15,0.8538970453975517,0.0,0.41366911361926556,1,0,0,0,0
655694601,Galatasaraylılar Parkı,,leisure:park,park,40.8231369,29.3198639,35.30866842268742,5,11,0.45,0.5900000000000001,0.5724435646371964,0.07352941176470588,0.4136154223323354,1,0,0,0,0
508126023,Deniz Aktaş Parkı,,leisure:park,park,40.963427,28.8332249,13.163488472940793,1,5,0.45,0.15,0.8408384170282612,0.014705882352941176,0.4134279956967137,1,0,0,0,0
1451045101,Behçet Bey Çeşmesi,,historic:building,historic,41.1920628,28.5593174,40.633799578402346,0,9,0.82,0.1,0.5079041120906604,0.0,0.4133712336271981,0,1,0,0,0
389528103,Mimar Sinan Parkı,,leisure:park,park,41.0195255,28.8216965,13.207962640545885,1,5,0.45,0.15,0.8402993996133352,0.014705882352941176,0.41326629047223584,1,0,0,0,0
676190515,Nene Hatun Parkı,,leisure:park,park,41.0220413,28.8341586,12.199433464681471,0,5,0.45,0.15,0.8525225578763281,0.0,0.41325676736289846,1,0,0,0,0
453548687,Hamidiye Parkı,,leisure:park,park,41.0253524,29.1828456,17.25841287077475,5,2,0.45,0.15,0.7912088077045496,0.07352941176470588,0.4132449952525413,1,0,0,0,0
507472980,Halit Ziya Uşaklıgül Parkı,,leisure:park,park,40.9579102,28.8224358,14.236131155399647,2,5,0.45,0.15,0.8278382167553258,0.029411764705882353,0.4132044062030683,1,0,0,0,0
570060866,Aşık Şenlik Parkı,,leisure:park,park,41.0610896,28.8367104,13.259876705804121,1,5,0.45,0.15,0.8396702122274741,0.014705882352941176,0.41307753425647753,1,0,0,0,0
12014793843,Aliya İzzetbegoviç Parkı,,leisure:park,park,41.0332365,28.8237089,13.27283703931045,1,5,0.45,0.15,0.8395131357527621,0.014705882352941176,0.4130304113140639,1,0,0,0,0
1229030677,Poligon Parkı,,leisure:park,park,41.0233791,29.1233058,12.274181165991976,0,14,0.45,0.15,0.8516166316971175,0.0,0.41298498950913526,1,0,0,0,0
461581266,Barış Manço Parkı,,leisure:park,park,40.9263288,29.1250382,15.312144960226226,3,16,0.45,0.15,0.8147971591991201,0.04411764705882353,0.41296855952444195,1,0,0,0,0
1322999073,Kazım Karabekir Parkı,,leisure:park,park,41.1565671,28.9137305,17.36528586573625,5,3,0.45,0.15,0.7899135298259153,0.07352941176470588,0.41285641188895106,1,0,0,0,0
1322999072,Anarya Parkı,,leisure:park,park,41.1571724,28.916092,17.368700318510285,5,3,0.45,0.15,0.7898721473873729,0.07352941176470588,0.41284399715738834,1,0,0,0,0
461691078,Mustafa Şener Abbasgil Parkı,,leisure:park,park,40.9360431,29.1200077,14.342891139542532,2,16,0.45,0.15,0.8265443085436822,0.029411764705882353,0.41281623373957527,1,0,0,0,0
583223182,Uzun Ayna,,leisure:park,park,41.0148632,29.1247989,12.30596805164904,2,14,0.45,0.1,0.851231381430321,0.029411764705882353,0.41272235560556686,1,0,0,0,0
461009930,Tan Sokak Parkı,,leisure:park,park,40.9256409,29.1409446,16.44785304075727,4,16,0.45,0.15,0.8010326197677322,0.058823529411764705,0.41251566828326086,1,0,0,0,0
244126884,Ataşehir Parkı,,leisure:park,park,40.9911382,29.1371069,13.453190582050592,1,14,0.45,0.15,0.8373272893251515,0.014705882352941176,0.4123746573857808,1,0,0,0,0
1422857872,Tan Sokak Parkı,,leisure:park,park,40.9253615,29.1413535,16.493705525793132,4,16,0.45,0.15,0.8004768974398535,0.058823529411764705,0.41234895158489726,1,0,0,0,0
543741841,Yunus Emre Parkı,,leisure:park,park,41.0260447,29.1859898,17.529071232551985,5,2,0.45,0.15,0.7879284861527512,0.07352941176470588,0.41226089878700184,1,0,0,0,0
1197759938,Yunus Emre Parkı,,leisure:park,park,41.1211187,29.0373976,13.495120570496473,1,10,0.45,0.15,0.8368191068183835,0.014705882352941176,0.4122222026337503,1,0,0,0,0
1115232698,Kemerburgaz Yaşam Parkı,,leisure:park,park,41.158945,28.9164381,17.548156641280205,5,3,0.45,0.15,0.7876971750742205,0.07352941176470588,0.41219150546344263,1,0,0,0,0
1422848156,Ümitli Sokak Parkı,,leisure:park,park,40.9252063,29.1421296,16.557425826052803,4,16,0.45,0.15,0.7997046210067282,0.058823529411764705,0.4121172686549597,1,0,0,0,0
1322999076,Kumru Sk. Parkı,,leisure:park,park,41.1594186,28.9171982,17.579767002329266,5,3,0.45,0.15,0.78731406424798,0.07352941176470588,0.4120765722155705,1,0,0,0,0
696194577,Çocuk Parkı,,leisure:park,park,41.0842798,29.0888828,12.54633589796458,0,10,0.45,0.15,0.8483181744580671,0.0,0.41199545233742013,1,0,0,0,0
854883297,Piri Reis Parkı,,leisure:park,park,41.0069625,29.140166,13.574535404333597,1,14,0.45,0.15,0.8358566159895103,0.014705882352941176,0.4119334553850884,1,0,0,0,0
244085958,Yavuz Sultan Selim Parkı,,leisure:park,park,41.0008033,29.1398869,13.575988853777913,1,14,0.45,0.15,0.8358390004925964,0.014705882352941176,0.41192817073601423,1,0,0,0,0
461009928,Kar Sokak Parkı,,leisure:park,park,40.9266839,29.1443849,16.624700165424038,4,16,0.45,0.15,0.798889270378455,0.058823529411764705,0.4118726634664777,1,0,0,0,0
894906609,Kanlıca Parkı,,leisure:park,park,41.1001593,29.0659649,12.588489740140647,0,10,0.45,0.15,0.8478072788918881,0.0,0.4118421836675665,1,0,0,0,0
549765762,Zeytinlik Cafe,,leisure:park,park,40.992195,29.1021479,10.536280484076514,0,14,0.45,0.1,0.8726796168727412,0.0,0.41180388506182236,1,0,0,0,0
1322999074,Canan Sk. Parkı,,leisure:park,park,41.1595922,28.9144779,17.666031778771398,5,3,0.45,0.15,0.7862685535773838,0.07352941176470588,0.4117629190143916,1,0,0,0,0
244076107,Minik Dostlar Parkı / Kaşif Kalkavan Parkı,,leisure:park,park,41.0015588,29.140571,13.62840159200045,1,14,0.45,0.15,0.8352037692968882,0.014705882352941176,0.41173760137730175,1,0,0,0,0
462221094,İBB Çamlık Parkı,,leisure:park,park,40.9256586,29.1297636,15.67650675894799,3,16,0.45,0.15,0.8103811719997932,0.04411764705882353,0.41164376336464387,1,0,0,0,0
229476763,Cebeci Parkı,,leisure:park,park,41.1040509,28.8755757,13.708724518827278,1,3,0.45,0.15,0.8342302725748825,0.014705882352941176,0.4114455523607,1,0,0,0,0
229477172,Prof. Dr Sabahattin Zaim Parkı,,leisure:park,park,41.1022993,28.8725451,13.72092173728741,1,3,0.45,0.15,0.8340824448915845,0.014705882352941176,0.4114012040557106,1,0,0,0,0
1322999079,Kaynak Sk. Parkı,,leisure:park,park,41.1606453,28.9148712,17.76773311560425,5,3,0.45,0.15,0.7850359550909786,0.07352941176470588,0.41139313946847006,1,0,0,0,0
453589532,Kültür Parkı,,leisure:park,park,41.0227149,29.1895119,17.78573186770095,5,2,0.45,0.15,0.784817814058791,0.07352941176470588,0.4113276971588138,1,0,0,0,0
1480142801,20 Temmuz Parkı,,leisure:park,park,41.0088434,28.8025683,14.754057932129433,2,5,0.45,0.15,0.8215610548128526,0.029411764705882353,0.41132125762032634,1,0,0,0,0
9456509813,Korugan 252,,historic:yes,historic,41.2526039,28.5163558,47.28722549387852,6,13,0.82,0.1,0.4272660106829749,0.08823529411764706,0.41123862673430417,0,1,0,0,0
876504627,Beykoz Paşabahçe Parkları,,leisure:park,park,41.1125052,29.087661,14.779670233158905,2,15,0.45,0.15,0.8212506391933001,0.029411764705882353,0.41122813293446064,1,0,0,0,0
536811219,Şehit Binbaşı Ömer Aktuğ Parkı,,leisure:park,park,41.0346082,29.1756313,16.80481559867077,4,2,0.45,0.15,0.7967063097870617,0.058823529411764705,0.4112177752890597,1,0,0,0,0
585989791,Molla Hüsrev Parkı,,leisure:park,park,41.0445438,28.8340551,12.765157738923854,0,5,0.45,0.15,0.8456661004700715,0.0,0.41119983014102146,1,0,0,0,0
216257731,Mecidiye Parkı,,leisure:park,park,41.0265163,29.1895644,17.83292810727428,5,2,0.45,0.15,0.7842458057128465,0.07352941176470588,0.41115609465503045,1,0,0,0,0
389528107,Koca Yusuf Parkı,,leisure:park,park,41.0401018,28.8317974,12.799750169325616,0,5,0.45,0.15,0.8452468476000294,0.0,0.41107405428000887,1,0,0,0,0
316650292,Kenan Onuk parkı,,leisure:park,park,41.0380598,28.7937237,15.844383859205065,3,5,0.45,0.15,0.8083465373910168,0.04411764705882353,0.4110333729820109,1,0,0,0,0
534745047,Nazif Hafize Hançer Parkı,,leisure:park,park,41.0341471,28.829617,12.810972345459266,0,5,0.45,0.15,0.8451108372215302,0.0,0.4110332511664591,1,0,0,0,0
1448263446,Naima Sokak Parkı,,leisure:park,park,40.9582829,28.8143595,14.846383943385026,2,5,0.45,0.15,0.8204420832705561,0.029411764705882353,0.4109855661576374,1,0,0,0,0
1489077940,Seyit Onbaşı Parkı,,leisure:park,park,41.0104414,29.1435133,13.856586761590973,1,14,0.45,0.15,0.8324382137652079,0.014705882352941176,0.4109079347177977,1,0,0,0,0
1410702206,75.Yıl Cumhuriyet Parkı,,leisure:park,park,41.009338,28.8010653,14.880482044059045,2,5,0.45,0.15,0.8200288215712614,0.029411764705882353,0.410861587647849,1,0,0,0,0
569310851,Emirgan Korusu,Emirgan Park,leisure:park,park,41.1089968,29.0528187,12.82790033269549,2,10,0.45,0.1,0.8449056736308141,0.029411764705882353,0.41082464326571483,1,0,0,0,0
227435172,Bilal Habeşi Parkı,,leisure:park,park,41.0352371,28.8166906,13.895306513600392,1,5,0.45,0.15,0.8319689386385767,0.014705882352941176,0.4107671521798083,1,0,0,0,0
893933038,Şehit Gülşen Bahadır Parkı,,leisure:park,park,40.9569392,28.8141279,14.920982663425443,2,5,0.45,0.15,0.8195379627125274,0.029411764705882353,0.4107143299902288,1,0,0,0,0
883969450,Orhan Veli Kanık Parkı,,leisure:park,park,41.0934363,29.0844902,12.998940970571994,0,10,0.45,0.15,0.8428326976215917,0.0,0.4103498092864775,1,0,0,0,0
645907101,Mevlana Parkı,,leisure:park,park,41.1262245,29.0379643,14.041652696770706,1,10,0.45,0.15,0.8301952541474538,0.014705882352941176,0.4102350468324714,1,0,0,0,0
313096938,Orhangazi Şehir Parkı,,leisure:park,park,40.9258278,29.1208261,15.06309966881898,2,16,0.45,0.15,0.8178155349530143,0.029411764705882353,0.4101976016623749,1,0,0,0,0
276845206,Ataşehir Kent Parkı,,leisure:park,park,40.990303,29.1441738,14.053507172446064,1,14,0.45,0.15,0.8300515804335223,0.014705882352941176,0.410191944718292,1,0,0,0,0
12739797470,Korugan,,historic:yes,historic,41.2521835,28.5870185,42.55032756562715,1,13,0.82,0.1,0.4846762021164889,0.014705882352941176,0.4100793312231819,0,1,0,0,0
1488657137,20 Temmuz Parkı,,leisure:park,park,40.9225153,29.1479396,17.129482991082032,4,16,0.45,0.15,0.7927714103163799,0.058823529411764705,0.41003730544785516,1,0,0,0,0
875070082,Çamlık Parkı,,leisure:park,park,41.1252386,29.0704644,15.130698610230843,2,15,0.45,0.15,0.81699625021732,0.029411764705882353,0.4099518162416666,1,0,0,0,0
546357005,Çekmeköy Belediyesi Ayazma Caddesi Parkı,,leisure:park,park,41.0366501,29.1793786,17.15459616830061,4,2,0.45,0.15,0.792467043970839,0.058823529411764705,0.40994599554419286,1,0,0,0,0
893160894,Poligon Parkı,,leisure:park,park,41.1163021,29.0410405,13.117627338934227,0,10,0.45,0.15,0.8413942441798179,0.0,0.40991827325394536,1,0,0,0,0
12739797469,Korugan,,historic:yes,historic,41.2527562,28.5867664,42.60710061123295,1,13,0.82,0.1,0.48398812492634014,0.014705882352941176,0.4098729080661373,0,1,0,0,0
1374959962,Şehit Polis Memuru Selahattin Turgut Parkı,,leisure:park,park,40.9155617,29.1994679,21.22931867744464,8,4,0.45,0.15,0.7430822772243952,0.11764705882352941,0.40983644787320095,1,0,0,0,0
547385609,Farabi Parkı,,leisure:park,park,41.0332138,29.1807022,17.1982640270069,4,2,0.45,0.15,0.7919377988475975,0.058823529411764705,0.40978722200722045,1,0,0,0,0
818503641,100. Yıl Mahallesi Yürüyüş ve Bisiklet Yolu,,leisure:park,park,41.0702221,28.8596632,12.11335361712422,1,3,0.45,0.1,0.853565827248327,0.014705882352941176,0.40974621876273337,1,0,0,0,0
1458524636,Nasıra Parkı,,leisure:park,park,41.1136595,28.8632633,15.188790917084308,2,3,0.45,0.15,0.8162921838625479,0.029411764705882353,0.4097405963352349,1,0,0,0,0
1374956755,Fatih Boylan Parkı,,leisure:park,park,40.9155268,29.2005186,21.308386147305338,8,4,0.45,0.15,0.7421239963727446,0.11764705882352941,0.40954896361770576,1,0,0,0,0
1036250244,Küçükçekmece Belediyesi Macera Parkı,,leisure:park,park,41.0010867,28.7727912,17.271590139175657,4,5,0.45,0.15,0.7910491020252368,0.058823529411764705,0.40952061296051223,1,0,0,0,0
544117202,Ilgın Park,,leisure:park,park,40.9844631,29.1328795,13.230586155900852,0,14,0.45,0.15,0.8400252074379705,0.0,0.4095075622313912,1,0,0,0,0
856325885,Ümraniye Millet Bahçesi,,leisure:park,park,41.0414579,29.1173449,12.228455227631748,1,14,0.45,0.1,0.8521708203063086,0.014705882352941176,0.4093277166801279,1,0,0,0,0
25935498,Küçükyalı-İdealtepe Kara ve Sahil Parkı,,leisure:park,park,40.939792,29.1082132,13.290296803775204,0,16,0.45,0.15,0.839301527135585,0.0,0.40929045814067555,1,0,0,0,0
461009932,Gazeteci Ahmet Tükek Parkı,,leisure:park,park,40.9244928,29.1384051,16.343830251335884,3,16,0.45,0.15,0.8022933537638169,0.04411764705882353,0.409217417893851,1,0,0,0,0
1036250247,Hüdai Bukağılı Parkı,,leisure:park,park,40.993136,28.7724937,17.36047386260988,4,5,0.45,0.15,0.7899718502763131,0.058823529411764705,0.40919743743583514,1,0,0,0,0
390186976,Çanakkale Parkı,,leisure:park,park,41.1133531,28.8599032,15.343413772778671,2,3,0.45,0.15,0.8144181878677287,0.029411764705882353,0.4091783975367892,1,0,0,0,0
544819574,Soğukdere Parkı,,leisure:park,park,41.036569,29.1697442,16.359162559858138,3,2,0.45,0.15,0.8021075294583933,0.04411764705882353,0.40916167060222386,1,0,0,0,0
9456520485,Korugan 247,,historic:yes,historic,41.2492383,28.5195999,46.850846981346734,5,13,0.82,0.1,0.43255482507614684,0.07352941176470588,0.4091488004640205,0,1,0,0,0
9456520479,Korugan 253,,historic:yes,historic,41.2514343,28.5215914,46.85413956810521,5,13,0.82,0.1,0.4325149196276912,0.07352941176470588,0.4091368288294838,0,1,0,0,0
970738382,Gaziosmanpaşa Millet Bahçesi,,leisure:park,park,41.1011156,28.9242604,11.285096164238901,0,3,0.45,0.1,0.8636041307217426,0.0,0.4090812392165228,1,0,0,0,0
453418568,Huzur Parkı,,leisure:park,park,41.0294045,29.1838362,17.395812829191733,4,2,0.45,0.15,0.7895435495471741,0.058823529411764705,0.4090689472170934,1,0,0,0,0
813170220,Cumhuriyet Parkı,,leisure:park,park,41.0052047,29.2105539,19.483213553027696,6,2,0.45,0.15,0.7642446984912645,0.08823529411764706,0.4088322330767911,1,0,0,0,0
648707530,İBB Paşabahçe Sahil Parkı,,leisure:park,park,41.1165249,29.0940273,15.461734299950761,2,15,0.45,0.15,0.8129841683430624,0.029411764705882353,0.4087481916793893,1,0,0,0,0
462549803,Gazi Osman Pasa Parki,,leisure:park,park,40.9141348,29.2026131,21.537410812436242,8,4,0.45,0.15,0.73934826633437,0.11764705882352941,0.4087162446061934,1,0,0,0,0
648707529,Atatürk Parkı,,leisure:park,park,41.1156388,29.0957025,15.474024935464282,2,15,0.45,0.15,0.8128352084650243,0.029411764705882353,0.4087035037159779,1,0,0,0,0
1488541343,Meşe Parkı,,leisure:park,park,41.0498176,29.2416265,22.55996334951248,9,2,0.45,0.15,0.7269551479278599,0.1323529411764706,0.4086747796724756,1,0,0,0,0
684969529,Şehit Turan Damgacı Parkı,,leisure:park,park,40.9305308,29.2136491,21.556911525995524,8,4,0.45,0.15,0.7391119218499658,0.11764705882352941,0.4086453412608721,1,0,0,0,0
662210247,Çırçır Parkı,,leisure:park,park,41.0132928,29.151056,14.497989185187246,1,14,0.45,0.15,0.8246645533481308,0.014705882352941176,0.40857583659267455,1,0,0,0,0
648707528,Fenerlibahçe Parkı,,leisure:park,park,41.1154602,29.0970121,15.52879062449998,2,15,0.45,0.15,0.8121714600078799,0.029411764705882353,0.40850437917883453,1,0,0,0,0
458989031,Gökkuşağı Parkı,,leisure:park,park,41.0512399,29.2420544,22.627781793051145,9,2,0.45,0.15,0.7261332028732586,0.1323529411764706,0.4084281961560952,1,0,0,0,0
547029814,Şehit Sadık Çelik Parkı,,leisure:park,park,41.1048773,28.8616465,14.539547224448217,1,3,0.45,0.15,0.8241608787860626,0.014705882352941176,0.40842473422405406,1,0,0,0,0
393610769,Röne Park,,leisure:park,park,40.9569144,28.8319573,13.55108135301427,0,5,0.45,0.15,0.836140874083421,0.0,0.4083422622250263,1,0,0,0,0
544747086,80. Yıl Cumhuriyet Parkı,,leisure:park,park,40.9820924,29.1485101,14.56885065731361,1,14,0.45,0.15,0.8238057274368162,0.014705882352941176,0.40831818881928017,1,0,0,0,0
964547282,Orgeneral Eşref Bitlis Parkı,,leisure:park,park,41.0936183,28.8626794,13.578542974007032,0,3,0.45,0.15,0.8358080451007938,0.0,0.40824241353023816,1,0,0,0,0
808423659,Sarı Lale Parkı,,leisure:park,park,41.0044329,29.2126389,19.65989981731748,6,2,0.45,0.15,0.7621032986954084,0.08823529411764706,0.40818981313803426,1,0,0,0,0
45819232,Trabzon Parkı,,leisure:park,park,41.0287953,29.138288,13.608114315813785,0,14,0.45,0.15,0.8354496467523839,0.0,0.4081348940257152,1,0,0,0,0
718189415,Sultangazi Millet Bahçesi,,leisure:park,park,41.1011845,28.9168955,11.554219396954078,0,3,0.45,0.1,0.8603424146063844,0.0,0.4081027243819153,1,0,0,0,0
9456528538,Korugan 12,,historic:yes,historic,41.2555349,28.5060655,48.17964298406824,6,13,0.82,0.1,0.4164501012573478,0.08823529411764706,0.4079938539066161,0,1,0,0,0
1229260937,İBB Baltalimanı Yaşam Vadisi,,leisure:park,park,41.0995846,29.0449896,11.594538137827819,0,10,0.45,0.1,0.8598537600761453,0.0,0.4079561280228436,1,0,0,0,0
1025654165,Korugan 14,,historic:yes,historic,41.2564168,28.506676,48.19354555827185,6,13,0.82,0.1,0.41628160502657874,0.08823529411764706,0.40794330503738535,0,1,0,0,0
547465852,Hüseyin Çakır Parkı,,leisure:park,park,41.1095819,28.8659483,14.69629280034392,1,3,0.45,0.15,0.822261155875662,0.014705882352941176,0.4078548173509339,1,0,0,0,0
499941958,Selçuklu Parkı,,leisure:park,park,41.0452001,28.7972206,15.745428818266403,2,5,0.45,0.15,0.8095458513575934,0.029411764705882353,0.4077166965837486,1,0,0,0,0
436659607,Ord. Prof. Zeki Velidi Togan Parkı,,leisure:park,park,41.0250784,29.1769234,16.76127765078511,3,2,0.45,0.15,0.7972339804188967,0.04411764705882353,0.4076996058903749,1,0,0,0,0
178774134,Sahil Parkı,,leisure:park,park,40.9218166,29.1273738,15.77107148452146,2,16,0.45,0.15,0.8092350677179907,0.029411764705882353,0.4076234614918678,1,0,0,0,0
1480150788,Sami Paşa Parkı,,leisure:park,park,41.0141774,28.8024255,14.780221179724773,1,5,0.45,0.15,0.8212439618385639,0.014705882352941176,0.40754965913980445,1,0,0,0,0
755101285,Yiğit Parkı,,leisure:park,park,40.9521168,29.1247251,13.775674349721617,0,16,0.45,0.15,0.8334188549200578,0.0,0.40752565647601735,1,0,0,0,0
453385320,Özgecan Aslan Parkı,,leisure:park,park,41.0300734,29.1888439,17.822062083405402,4,2,0.45,0.15,0.7843774996019449,0.058823529411764705,0.40751913223352465,1,0,0,0,0
453603105,Ord. Prof. Zeki Velidi Togan Parkı,,leisure:park,park,41.0249483,29.177792,16.8321054867781,3,2,0.45,0.15,0.7963755621703363,0.04411764705882353,0.4074420804158068,1,0,0,0,0
658470092,Hancıoğlu Parkı,,leisure:park,park,40.9695184,29.1346084,13.798712288504804,0,14,0.45,0.15,0.8331396400212339,0.0,0.4074418920063702,1,0,0,0,0
5315252660,Çelik Gülersoy Parkı,,leisure:park,park,41.1608555,29.0443539,17.85191724548594,4,15,0.45,0.15,0.7840156614124202,0.058823529411764705,0.40741058077666725,1,0,0,0,0
659109295,Şehit Uğur Taşçı Parkı,,leisure:park,park,41.1330842,29.0402481,14.822835849940672,1,15,0.45,0.15,0.8207274811349414,0.014705882352941176,0.40739471492871776,1,0,0,0,0
735472200,Soğuksu Parkı,,leisure:park,park,41.0584685,28.8278186,13.811972675813022,0,5,0.45,0.15,0.8329789269585126,0.0,0.40739367808755383,1,0,0,0,0
1381062850,Gültepe parkı,,leisure:park,park,40.997113,28.7902081,15.840469466400316,2,5,0.45,0.15,0.8083939789959806,0.029411764705882353,0.4073711348752648,1,0,0,0,0
587323558,Hicret Parkı,,leisure:park,park,41.0466911,28.8215204,13.83835959922105,0,5,0.45,0.15,0.8326591230811351,0.0,0.4072977369243405,1,0,0,0,0
743717414,Sedir Parkı,,leisure:park,park,40.9819362,29.1519085,14.851876729807845,1,14,0.45,0.15,0.8203755118719712,0.014705882352941176,0.40728912414982665,1,0,0,0,0
552192492,Libadiye Caddesi Parkı,,leisure:park,park,41.0980645,28.8640707,13.847600969452696,0,3,0.45,0.15,0.8325471196472121,0.0,0.4072641358941636,1,0,0,0,0
543698611,Şehit Er Emrah Töredi Parkı,,leisure:park,park,41.0357502,29.1640489,15.872881454283013,2,2,0.45,0.15,0.8080011526236858,0.029411764705882353,0.4072532869635763,1,0,0,0,0
8145834349,Pınar Mah. Parkı,,leisure:park,park,41.1261171,29.0317932,13.854803274928374,0,10,0.45,0.15,0.8324598292427355,0.0,0.40723794877282066,1,0,0,0,0
163148514,Beşçeşmeler Parkı,,leisure:park,park,40.9215145,29.1292,15.913309128152978,2,16,0.45,0.15,0.8075111778487927,0.029411764705882353,0.4071062945311084,1,0,0,0,0
502788722,Selçuklu Parkı,,leisure:park,park,41.045361,28.7949035,15.937740162549163,2,5,0.45,0.15,0.8072150789286031,0.029411764705882353,0.4070174648550515,1,0,0,0,0
222006182,Halkalı Çamlık Parkı,,leisure:park,park,41.0313522,28.7907534,15.951682233731841,2,5,0.45,0.15,0.8070461040028815,0.029411764705882353,0.40696677237733503,1,0,0,0,0
1025654162,Korugan 241,,historic:yes,historic,41.25099,28.512368,47.45901805801242,5,13,0.82,0.1,0.4251839214880697,0.07352941176470588,0.40693752938759736,0,1,0,0,0
528065355,Şenol Ergün Parkı,,leisure:park,park,40.9924113,28.7769918,16.993026388757997,3,5,0.45,0.15,0.7944252351993412,0.04411764705882353,0.4068569823245083,1,0,0,0,0
437315278,Şehit Erdal Engin Parkı,,leisure:park,park,40.9179889,29.1991311,21.074505349211698,7,4,0.45,0.15,0.7449585817057107,0.10294117647058823,0.4067228686293603,1,0,0,0,0
478682581,Florya Özürlüler Yaz Kampı,,leisure:park,park,40.959873,28.8117129,14.98820798082703,3,5,0.45,0.1,0.8187232062200589,0.04411764705882353,0.4066463736307236,1,0,0,0,0
492651340,Selçuklu Parkı,,leisure:park,park,41.0455069,28.7934154,16.062500433823544,2,5,0.45,0.15,0.8057030110804779,0.029411764705882353,0.40656384450061395,1,0,0,0,0
1025654167,Korugan 677,,historic:yes,historic,41.2612096,28.5054988,48.57988685632699,6,13,0.82,0.1,0.4115992309885539,0.08823529411764706,0.4065385928259779,0,1,0,0,0
528065388,75. Yıl Cumhuriyet Parkı,,leisure:park,park,40.9959182,28.7752628,17.10135285811154,3,5,0.45,0.15,0.7931123415214317,0.04411764705882353,0.40646311422113546,1,0,0,0,0
378180757,İnönü Parkı,,leisure:park,park,41.0197359,28.7992587,15.084984390770554,1,5,0.45,0.15,0.8175502967959462,0.014705882352941176,0.40644155962701917,1,0,0,0,0
315619032,Bilal Habeşi Parkı,,leisure:park,park,41.0403162,28.8160498,14.079826739074216,0,5,0.45,0.15,0.8297325929059344,0.0,0.40641977787178035,1,0,0,0,0
506884364,Şehit Piyade Er Yavuz Öztürk Parkı,,leisure:park,park,41.0010695,28.7746083,17.11936207327449,3,5,0.45,0.15,0.7928940736791154,0.04411764705882353,0.4063976338684405,1,0,0,0,0
1036250245,Küçükçekmece Belediyesi Seyir Parkı,,leisure:park,park,41.0026136,28.7736423,17.19307619117787,3,5,0.45,0.15,0.7920006743101009,0.04411764705882353,0.4061296140577362,1,0,0,0,0
366205977,Sultan Murat Parkı,,leisure:park,park,40.9987093,28.7857611,16.199814659396594,2,5,0.45,0.15,0.8040387919868646,0.029411764705882353,0.40606457877252994,1,0,0,0,0
569312609,Sarıyer Liseliler Parkı,,leisure:park,park,41.1632665,29.0492415,18.236215602351155,4,15,0.45,0.15,0.7793580473853936,0.058823529411764705,0.4060132965685593,1,0,0,0,0
1374959963,Genç Osman Parkı,,leisure:park,park,40.9144629,29.1995366,21.294036437815027,7,4,0.45,0.15,0.7422979117877129,0.10294117647058823,0.40592466765396096,1,0,0,0,0
1025654157,Korugan 24,,historic:yes,historic,41.2489398,28.5210925,46.72941542200731,4,13,0.82,0.1,0.4340265496463911,0.058823529411764705,0.4059138472468585,0,1,0,0,0
544819575,Çekmeköy Kent Parkı,,leisure:park,park,41.0325562,29.1696023,16.267754971433337,2,2,0.45,0.15,0.8032153699120888,0.029411764705882353,0.40581755215009724,1,0,0,0,0
506884358,Şerife Bacı Parkı,,leisure:park,park,40.9939164,28.773295,17.28525364698322,3,5,0.45,0.15,0.7908835032281407,0.04411764705882353,0.4057944627331481,1,0,0,0,0
889144944,Şelale Parkı,,leisure:park,park,40.9348942,29.2133388,21.342471203601608,7,4,0.45,0.15,0.741710892768523,0.10294117647058823,0.405748561948204,1,0,0,0,0
11205958980,Florya Çocuk Trafik Eğitim Parkuru,,leisure:park,park,40.9612092,28.8070894,15.29962055585907,1,5,0.45,0.15,0.8149489523057482,0.014705882352941176,0.40566115627995974,1,0,0,0,0
1488956124,Şehit Alaattin Buluç Parkı,,leisure:park,park,40.9209755,29.149702,17.347935537635884,3,16,0.45,0.15,0.7901238120977235,0.04411764705882353,0.405566555394023,1,0,0,0,0
462632494,Sehit Musa Sac Parki,,leisure:park,park,40.9181045,29.2035353,21.394421564086624,7,4,0.45,0.15,0.7410812654922634,0.10294117647058823,0.40555967376532615,1,0,0,0,0
278539558,İBB İdealtepe 50. Yıl Korusu,,leisure:park,park,40.9406837,29.1232692,14.292645110777984,2,16,0.45,0.1,0.8271532796834111,0.029411764705882353,0.4054989250814939,1,0,0,0,0
543913678,Mevlana Parkı,,leisure:park,park,41.0187835,29.1850101,17.37506418493004,3,2,0.45,0.15,0.7897950186852245,0.04411764705882353,0.40546791737027327,1,0,0,0,0
1126927916,Şehit Ahmet Üvenç Parkı,,leisure:park,park,41.0197771,29.1488286,14.357157870857998,0,14,0.45,0.15,0.8263713988064749,0.0,0.4054114196419425,1,0,0,0,0
686782359,Akşemsettin Parkı,,leisure:park,park,40.9361539,29.2153222,21.44356217816322,7,4,0.45,0.15,0.7404856917425162,0.10294117647058823,0.405381001640402,1,0,0,0,0
544607963,Serçe Parkı,,leisure:park,park,40.9293641,29.2116436,21.455577470830768,7,4,0.45,0.15,0.7403400689609783,0.10294117647058823,0.40533731480594054,1,0,0,0,0
459041362,Zeytinlik Park,,leisure:park,park,40.9040299,29.1794824,20.47704477650433,6,4,0.45,0.15,0.7521996762727978,0.08823529411764706,0.4052187264112511,1,0,0,0,0
7723882285,ARSAMIN YERİ,,historic:memorial,historic,41.2354596,28.5648025,42.88169389346789,0,13,0.82,0.1,0.4806601129788072,0.0,0.4051980338936421,0,1,0,0,0
686782362,Akşemsettin Parkı,,leisure:park,park,40.9362748,29.2163831,21.521190411541586,7,4,0.45,0.15,0.7395448541297154,0.10294117647058823,0.4050987503565617,1,0,0,0,0
1413202771,Şehit N. Ayhan Akbaba Parkı,,leisure:park,park,40.9201484,29.151064,17.49425112945759,3,16,0.45,0.15,0.7883504983672136,0.04411764705882353,0.40503456127487003,1,0,0,0,0
517513031,Toros Parkı,,leisure:park,park,40.9213501,29.1524128,17.514076446426312,3,16,0.45,0.15,0.7881102197587986,0.04411764705882353,0.4049624776923455,1,0,0,0,0
557044797,Çocuk parkı,,leisure:park,park,41.0365587,29.159592,15.524100876224784,1,2,0.45,0.15,0.8122282987555861,0.014705882352941176,0.4048449602149111,1,0,0,0,0
297190909,Öğretmen Hakkı Doğan Parkı,,leisure:park,park,40.9777471,28.7241997,21.601808158773398,7,18,0.45,0.15,0.7385677842473535,0.10294117647058823,0.4048056293918531,1,0,0,0,0
903301370,Avrupa Konutları Parkı,,leisure:park,park,41.0204819,28.7938505,15.54412937084067,1,5,0.45,0.15,0.8119855576774714,0.014705882352941176,0.4047721378914767,1,0,0,0,0
462550313,Şehit Muhammed Avcı Parkı,,leisure:park,park,40.9133796,29.2030988,21.61400485414034,7,4,0.45,0.15,0.7384199629038332,0.10294117647058823,0.40476128298879704,1,0,0,0,0
508102070,Özhan Canaydın Parkı,,leisure:park,park,40.9756524,28.7979864,15.568657739209586,1,5,0.45,0.15,0.8116882790903157,0.014705882352941176,0.40468295431533,1,0,0,0,0
13442580627,Nişantaşı Üniversitesi Terası,,leisure:park,park,41.11846,29.0076984,12.504013266590244,0,10,0.45,0.1,0.8488311157132881,0.0,0.40464933471398645,1,0,0,0,0
883967369,Mihrabat Korusu,,leisure:park,park,41.0950547,29.073408,12.519728709706518,0,10,0.45,0.1,0.8486406478983946,0.0,0.4045921943695184,1,0,0,0,0
172384561,Şehit Mahmut Ergül Parkı,,leisure:park,park,40.995159,28.7931388,15.614200470822622,1,5,0.45,0.15,0.8111363109077809,0.014705882352941176,0.4045173638605696,1,0,0,0,0
806435088,Mehmetçik Parkı,,leisure:park,park,41.0025343,29.2125632,19.65946467185911,5,2,0.45,0.15,0.7621085725654484,0.07352941176470588,0.40451492471081096,1,0,0,0,0
316650286,Nurettin Şen Parkı,,leisure:park,park,41.0357245,28.7831386,16.664336352540204,2,5,0.45,0.15,0.798408888254014,0.029411764705882353,0.4043756076526748,1,0,0,0,0
1377068804,Sevgi Çiçeği Parkı,,leisure:park,park,40.9752938,29.1474098,14.649391221559346,0,14,0.45,0.15,0.8228295929957647,0.0,0.4043488778987295,1,0,0,0,0
258796676,Yaşar Doğu Parkı,,leisure:park,park,41.0279592,29.1755505,16.685614496510954,2,2,0.45,0.15,0.7981510016925526,0.029411764705882353,0.4042982416842364,1,0,0,0,0
508110217,Mustafa Pars Parkı,,leisure:park,park,40.9749527,28.7966547,15.695609351424089,1,5,0.45,0.15,0.8101496526579074,0.014705882352941176,0.4042213663856075,1,0,0,0,0
555274211,Kardelen Parkı,,leisure:park,park,40.9937006,29.1647861,15.724165702233108,1,14,0.45,0.15,0.8098035557836618,0.014705882352941176,0.40411753732333383,1,0,0,0,0
733808409,Yavuz Sultan Selim Parkı,,leisure:park,park,40.9486751,29.1616217,16.744679775281263,2,16,0.45,0.15,0.7974351431259042,0.029411764705882353,0.40408348411424183,1,0,0,0,0
1415337774,Kaleiçi Bizans Surları,,historic:fort,historic,41.1457401,28.4580143,46.223064430854045,3,9,0.82,0.1,0.44016341553942273,0.04411764705882353,0.4040784364265327,0,1,0,0,0
1230515263,Z Caddesi Parkı,,leisure:park,park,41.1126473,28.8704242,14.725577006170651,0,3,0.45,0.15,0.8219062375540186,0.0,0.4040718712662056,1,0,0,0,0
569311650,Tarabya Parkı,,leisure:park,park,41.1386058,29.0542468,15.833121303893826,1,15,0.45,0.15,0.8084830371565263,0.014705882352941176,0.4037213817351932,1,0,0,0,0
743408006,Aybike Parkı,,leisure:park,park,40.9913256,29.1657836,15.836831646528172,1,14,0.45,0.15,0.8084380685960574,0.014705882352941176,0.4037078911670525,1,0,0,0,0
733618833,Son Durak Parkı,,leisure:park,park,40.9588961,29.1425141,14.826707551291523,0,16,0.45,0.15,0.820680556941283,0.0,0.40370416708238493,1,0,0,0,0
555274225,30 Ağustos Parkı,,leisure:park,park,40.9873264,29.1530934,14.843356196061746,0,14,0.45,0.15,0.8204787789216076,0.0,0.4036436336764823,1,0,0,0,0
733808408,Yavuz Sultan Selim Parkı,,leisure:park,park,40.9468748,29.1627479,16.911479008977523,2,16,0.45,0.15,0.795413572029691,0.029411764705882353,0.4034770127853779,1,0,0,0,0
9456528534,Korugan 240,,historic:yes,historic,41.2550529,28.5017002,48.45001108034165,5,13,0.82,0.1,0.41317329766147604,0.07352941176470588,0.4033343422396192,0,1,0,0,0
462665174,Şehit Mücahit Parkı,,leisure:park,park,40.9259674,29.1485416,16.96121890911196,2,16,0.45,0.15,0.7948107350608868,0.029411764705882353,0.40329616169473664,1,0,0,0,0
1025654163,Korugan 243,,historic:yes,historic,41.2529966,28.5139224,47.479080318692546,4,13,0.82,0.1,0.4249407711724663,0.058823529411764705,0.40318811370468105,0,1,0,0,0
1476239800,İBB Altayçeşme Parkı,,leisure:park,park,40.9395686,29.1323815,15.011760437452603,0,16,0.45,0.15,0.8184377554748488,0.0,0.4030313266424546,1,0,0,0,0
571076542,Piri Reis Parkı,,leisure:park,park,41.0153371,29.193262,18.045452234307458,3,2,0.45,0.15,0.7816700586729015,0.04411764705882353,0.4030304293665764,1,0,0,0,0
5627402865,Kanuni Sultan Süleyman Parkı,,leisure:park,park,40.9457128,29.1644744,17.09644120189342,2,16,0.45,0.15,0.7931718697460228,0.029411764705882353,0.40280450210027746,1,0,0,0,0
439367116,75. Yıl Parkı,,leisure:park,park,40.9022657,29.1879427,21.175437596793365,6,4,0.45,0.15,0.7437353044168085,0.08823529411764706,0.4026794148544543,1,0,0,0,0
1023413401,Korugan 3,,historic:yes,historic,41.2716869,28.4992084,49.68563483243299,6,13,0.82,0.1,0.3981978016254982,0.08823529411764706,0.4025181640170612,0,1,0,0,0
325895241,Sefaköy Atatürk Parkı,,leisure:park,park,40.9990058,28.7979107,15.180295235868751,0,5,0.45,0.15,0.8163951497048207,0.0,0.40241854491144624,1,0,0,0,0
1025654168,Korugan 239,,historic:yes,historic,41.2585791,28.5010993,48.71362631069248,5,13,0.82,0.1,0.40997833735866507,0.07352941176470588,0.40237585414877597,0,1,0,0,0
1023413405,Korugan 7,,historic:yes,historic,41.2743676,28.5010256,49.738943448890886,6,13,0.82,0.1,0.39755171257687194,0.08823529411764706,0.4023243373024733,0,1,0,0,0
570762529,Fatih Sultan Mehmet Parkı,,leisure:park,park,41.0188552,29.1954359,18.24841089744479,3,2,0.45,0.15,0.7792102430128868,0.04411764705882353,0.4022924846685719,1,0,0,0,0
221859552,Söğütlüçeşme Yaşam Parkı,,leisure:park,park,41.0261021,28.786437,16.227892089078118,1,5,0.45,0.15,0.8036984995344215,0.014705882352941176,0.40228602044856177,1,0,0,0,0
1023413404,Korugan 4,,historic:yes,historic,41.2733011,28.4996248,49.76319093646056,6,13,0.82,0.1,0.39725783820502736,0.08823529411764706,0.40223617499091996,0,1,0,0,0
543511623,Şehit Piyade Er Lokman Eker Parkı,,leisure:park,park,41.0261652,28.7983578,15.236717778123039,0,5,0.45,0.15,0.8157113205404503,0.0,0.4022133961621351,1,0,0,0,0
1200748952,Beykoz Çavuşbaşı Çiftlik Mahalle Parkı,,leisure:park,park,41.0767187,29.1359307,15.250925184659241,0,14,0.45,0.15,0.8155391298069002,0.0,0.4021617389420701,1,0,0,0,0
502191637,Ulubatlı Hasan Parkı,,leisure:park,park,41.0494705,28.8050007,15.252058033756098,0,5,0.45,0.15,0.8155253999177405,0.0,0.4021576199753222,1,0,0,0,0
1442486858,Ufuk Sokak Parkı,,leisure:park,park,40.9029464,29.1762304,20.321694583240536,5,16,0.45,0.15,0.754082487443652,0.07352941176470588,0.4021070991742721,1,0,0,0,0
256068166,Kayışdağı Parki,,leisure:park,park,40.976831,29.1556151,15.277104896496438,0,14,0.45,0.15,0.8152218372895159,0.0,0.4020665511868548,1,0,0,0,0
725929799,Hamit Yıldırım Parkı,,leisure:park,park,40.9040785,29.1774967,20.336673242455603,5,4,0.45,0.15,0.7539009492923177,0.07352941176470588,0.4020526377288718,1,0,0,0,0
458849029,Mehmet Ali Büklü Parkı,,leisure:park,park,40.9062291,29.1799306,20.37073986632157,5,4,0.45,0.15,0.7534880690852154,0.07352941176470588,0.40192877366674107,1,0,0,0,0
1023413406,Korugan 6,,historic:yes,historic,41.2754037,28.5002786,49.857547195295105,6,13,0.82,0.1,0.3961142604955872,0.08823529411764706,0.40189310167808784,0,1,0,0,0
1422856326,İdealtepe Sahil Parkı,,leisure:park,park,40.9165306,29.1306967,16.353430065440115,1,16,0.45,0.15,0.8021770060666957,0.014705882352941176,0.401829572408244,1,0,0,0,0
648558876,Sultaniye Parkı,,leisure:park,park,41.1236328,29.099393,16.35981284356232,1,15,0.45,0.15,0.8020996481587518,0.014705882352941176,0.4018063650358608,1,0,0,0,0
897674103,çekmeköy pazar alanı yanı,,leisure:park,park,41.0207796,29.1844072,17.340825809099876,4,2,0.45,0.1,0.7902099804894591,0.058823529411764705,0.40176887649977894,1,0,0,0,0
279980875,Küçükçekmece Belediyesi Hayat Parkı,,leisure:park,park,41.0399615,28.8000056,15.376467008953362,0,5,0.45,0.15,0.8140175897030588,0.0,0.4017052769109177,1,0,0,0,0
1050502164,Fatih Parkı,,leisure:park,park,41.003,29.209811,19.426960320711732,4,2,0.45,0.15,0.7649264756553348,0.058823529411764705,0.40168382504954164,1,0,0,0,0
1036250246,Küçükçekmece Belediyesi Soğuksu Sosyal Tesisleri,,leisure:park,park,41.0030698,28.7715099,17.370096784127263,4,5,0.45,0.1,0.7898552225222786,0.058823529411764705,0.40166244910962473,1,0,0,0,0
492649287,Zülfikar Parkı,,leisure:park,park,41.0425301,28.7881607,16.408935780202953,1,5,0.45,0.15,0.801504288655754,0.014705882352941176,0.4016277571849615,1,0,0,0,0
1228844517,Şehit Şerife Bacı Parkı,,leisure:park,park,41.0309008,29.1595681,15.407292998510165,0,2,0.45,0.15,0.8136439852918198,0.0,0.40159319558754597,1,0,0,0,0
1356910788,Serindere Yaşam Vadisi,,leisure:park,park,41.0349908,29.1706865,16.404152014427122,3,2,0.45,0.1,0.8015622668754926,0.04411764705882353,0.4014980918273537,1,0,0,0,0
176211237,Şehit Gaffar Okkan Parkı,,leisure:park,park,40.9877682,28.7838675,16.482985942726543,1,5,0.45,0.15,0.8006068164976973,0.014705882352941176,0.4013585155375445,1,0,0,0,0
547029808,15 Temmuz Demokrasi ve Şehitler Meydanı,,leisure:park,park,41.1045711,28.8632173,14.425900806170791,1,3,0.45,0.1,0.8255382491089753,0.014705882352941176,0.4013379453209279,1,0,0,0,0
315618227,Şair Nedim Parkı,,leisure:park,park,40.9973977,28.7823363,16.49674964364982,1,5,0.45,0.15,0.8004400033814327,0.014705882352941176,0.4013084716026651,1,0,0,0,0
1421715191,Ters Park,,leisure:park,park,40.9158532,29.1328147,16.539583393514366,1,16,0.45,0.15,0.7999208674792482,0.014705882352941176,0.40115273083200975,1,0,0,0,0
315607050,Balıkçı Adası Parkı,,leisure:park,park,40.9888111,28.7707208,17.561667204808447,2,5,0.45,0.15,0.7875334299291319,0.029411764705882353,0.40111297015521014,1,0,0,0,0
585881856,Çekmeköy İbn-i Sina Parkı,,leisure:park,park,41.0162773,29.1874806,17.56575656204195,2,2,0.45,0.15,0.7874838677926512,0.029411764705882353,0.40109810151426595,1,0,0,0,0
3137358326,Yeniköy Doğayı Koruma Derneği Bahçesi,,leisure:park,park,41.1226588,29.0617394,14.518941753138757,1,15,0.45,0.1,0.8244106126985032,0.014705882352941176,0.4009996543977863,1,0,0,0,0
903737414,Fevzi Çakmak Parkı,,leisure:park,park,41.0090999,28.7925273,15.596706350678572,0,5,0.45,0.15,0.8113483359084551,0.0,0.40090450077253653,1,0,0,0,0
725299404,Necip Fazıl Kısakürek Parkı,,leisure:park,park,40.9117943,29.1600771,18.64531405978238,3,16,0.45,0.15,0.7743998614350047,0.04411764705882353,0.40084937019520733,1,0,0,0,0
285734784,Çekmeköy Meydanı,,leisure:park,park,41.0215873,29.1874749,17.604643415118957,4,2,0.45,0.1,0.7870125674367615,0.058823529411764705,0.40080965258396967,1,0,0,0,0
342595454,Küçükçekmece Göl Parkı,,leisure:park,park,40.9995581,28.7679175,17.68876644165516,2,5,0.45,0.15,0.7859930143177031,0.029411764705882353,0.4006508454717815,1,0,0,0,0
662212777,mesire alanı,,leisure:park,park,41.0151026,29.1523764,14.61767902635624,1,14,0.45,0.1,0.8232139380302079,0.014705882352941176,0.4006406519972977,1,0,0,0,0
878201820,Fatih Sultan Mehmet Parkı,,leisure:park,park,40.9337991,29.2178151,21.736477939026514,6,4,0.45,0.15,0.7369356152663564,0.08823529411764706,0.4006395081093187,1,0,0,0,0
648698108,Şehit Bülent Kocabıyık Parkı,,leisure:park,park,41.1263335,29.1013528,16.697264682815227,1,15,0.45,0.15,0.7980098039221772,0.014705882352941176,0.4005794117648885,1,0,0,0,0
737926885,Yeni Şehir Korusu,,leisure:park,park,41.0139748,28.8161972,13.624905616061001,0,5,0.45,0.1,0.8352461397787881,0.0,0.40057384193363643,1,0,0,0,0
1411995309,Kemal Bayraktar Parkı,,leisure:park,park,40.913208,29.1626806,18.73539875405446,3,16,0.45,0.15,0.7733080541759662,0.04411764705882353,0.40052182801749575,1,0,0,0,0
391888370,Mercan Parkı,,leisure:park,park,40.9055295,29.1849497,20.764962013910765,5,4,0.45,0.15,0.7487101808336141,0.07352941176470588,0.4004954071912607,1,0,0,0,0
316535853,Şehit Yılmaz Özdemir parkı,,leisure:park,park,41.0441771,28.7848478,16.72201477776576,1,5,0.45,0.15,0.7977098380561971,0.014705882352941176,0.40048942200509446,1,0,0,0,0
10074415514,Fatih Sultan Mehmet Tabiat Orman Parkı,,leisure:park,park,41.1469639,29.0176063,15.775947874562645,0,15,0.45,0.15,0.8091759669119338,0.0,0.40025279007358017,1,0,0,0,0
893157594,Şalçıkır Parkı,,leisure:park,park,41.1421234,29.0408885,15.78599273123501,0,15,0.45,0.15,0.8090542253939156,0.0,0.4002162676181747,1,0,0,0,0
1173866158,Küçükçekmece Gölü Sahil Parkı,,leisure:park,park,40.9919779,28.7672805,17.808706938496073,2,5,0.45,0.15,0.7845393611065583,0.029411764705882353,0.4002147495084381,1,0,0,0,0
899271279,Cumhruyet Mahallesi Parkı,,leisure:park,park,41.144148,29.0328207,15.790034554917522,0,15,0.45,0.15,0.8090052393539231,0.0,0.40020157180617694,1,0,0,0,0
508350096,Atatürk Parkı,,leisure:park,park,40.9805123,28.793815,15.794658005423372,0,5,0.45,0.15,0.808949204121025,0.0,0.40018476123630753,1,0,0,0,0
1025654161,Korugan 242,,historic:yes,historic,41.2475829,28.5114192,47.31105102952352,3,13,0.82,0.1,0.4269772502783592,0.04411764705882353,0.4001225868482136,0,1,0,0,0
725286959,Burak Bora Parkı,,leisure:park,park,40.9133015,29.1644232,18.85060246750347,3,16,0.45,0.15,0.7719118097680988,0.04411764705882353,0.40010295469513557,1,0,0,0,0
493674414,Halide Edip Adıvar Parkı,,leisure:park,park,40.9777282,28.7207827,21.885422107847372,6,18,0.45,0.15,0.7351304437438897,0.08823529411764706,0.40009795665257863,1,0,0,0,0
670543266,çamlık sitesi parkı,,leisure:park,park,41.0117803,29.1916758,17.899813730071873,2,2,0.45,0.15,0.7834351662464443,0.029411764705882353,0.3998834910504038,1,0,0,0,0
9456528532,Korugan 15,,historic:yes,historic,41.2624468,28.5086444,48.445211906344674,4,13,0.82,0.1,0.41323146262556487,0.058823529411764705,0.3996753211406106,0,1,0,0,0
562578870,Şehir Ersin Özler Parkı,,leisure:park,park,40.9046663,29.1877815,21.01652436631356,5,4,0.45,0.15,0.745661298837915,0.07352941176470588,0.39958074259255094,1,0,0,0,0
893161476,İstasyon Mahallesi Parkı,,leisure:park,park,41.0315547,28.7781126,17.002537729342762,1,5,0.45,0.15,0.7943099597823844,0.014705882352941176,0.3994694585229506,1,0,0,0,0
875108667,Hayrettinpaşa Parkı,,leisure:park,park,40.932935,29.2095469,21.134186968127718,5,4,0.45,0.15,0.7442352532281018,0.07352941176470588,0.399152928909607,1,0,0,0,0
1357216596,Serindere Yaşam Vadisi 1. Etap,,leisure:park,park,41.0351414,29.1786144,17.061525013914498,3,2,0.45,0.1,0.7935950464887689,0.04411764705882353,0.3991079257113366,1,0,0,0,0
314848763,Bezirganbahçe Parkı,,leisure:park,park,41.029067,28.7763822,17.106625835713782,1,5,0.45,0.15,0.7930484341588171,0.014705882352941176,0.3990910008358804,1,0,0,0,0
315607042,Florya Sahil Parkı,,leisure:park,park,40.9686874,28.7938044,16.104874626193716,0,5,0.45,0.15,0.8051894449169972,0.0,0.3990568334750992,1,0,0,0,0
879939317,Şeyh Şamil Parkı,,leisure:park,park,40.9304399,29.2085307,21.168010864751945,5,4,0.45,0.15,0.7438253148233407,0.07352941176470588,0.39902994738817865,1,0,0,0,0
458980348,Yunus Erenoğlu Parkı,,leisure:park,park,41.0500691,29.2369659,22.18328861725239,6,2,0.45,0.15,0.7315203652525242,0.08823529411764706,0.399014933105169,1,0,0,0,0
684386161,Yasemin Terzi Parkı,,leisure:park,park,41.1400068,29.0841858,17.13007863871463,1,15,0.45,0.15,0.7927641911942599,0.014705882352941176,0.3990057279465133,1,0,0,0,0
453534272,Şehit Üsteğmen Arif Kalafat Doğa Parkı,,leisure:park,park,41.0271657,29.1933571,18.157238556780634,2,2,0.45,0.15,0.7803152323139552,0.029411764705882353,0.3989475108706571,1,0,0,0,0
550384224,Çanakkale Şehitleri Parkı,,leisure:park,park,40.9031186,29.1743778,20.183601708945424,4,16,0.45,0.15,0.7557561435935141,0.058823529411764705,0.39893272543099545,1,0,0,0,0
5293976357,Çocuk Parkı,,leisure:park,park,40.9031202,29.1744065,20.185463797670028,4,16,0.45,0.15,0.7557335754757786,0.058823529411764705,0.39892595499567474,1,0,0,0,0
543710593,Köroğlu Parkı,,leisure:park,park,41.0401121,29.1791905,17.213866851235956,1,2,0.45,0.15,0.7917486959495699,0.014705882352941176,0.3987010793731062,1,0,0,0,0
462637880,Gümüşpınar Parkı,,leisure:park,park,40.9204168,29.203591,21.27909868361954,5,4,0.45,0.15,0.7424789541789443,0.07352941176470588,0.3986260391948597,1,0,0,0,0
1216124437,Cebeci Mahallesi Millet Bahçesi,,leisure:park,park,41.1116223,28.8793139,14.186954497974055,0,3,0.45,0.1,0.8284342273427665,0.0,0.39853026820283,1,0,0,0,0
546914378,Kızılay Trafo Parkı,,leisure:park,park,40.8945664,29.1827844,21.313803888158233,5,4,0.45,0.15,0.742058334510443,0.07352941176470588,0.39849985329430937,1,0,0,0,0
570762598,Şirinler Parkı,,leisure:park,park,41.0197643,29.1958938,18.293451062558685,2,2,0.45,0.15,0.77866436582901,0.029411764705882353,0.3984522509251736,1,0,0,0,0
548687409,Çamlık Parkı,,leisure:park,park,40.9399706,29.2161478,21.352887542788462,5,4,0.45,0.15,0.7415846489617508,0.07352941176470588,0.3983577476297017,1,0,0,0,0
461216602,Kartallı Kazım Meydanı Parkı,,leisure:park,park,40.8967931,29.1856996,21.366721899619883,5,4,0.45,0.15,0.7414169795109664,0.07352941176470588,0.3983074467944664,1,0,0,0,0
439367105,Papatya Parkı,,leisure:park,park,40.9029148,29.1916096,21.392357276939062,5,4,0.45,0.15,0.7411062842117102,0.07352941176470588,0.39821423820468954,1,0,0,0,0
880664184,Kayalı Bahçe Parkı,,leisure:park,park,40.973087,28.7891374,16.357958239998673,0,5,0.45,0.15,0.8021221255579347,0.0,0.39813663766738044,1,0,0,0,0
1468883887,Tahir Öztırak Parkı,,leisure:park,park,40.8988985,29.1885512,21.428415273324937,5,4,0.45,0.15,0.740669268994879,0.07352941176470588,0.3980831336396402,1,0,0,0,0
454176832,Karaca Parkı,,leisure:park,park,40.9436839,29.1540811,16.40072061280999,0,16,0.45,0.15,0.8016038547303944,0.0,0.39798115641911835,1,0,0,0,0
715102412,Şehit Abdullah Parkı,,leisure:park,park,40.9098837,29.1552498,18.44046178743584,2,16,0.45,0.15,0.7768826272342979,0.029411764705882353,0.39791772934675995,1,0,0,0,0
1023413411,Korugan 232,,historic:yes,historic,41.2843371,28.5077834,49.956486806090034,5,13,0.82,0.1,0.3949151335390578,0.07352941176470588,0.3978568930028938,0,1,0,0,0
1023413408,Korugan 238,,historic:yes,historic,41.2758123,28.4986311,49.995329167618415,5,13,0.82,0.1,0.3944443724112374,0.07352941176470588,0.39771566466454766,0,1,0,0,0
1023413407,Korugan 2,,historic:yes,historic,41.2759887,28.4984373,50.020001563797614,5,13,0.82,0.1,0.3941453482377749,0.07352941176470588,0.3976259574125089,0,1,0,0,0
9456528520,Korugan 21,,historic:yes,historic,41.2611746,28.5139069,48.005284613606065,3,13,0.82,0.1,0.41856328747708216,0.04411764705882353,0.39759839800783053,0,1,0,0,0
734744959,Gold Country,,leisure:park,park,40.9678616,29.1420437,14.449297431499549,0,16,0.45,0.1,0.8252546870058084,0.0,0.3975764061017425,1,0,0,0,0
1165191101,Köroğlu İsmail Parkı,,leisure:park,park,41.0122538,28.7090432,22.605398571710506,6,18,0.45,0.15,0.7264044827364788,0.08823529411764706,0.3974801683503554,1,0,0,0,0
1165210654,Muhtar Ali Akverdi Parkı,,leisure:park,park,41.0098624,28.7088169,22.621057819478573,6,18,0.45,0.15,0.7262146959972063,0.08823529411764706,0.3974232323285737,1,0,0,0,0
548682689,Adnan Kahveci Parkı,,leisure:park,park,40.9381395,29.2185093,21.611142825757383,5,4,0.45,0.15,0.7384546500767135,0.07352941176470588,0.3974187479641905,1,0,0,0,0
734024486,Onurkent 565 Ada Parkı,,leisure:park,park,41.1098242,28.7871507,19.61687542006708,3,19,0.45,0.15,0.7626247452032011,0.04411764705882353,0.39731683532566625,1,0,0,0,0
725750055,Şehit Dursun Kaya Parkı,,leisure:park,park,40.8988297,29.1915727,21.642180229942255,5,4,0.45,0.15,0.7380784833653251,0.07352941176470588,0.397305897950774,1,0,0,0,0
1025654158,Korugan 250,,historic:yes,historic,41.245699,28.5130533,47.08060607625597,2,13,0.82,0.1,0.4297701939056797,0.029411764705882353,0.3972839993481745,0,1,0,0,0
1355926686,Atatürk Havalimanı Millet Bahçesi,,leisure:park,park,40.9843023,28.8081799,14.530723069894236,0,5,0.45,0.1,0.8242678256550593,0.0,0.39728034769651777,1,0,0,0,0
880999598,Küçükçekmece Çocuk Trafik Eğitim Parkı,,leisure:park,park,41.048599,28.7879284,16.59697304125587,0,5,0.45,0.15,0.799225317202876,0.0,0.3972675951608628,1,0,0,0,0
1165210653,Şehit Öğretmenler Nesrin - Cuma İbiş Parkı,,leisure:park,park,41.0090111,28.7081892,22.67329768954094,6,18,0.45,0.15,0.7255815599266874,0.08823529411764706,0.397233291507418,1,0,0,0,0
439367113,Güneş Parkı,,leisure:park,park,40.8972187,29.1904086,21.663107211942222,5,4,0.45,0.15,0.7378248528119669,0.07352941176470588,0.39722980878476655,1,0,0,0,0
897666075,Beykoz Nato Parkı,,leisure:park,park,41.1292054,29.0945297,16.60786479632221,0,15,0.45,0.15,0.7990933114571588,0.0,0.39722799343714765,1,0,0,0,0
1486931610,Çatalmeşe Parkı,,leisure:park,park,41.0528871,29.2423436,22.690626462600314,6,2,0.45,0.15,0.7253715388973734,0.08823529411764706,0.39717028519862374,1,0,0,0,0
893163098,Gölağzı Parkı,,leisure:park,park,40.9804754,28.7709026,17.685436873317176,1,5,0.45,0.15,0.7860333679750058,0.014705882352941176,0.396986480980737,1,0,0,0,0
523337882,Kamuran Kumkumoğlu Parkı,,leisure:park,park,40.9185992,29.1376765,16.6771044909207,0,16,0.45,0.15,0.7982541411431882,0.0,0.3969762423429565,1,0,0,0,0
9456520497,Korugan 251,,historic:yes,historic,41.2457646,28.5117477,47.175244345568345,2,13,0.82,0.1,0.42862319828946516,0.029411764705882353,0.3969399006633101,0,1,0,0,0
1486931601,Çatalmeşe Parkı,,leisure:park,park,41.0533133,29.243242,22.77448339757082,6,2,0.45,0.15,0.7243552107512734,0.08823529411764706,0.39686538675479377,1,0,0,0,0
355955700,Leylak Parkı,,leisure:park,park,41.0100398,29.189824,17.74142043227943,1,2,0.45,0.15,0.7853548591944,0.014705882352941176,0.3967829283465553,1,0,0,0,0
808088561,Muhtar Gökhan Göktaş Çocuk Bahçesi,,leisure:park,park,41.0065837,29.2138333,19.756156304853295,5,2,0.45,0.1,0.7609366906198596,0.07352941176470588,0.3966633601271344,1,0,0,0,0
725286954,Ayhan Songar Parkı,,leisure:park,park,40.9155655,29.1657308,18.802377486038118,2,16,0.45,0.15,0.7724962862461101,0.029411764705882353,0.3966018270503036,1,0,0,0,0
1314182277,Küçükçekmece Lagün Parkı,,leisure:park,park,40.987218,28.7678307,17.82493202375937,1,5,0.45,0.15,0.7843427165376654,0.014705882352941176,0.39647928554953493,1,0,0,0,0
388713711,Hoca Ahmet Yesevi Parkı,,leisure:park,park,40.9180963,29.2099919,21.87534288077059,5,4,0.45,0.15,0.7352526018238705,0.07352941176470588,0.39645813348833764,1,0,0,0,0
874890616,Beykoz Engelliler Parkı,,leisure:park,park,41.1465011,29.086282,17.84006064560957,1,15,0.45,0.15,0.7841593608712143,0.014705882352941176,0.3964242788495996,1,0,0,0,0
1025654156,Korugan 28,,historic:yes,historic,41.2501972,28.5279757,46.33881181398914,1,13,0.82,0.1,0.4387605819710484,0.014705882352941176,0.3963046451795498,0,1,0,0,0
9456520469,Korugan 30,,historic:yes,historic,41.2518024,28.5294369,46.34295803468276,1,13,0.82,0.1,0.43871033066157294,0.014705882352941176,0.39628956978670715,0,1,0,0,0
899270847,Nadir Nadi Parkı,,leisure:park,park,41.152261,29.0416479,16.873293721479175,0,15,0.45,0.15,0.7958763695605706,0.0,0.39626291086817117,1,0,0,0,0
12302067601,Çocuk Parkı,,leisure:park,park,41.0512551,29.2461456,22.963660928302602,6,2,0.45,0.15,0.7220624194733662,0.08823529411764706,0.39617754937142163,1,0,0,0,0
1488541339,Dr. Yavuz Kalaycı Parkı,,leisure:park,park,41.0512971,29.2462398,22.972355811275005,6,2,0.45,0.15,0.7219570393483354,0.08823529411764706,0.3961459353339124,1,0,0,0,0
1375032901,Naim Süleymanoğlu Parkı,,leisure:park,park,40.9134257,29.2079116,21.965208396324797,5,4,0.45,0.15,0.7341634509640919,0.07352941176470588,0.39613138823040406,1,0,0,0,0
1351208425,Celal Erdoğan Parkı,,leisure:park,park,41.0132003,29.1800089,16.925401669202287,0,2,0.45,0.15,0.7952448323606345,0.0,0.39607344970819036,1,0,0,0,0
568584771,İnönü Parkı,,leisure:park,park,40.8751691,29.0994538,17.94989927874948,1,16,0.45,0.15,0.7828281400911024,0.014705882352941176,0.396024912615566,1,0,0,0,0
439367117,Çamlık Parkı,,leisure:park,park,40.9033919,29.1865502,21.00851364734938,4,4,0.45,0.15,0.745758387041254,0.058823529411764705,0.3959333984653174,1,0,0,0,0
812937140,Maçka Parkı,,leisure:park,park,41.0063824,29.2174295,20.058146641423487,3,2,0.45,0.15,0.7572766322238016,0.04411764705882353,0.3957124014318464,1,0,0,0,0
897093174,Kartal Tavşantepe Vadisi Parkı,,leisure:park,park,40.9390869,29.2121474,21.075049748164105,4,4,0.45,0.15,0.7449519837066516,0.058823529411764705,0.3956914774649367,1,0,0,0,0
809159606,Sarıgazi Mahalle Parkı,,leisure:park,park,41.0067532,29.2056126,19.066189913637434,2,2,0.45,0.15,0.7692989359547544,0.029411764705882353,0.3956426219628969,1,0,0,0,0
546203966,Yavuz Selim Parkı,,leisure:park,park,40.8967508,29.1823696,21.142248877669093,4,4,0.45,0.15,0.744137544605898,0.058823529411764705,0.3954471457347106,1,0,0,0,0
879940712,Şehit Gaffar Okkan Parkı,,leisure:park,park,40.934544,29.2107811,21.159264185952438,4,4,0.45,0.15,0.7439313227027362,0.058823529411764705,0.3953852791637621,1,0,0,0,0
725194440,Çifteler Parkı,,leisure:park,park,40.9099762,29.1808742,20.208012800381596,3,4,0.45,0.15,0.7554602863777413,0.04411764705882353,0.3951674976780283,1,0,0,0,0
1349656036,Erdal Yulalı Parkı,,leisure:park,park,40.9761051,28.7290761,21.227882750830357,4,18,0.45,0.15,0.7430996803483507,0.058823529411764705,0.3951357864574464,1,0,0,0,0
12307912441,Kirazlıbent Tabiat Parkı,,leisure:park,park,41.1712043,28.9576973,18.208126468869303,1,3,0.45,0.15,0.7796984816853976,0.014705882352941176,0.3950860150938546,1,0,0,0,0
546918585,Zambak Parkı,,leisure:park,park,40.8936037,29.1812784,21.276120080284798,4,4,0.45,0.15,0.7425150542153482,0.058823529411764705,0.39496039861754567,1,0,0,0,0
555274197,Prof Dr Necmettin Erbakan Parkı,,leisure:park,park,40.9860027,29.1816559,17.235626662405135,0,2,0.45,0.15,0.7914849716845125,0.0,0.3949454915053538,1,0,0,0,0
733998239,561 Ada Parkı,,leisure:park,park,41.1098086,28.7919115,19.290942856296574,2,19,0.45,0.15,0.7665749782806084,0.029411764705882353,0.39482543466065306,1,0,0,0,0
458980427,Alemdağ Merkez Park,,leisure:park,park,41.0481916,29.2396532,22.361591847795676,5,2,0.45,0.15,0.7293593681709418,0.07352941176470588,0.394690163392459,1,0,0,0,0
9437929332,Korugan 236,,historic:yes,historic,41.2844258,28.50972,49.83473258482446,4,13,0.82,0.1,0.39639076870294987,0.058823529411764705,0.39462311296382613,0,1,0,0,0
1110215106,Şehit Topçu Yüzbaşı Sinan Eroğlu Parkı,,leisure:park,park,41.1369392,29.0950359,17.335495378710377,0,15,0.45,0.15,0.7902745841675876,0.0,0.3945823752502763,1,0,0,0,0
184719065,Atatürk Parkı,,leisure:park,park,41.0222162,28.7723455,17.358206554715196,0,5,0.45,0.15,0.7899993295638645,0.0,0.39449979886915937,1,0,0,0,0
9437929331,Korugan 235,,historic:yes,historic,41.2852864,28.5099949,49.8754635171661,4,13,0.82,0.1,0.3958971185001341,0.058823529411764705,0.3944750179029814,0,1,0,0,0
546902764,Siteler Parkı,,leisure:park,park,40.9269702,29.2097187,21.419374255340482,4,4,0.45,0.15,0.7407788442023466,0.058823529411764705,0.3944395356136452,1,0,0,0,0
517846250,Nurettin Sözen Parkı,,leisure:park,park,40.9355579,29.1616558,17.376851865769602,0,16,0.45,0.15,0.7897733523751675,0.0,0.39443200571255027,1,0,0,0,0
244121598,Ümraniye Osmangazi Millet Bahçesi,,leisure:park,park,41.0118997,29.1609241,15.320606797920405,0,14,0.45,0.1,0.8146946035330997,0.0,0.3944083810599299,1,0,0,0,0
1414256188,Şehit Abdullah Horuz Parkı,,leisure:park,park,40.9095502,29.1543573,18.40227177784049,1,16,0.45,0.15,0.777345481995985,0.014705882352941176,0.3943801151870308,1,0,0,0,0
1491329536,Ayşe Tokyaz Parkı,,leisure:park,park,41.0573825,28.7812342,17.41869397595967,0,5,0.45,0.15,0.7892662349340955,0.0,0.39427987048022867,1,0,0,0,0
9437929321,Korugan 234,,historic:yes,historic,41.2856674,28.509551,49.930774419389216,4,13,0.82,0.1,0.39522676217557595,0.058823529411764705,0.39427391100561393,0,1,0,0,0
1442921846,Çayırlı Parkı,,leisure:park,park,41.0065886,29.2346173,21.50008041356488,4,2,0.45,0.15,0.7398007027976328,0.058823529411764705,0.39414609319223104,1,0,0,0,0
9437929322,Korugan 233,,historic:yes,historic,41.2862216,28.5089877,50.00581003646861,4,13,0.82,0.1,0.3943173465187243,0.058823529411764705,0.39400108630855846,0,1,0,0,0
312560086,Şehit Piyade Er İbrahim Candemir Parkı,,leisure:park,park,40.9750396,28.7253655,21.555064076336716,4,18,0.45,0.15,0.7391343125453496,0.058823529411764705,0.39394617611654603,1,0,0,0,0
597167828,Beykoz Çayırı,,leisure:park,park,41.1427377,29.0862304,17.478515778415662,2,15,0.45,0.1,0.7885412074619153,0.029411764705882353,0.39391530341504516,1,0,0,0,0
733346934,Remzi Çakar Parkı,,leisure:park,park,41.003894,29.1991741,18.531842414090114,1,2,0.45,0.15,0.7757751135515041,0.014705882352941176,0.39390900465368656,1,0,0,0,0
733346933,Yaşar Kemal Parkı,,leisure:park,park,41.0039145,29.199533,18.56188692941791,1,2,0.45,0.15,0.7754109804410545,0.014705882352941176,0.3937997647205516,1,0,0,0,0
967221755,Halkalı Millet Bahçesi,,leisure:park,park,41.0256305,28.7830793,16.501322174861436,1,5,0.45,0.1,0.8003845852795081,0.014705882352941176,0.39379184617208773,1,0,0,0,0
1115139562,Cennet Meydanı,,leisure:park,park,40.9898443,28.783256,16.50342309220957,1,5,0.45,0.1,0.8003591226098519,0.014705882352941176,0.39378420737119085,1,0,0,0,0
544611609,Söğütlü Parkı,,leisure:park,park,40.9267892,29.2121749,21.614987717411726,4,4,0.45,0.15,0.7384080508108521,0.058823529411764705,0.3937282975961969,1,0,0,0,0
734024487,Onurkent Fuzulkent Parkı,,leisure:park,park,41.1079632,28.785665,19.601166889609786,2,19,0.45,0.15,0.7628151292381438,0.029411764705882353,0.3936974799479137,1,0,0,0,0
546908906,Muhsin Yazıcıoğlu Parkı,,leisure:park,park,40.9262358,29.2138647,21.769670342132432,4,4,0.45,0.15,0.736533330428196,0.058823529411764705,0.39316588148139997,1,0,0,0,0
545836080,Yunus Emre Parkı,,leisure:park,park,40.9304065,29.2163662,21.771625064726912,4,4,0.45,0.15,0.7365096396077375,0.058823529411764705,0.39315877423526246,1,0,0,0,0
934307120,Menekşe Deresi Parkı,,leisure:park,park,41.0380032,28.7705824,17.74610933297395,0,5,0.45,0.15,0.7852980307191906,0.0,0.3930894092157572,1,0,0,0,0
691163252,Atatürk Parkı,,leisure:park,park,40.9786682,28.7216338,21.798712340955316,4,18,0.45,0.15,0.7361813476037214,0.058823529411764705,0.3930602866340577,1,0,0,0,0
1460827809,Şehit Piyade Er Aşkın Bora Parkı,,leisure:park,park,40.8923345,29.1879186,21.80848153388624,4,4,0.45,0.15,0.7360629470713878,0.058823529411764705,0.3930247664743575,1,0,0,0,0
725732165,Anafartalar Parkı,,leisure:park,park,40.9105683,29.1754654,19.791145095553226,2,16,0.45,0.15,0.7605126339476374,0.029411764705882353,0.39300673136076175,1,0,0,0,0
1356693317,Avcılar Merkez Parkı,,leisure:park,park,40.9794074,28.7208412,21.85216352178544,4,18,0.45,0.15,0.7355335307053452,0.058823529411764705,0.3928659415645448,1,0,0,0,0
734024484,Onurkent Parkı,,leisure:park,park,41.109723,28.7831443,19.886021224416098,2,19,0.45,0.15,0.7593627555244604,0.029411764705882353,0.39266176783380874,1,0,0,0,0
1356693316,Erol Mumcu Parkı,,leisure:park,park,40.9796341,28.720011,21.91738652655621,4,18,0.45,0.15,0.7347430418144137,0.058823529411764705,0.3926287948972653,1,0,0,0,0
1165191098,Deliorman Parkı,,leisure:park,park,41.011251,28.705077,22.936379001661063,5,18,0.45,0.15,0.7223930705988264,0.07352941176470588,0.39260027412082443,1,0,0,0,0
733819905,Ortadağ Tepesi Parkı,,leisure:park,park,40.9556611,29.217718,20.921283942427866,3,4,0.45,0.15,0.7468155924389818,0.04411764705882353,0.3925740894964005,1,0,0,0,0
1165191099,Deliorman Parkı,,leisure:park,park,41.0116505,28.704592,22.977698882364702,5,18,0.45,0.15,0.7218922824676197,0.07352941176470588,0.39245003768146236,1,0,0,0,0
1165191100,Deliorman Parkı,,leisure:park,park,41.0119627,28.704077,23.021455324366936,5,18,0.45,0.15,0.7213619637337463,0.07352941176470588,0.39229094206130033,1,0,0,0,0
733998242,Başakşehir Onurkent Parkı-2,,leisure:park,park,41.1086234,28.7951115,18.996464903829125,1,19,0.45,0.15,0.7701439881854399,0.014705882352941176,0.3922196670438673,1,0,0,0,0
1025654154,Korugan 675,,historic:yes,historic,41.2420557,28.5040162,47.487006094008834,1,13,0.82,0.1,0.42484471246800215,0.014705882352941176,0.39212988432863594,0,1,0,0,0
1031030834,Saffet Çebi Parkı,,leisure:park,park,41.0038644,28.6553673,27.110691870803954,9,0,0.45,0.15,0.6718012899544543,0.1323529411764706,0.3921286222804539,1,0,0,0,0
401415020,Hristos Tepesi,,leisure:park,park,40.8783344,29.0596458,15.971621201071356,0,16,0.45,0.1,0.8068044479762398,0.0,0.392041334392872,1,0,0,0,0
461175710,Şehit Oktay Karakelle Parkı,,leisure:park,park,40.9160534,29.2115077,22.09326181552482,4,4,0.45,0.15,0.7326114708662849,0.058823529411764705,0.3919893236128267,1,0,0,0,0
1023413400,Korugan 6,,historic:yes,historic,41.2708095,28.500182,49.56248401977805,3,13,0.82,0.1,0.399690363178819,0.04411764705882353,0.39193652071835156,0,1,0,0,0
396516811,Konutbirlik Parkı,,leisure:park,park,41.0341844,28.7654813,18.09455854416008,0,5,0.45,0.15,0.7810749006830242,0.0,0.3918224702049073,1,0,0,0,0
468471653,Birsen Sokaka Parkı,,leisure:park,park,40.9805077,28.728886,21.166180469374982,3,18,0.45,0.15,0.7438474988244701,0.04411764705882353,0.3916836614120469,1,0,0,0,0
1384652929,Kelebek Parkı,,leisure:park,park,41.0082956,29.2306953,21.169965291243233,3,2,0.45,0.15,0.7438016275915895,0.04411764705882353,0.3916699000421828,1,0,0,0,0
461175711,Şehit Ayhan Saklı Parkı,,leisure:park,park,40.9176063,29.213768,22.18243023180571,4,4,0.45,0.15,0.7315307687008492,0.058823529411764705,0.39166511296319595,1,0,0,0,0
1301204716,Lale Parkı,,leisure:park,park,40.9542004,29.2202814,21.17369113594599,3,4,0.45,0.15,0.7437564711493616,0.04411764705882353,0.3916563531095144,1,0,0,0,0
732661422,Esenkent Tatlı Su Parkı,,leisure:park,park,40.9344508,29.1713282,18.155169856651426,0,16,0.45,0.15,0.7803403045177972,0.0,0.3916020913553392,1,0,0,0,0
517932248,Necip Fazıl Kısakürek Parkı,,leisure:park,park,41.0028507,29.2189226,20.191719230389705,2,2,0.45,0.15,0.7556577609669215,0.029411764705882353,0.39155026946654703,1,0,0,0,0
177449077,Cengiz Aytmatov Parkı,,leisure:park,park,40.9202208,29.1614552,18.21952324673217,0,16,0.45,0.15,0.7795603551712225,0.0,0.3913681065513667,1,0,0,0,0
1025654155,Korugan 676,,historic:yes,historic,41.2453614,28.5037977,47.70369451422526,1,13,0.82,0.1,0.4222184950838662,0.014705882352941176,0.3913420191133951,0,1,0,0,0
880663663,Göçmen Konutları Parkı,,leisure:park,park,41.1022171,28.7998717,18.258639523370935,0,19,0.45,0.15,0.7790862742507525,0.0,0.39122588227522576,1,0,0,0,0
894909163,Beykoz Yuşa Tepesi Parkı,,leisure:park,park,41.1624096,29.0847536,19.325740406167967,1,15,0.45,0.15,0.766153239406393,0.014705882352941176,0.3910224424101532,1,0,0,0,0
880667255,Hidayetin Bağı Parkı,,leisure:park,park,41.1719381,29.0560678,19.335374388827635,1,15,0.45,0.15,0.7660364775936759,0.014705882352941176,0.39098741386633806,1,0,0,0,0
1309161757,Saadet Parkı,,leisure:park,park,41.00971,29.2330759,21.370147606131653,3,2,0.45,0.15,0.7413754606795255,0.04411764705882353,0.3909420499685636,1,0,0,0,0
517846251,Muhtarlık Parkı,,leisure:park,park,40.9263194,29.1683098,18.3614614145468,0,16,0.45,0.15,0.777840094884979,0.0,0.3908520284654937,1,0,0,0,0
1066921893,1915 Çanakkale Panorama ve Muhsin Yazıcıoğlu Parkı,,leisure:park,park,41.0045192,29.2333325,21.395776509295846,3,2,0.45,0.15,0.7410648438456453,0.04411764705882353,0.39084886491839954,1,0,0,0,0
552387093,Manolya Parkı,,leisure:park,park,40.9177472,29.216893,22.409471361845902,4,4,0.45,0.15,0.7287790786842352,0.058823529411764705,0.39083960595821177,1,0,0,0,0
687543252,Şehit Semih Balaban Parkı,,leisure:park,park,40.9023837,29.1618957,19.38798426230199,1,16,0.45,0.15,0.7653988571608095,0.014705882352941176,0.39079612773647815,1,0,0,0,0
9437906781,Alaiye Anıtı,,historic:monument,historic,41.2738333,28.5131693,48.88961071841897,2,13,0.82,0.1,0.4078454439144905,0.029411764705882353,0.3907065743508177,0,1,0,0,0
1375530694,Gazanfer Özcan Parkı,,leisure:park,park,40.9048784,29.2223466,23.487196653267375,5,4,0.45,0.15,0.7157172782759484,0.07352941176470588,0.390597536423961,1,0,0,0,0
170541966,Küçükçekmece Menekşe Parkı,,leisure:park,park,40.9823939,28.7610951,18.461887391743325,0,5,0.45,0.15,0.776622953485042,0.0,0.39048688604551257,1,0,0,0,0
9456528519,Korugan 245,,historic:yes,historic,41.2610556,28.514607,47.950054029919244,1,13,0.82,0.1,0.4192326703581305,0.014705882352941176,0.3904462716956744,0,1,0,0,0
9437906780,Korugan 19,,historic:yes,historic,41.2740964,28.5121983,48.97202377942154,2,13,0.82,0.1,0.4068466152125755,0.029411764705882353,0.39040692574024316,0,1,0,0,0
176212512,Atatürk Ormanı,Atatürk Forest,leisure:park,park,40.9782448,28.7863408,16.459806905965152,0,5,0.45,0.1,0.8008877414738889,0.0,0.39026632244216664,1,0,0,0,0
733317248,Genç Gelecek Spor Parkı,,leisure:park,park,41.0019271,29.2232656,20.559369444012777,2,2,0.45,0.15,0.7512019188811571,0.029411764705882353,0.3902135168408177,1,0,0,0,0
1112081863,Şehit Jandarma Yaşar Bingöl Parkı,,leisure:park,park,41.1478293,29.0995464,18.55193936946454,0,15,0.45,0.15,0.775531542743614,0.0,0.3901594628230842,1,0,0,0,0
1376193914,2.Yüzyıl Parkı,,leisure:park,park,40.9211812,29.2084338,21.602920599320676,3,4,0.45,0.15,0.7385543017054568,0.04411764705882353,0.39009570227634294,1,0,0,0,0
1375532111,Hikmet Sürücü Parkı,,leisure:park,park,40.9044248,29.2238996,23.625684969114918,5,4,0.45,0.15,0.7140388294589086,0.07352941176470588,0.39009400177884906,1,0,0,0,0
820391504,Akşemsettin Parkı,,leisure:park,park,41.0157397,29.2238275,20.609585486146464,2,2,0.45,0.15,0.7505933111729913,0.029411764705882353,0.39003093452836796,1,0,0,0,0
470844307,Metin Göktepe Parkı,,leisure:park,park,41.0090996,29.1999717,18.592119058996,0,2,0.45,0.15,0.7750445734859522,0.0,0.3900133720457857,1,0,0,0,0
818063628,Şehit Şeyda Yılmaz Millet Bahçesi,,leisure:park,park,41.0168141,29.1993767,18.56556394925905,2,2,0.45,0.1,0.775366415745724,0.029411764705882353,0.38996286590018775,1,0,0,0,0
1023413396,Korugan 17,,historic:yes,historic,41.2735038,28.5093841,49.12063283495781,2,13,0.82,0.1,0.4050455051915621,0.029411764705882353,0.3898665927339392,0,1,0,0,0
1309159300,Yenidoğan Parkı,,leisure:park,park,41.0124715,29.2368289,21.68914345642482,3,2,0.45,0.15,0.7375092990882861,0.04411764705882353,0.38978220149119175,1,0,0,0,0
732957985,Derviş Sokak Parkı,,leisure:park,park,40.9211576,29.1686447,18.677306045334184,0,16,0.45,0.15,0.7740121254012783,0.0,0.3897036376203835,1,0,0,0,0
1115748406,Barbaros Parkı,,leisure:park,park,40.9002362,29.164656,19.71739904283206,1,16,0.45,0.15,0.7614064203598244,0.014705882352941176,0.3895983966961826,1,0,0,0,0
218505709,B-10 Parkı,,leisure:park,park,41.0081974,28.6469713,27.81001726344756,9,0,0.45,0.15,0.6633256155206572,0.1323529411764706,0.38958591995031483,1,0,0,0,0
1301218216,Şehit Yücel Urun Parkı,,leisure:park,park,40.9573843,29.2163506,20.75786583532577,2,4,0.45,0.15,0.7487961850028366,0.029411764705882353,0.38949179667732153,1,0,0,0,0
715155634,İBB Sosyal Tesisler Kartal İDO Arası Kara ve Deniz Tarafı,,leisure:park,park,40.9015202,29.1504894,18.696595638057094,2,16,0.45,0.1,0.7737783396563307,0.029411764705882353,0.38948644307336977,1,0,0,0,0
462641161,Limon Sokak Parkı,,leisure:park,park,40.9206907,29.2105473,21.786099621304498,3,4,0.45,0.15,0.7363342110727298,0.04411764705882353,0.3894296750865248,1,0,0,0,0
682387842,Yaşar Ekici Parkı,,leisure:park,park,40.9025546,29.2252202,23.82462136347638,5,4,0.45,0.15,0.7116277628375932,0.07352941176470588,0.3893706817924545,1,0,0,0,0
820391505,Zübeyde Hanım Park,,leisure:park,park,41.014226,29.2262302,20.805155849067624,2,2,0.45,0.15,0.7482230401339929,0.029411764705882353,0.38931985321666845,1,0,0,0,0
917762190,Kemal Sunal Parkı,,leisure:park,park,40.9013831,29.2253647,23.89980894030805,5,4,0.45,0.15,0.7107165054609916,0.07352941176470588,0.389097304579474,1,0,0,0,0
11709580037,Şehit Öğretmen Ekrem YıldızParkı,,leisure:park,park,41.1487784,28.8524324,18.863499430885835,0,3,0.45,0.15,0.771755501325758,0.0,0.3890266503977274,1,0,0,0,0
12301227402,Çocuk Parkı,,leisure:park,park,41.0477347,29.2346981,21.94423448606232,3,2,0.45,0.15,0.7344176502779712,0.04411764705882353,0.3888547068480973,1,0,0,0,0
876590601,Yunus Emre 2. Parkı,,leisure:park,park,40.9300644,29.2185838,21.957682346028296,3,4,0.45,0.15,0.7342546650866685,0.04411764705882353,0.38880581129070646,1,0,0,0,0
1023413417,Korugan 22,,historic:yes,historic,41.2976806,28.5144769,50.44603703257659,3,13,0.82,0.1,0.38898188932636524,0.04411764705882353,0.3887239785626155,0,1,0,0,0
820401447,Öğretmenler Sitesi Parkı,,leisure:park,park,40.9744074,28.7197008,22.035628748180887,3,18,0.45,0.15,0.7333099713362616,0.04411764705882353,0.3885224031655844,1,0,0,0,0
1301199083,Kocatepe Parkı,,leisure:park,park,40.951251,29.2172244,21.02460710854895,2,4,0.45,0.15,0.7455633377279081,0.029411764705882353,0.388521942494843,1,0,0,0,0
1061174286,Eşref Bitlis Parkı,,leisure:park,park,41.0157719,29.2289275,21.03729014390529,2,2,0.45,0.15,0.7454096220475631,0.029411764705882353,0.3884758277907395,1,0,0,0,0
564290030,Çeçenistan Parkı,,leisure:park,park,40.8873312,29.1870351,22.08330516775205,3,4,0.45,0.15,0.732732143311275,0.04411764705882353,0.38834905475808845,1,0,0,0,0
820398245,Almaata Çocuk Parkı,,leisure:park,park,40.9725114,28.7311634,21.12716740523592,2,18,0.45,0.15,0.7443203288314824,0.029411764705882353,0.38814903982591525,1,0,0,0,0
1023413418,Korugan 18,,historic:yes,historic,41.2979289,28.5121118,50.6161723701464,3,13,0.82,0.1,0.3869198853635536,0.04411764705882353,0.388105377373772,0,1,0,0,0
1394226629,Av. Sıddık Eraslan Sosyal ve Spor Tesisi,,leisure:park,park,41.0318318,29.1916395,18.08157651640611,1,2,0.45,0.1,0.7812322400873853,0.014705882352941176,0.3880461426144509,1,0,0,0,0
562576783,Mehmet Sekmen Parkı,,leisure:park,park,40.9064676,29.1914515,21.16711156887333,2,4,0.45,0.15,0.7438362140973652,0.029411764705882353,0.3880038054056802,1,0,0,0,0
1383345997,Bayram Demirkol Parkı,,leisure:park,park,40.9151684,29.2259478,23.218113782174914,4,4,0.45,0.15,0.7189785052170576,0.058823529411764705,0.3878994339180585,1,0,0,0,0
740920618,Kültür ve Yaşam Parkı,,leisure:park,park,41.1063464,28.7615742,21.204278650412636,2,19,0.45,0.15,0.7433857570052944,0.029411764705882353,0.38786866827805894,1,0,0,0,0
548728970,Seza Sokak Parkı,,leisure:park,park,40.9074772,29.220988,23.246813388908105,4,4,0.45,0.15,0.7186306721116001,0.058823529411764705,0.38779508398642126,1,0,0,0,0
989152604,Beykoz Korusu,,leisure:park,park,41.1333553,29.0988104,17.191903798390484,0,15,0.45,0.1,0.7920148834603462,0.0,0.38760446503810386,1,0,0,0,0
539149385,Hasanoğlu Deresi Parkı,,leisure:park,park,41.0536798,28.7568072,19.26300355311638,0,18,0.45,0.15,0.7669135966693491,0.0,0.38757407900080476,1,0,0,0,0
1186289329,Küçükçekmece Sahil Parkı,,leisure:park,park,40.9793002,28.7520978,19.26300930982812,0,5,0.45,0.15,0.7669135268992321,0.0,0.38757405806976963,1,0,0,0,0
218505853,Turgut Özal Koruluğu,,leisure:park,park,41.0078003,28.6526783,27.3312647848283,10,0,0.45,0.1,0.6691279933348119,0.14705882352941177,0.3875031038827965,1,0,0,0,0
725194441,Turgut Alp Kaptan Parkı,,leisure:park,park,40.910291,29.1825373,20.30682917510413,1,4,0.45,0.15,0.7542626530160952,0.014705882352941176,0.3874552664930639,1,0,0,0,0
660296475,Doğalkent Apartmanı Parkı,,leisure:park,park,41.0033262,28.652101,27.3859619788772,8,0,0.45,0.15,0.6684650750222818,0.11764705882352941,0.3874512872125669,1,0,0,0,0
1386538457,Kardelen Parkı,,leisure:park,park,40.8985395,29.1719863,20.32201479572647,1,16,0.45,0.15,0.7540786065366966,0.014705882352941176,0.38740005254924426,1,0,0,0,0
883135739,Sis Parkı,,leisure:park,park,40.895,29.1686147,20.337772891448797,1,16,0.45,0.15,0.7538876217813252,0.014705882352941176,0.38734275712263283,1,0,0,0,0
10680677417,AIKA ANAOKULU ACARKENT,,leisure:park,park,41.1091398,29.1349843,17.27266275249598,0,15,0.45,0.1,0.7910361021808268,0.0,0.38731083065424804,1,0,0,0,0
8145923287,Maltepe Kumcular İBB Sosyal Tesisler Arası Kara ve Deniz Tarafı,,leisure:park,park,40.9017431,29.1447437,18.310144020747853,1,16,0.45,0.1,0.7784620507401591,0.014705882352941176,0.387215085810283,1,0,0,0,0
1356062442,Irmak Mesire Yeri,,leisure:park,park,41.1721294,28.9571825,18.314664738504845,1,3,0.45,0.1,0.7784072606062409,0.014705882352941176,0.38719864877010757,1,0,0,0,0
1334514004,Hacı Osman Ağa Parkı,,leisure:park,park,40.9736653,28.7151856,22.423243250093243,3,18,0.45,0.15,0.7286121663393512,0.04411764705882353,0.38711306166651127,1,0,0,0,0
1023413409,Korugan 9,,historic:yes,historic,41.2794546,28.5027056,49.964124782731055,2,13,0.82,0.1,0.39482256289308504,0.029411764705882353,0.38679971004439606,0,1,0,0,0
1165210656,Şehit J. Ünal Kaya Parkı,,leisure:park,park,41.0078909,28.709725,22.54446880039353,3,18,0.45,0.15,0.7271429385546727,0.04411764705882353,0.38667229333110775,1,0,0,0,0
1023413410,Korugan 237,,historic:yes,historic,41.281923,28.5039036,50.05002795664658,2,13,0.82,0.1,0.3937814347678992,0.029411764705882353,0.3864873716068403,0,1,0,0,0
837585958,Pir Sultan Abdal Parkı,,leisure:park,park,41.0109494,29.2120737,19.609423617412524,0,2,0.45,0.15,0.7627150594602112,0.0,0.3863145178380634,1,0,0,0,0
764344224,Jandarma Üst Parkı,,leisure:park,park,41.0662772,28.6817718,25.70343720292782,6,18,0.45,0.15,0.6888569160418627,0.08823529411764706,0.38621589834197056,1,0,0,0,0
897665962,Abdurrahmangazi Parkı,,leisure:park,park,40.9975989,29.2243126,20.669709220143098,1,2,0.45,0.15,0.749864624355009,0.014705882352941176,0.386135857894738,1,0,0,0,0
1375544084,Cumhuriyet Parkı,,leisure:park,park,40.900853,29.2228993,23.75001273261735,4,4,0.45,0.15,0.7125320035126272,0.058823529411764705,0.38596548340672937,1,0,0,0,0
278992014,Abdullah Kaya Parkı,,leisure:park,park,41.2451101,29.0373714,26.802300353483936,7,15,0.45,0.15,0.6755389292943734,0.10294117647058823,0.3858969729059591,1,0,0,0,0
893157924,Akbaba Köyü Parkı,,leisure:park,park,41.1517401,29.1168803,19.735191684891262,0,15,0.45,0.15,0.7611907773372812,0.0,0.3858572332011844,1,0,0,0,0
1124500229,Sümbül Parkı,,leisure:park,park,41.002972,28.6950534,23.783524299809596,4,18,0.45,0.15,0.7121258504738908,0.058823529411764705,0.3858436374951084,1,0,0,0,0
1357142128,Serindere Yaşam Vadisi,,leisure:park,park,41.0345656,29.1864528,17.698623974937565,0,2,0.45,0.1,0.7858735431191726,0.0,0.38576206293575177,1,0,0,0,0
1023413398,Korugan 678,,historic:yes,historic,41.2646913,28.4990455,49.24381807048915,1,13,0.82,0.1,0.4035525264403296,0.014705882352941176,0.38574222852033413,0,1,0,0,0
1468591384,Baba Kenan Parkı,,leisure:park,park,41.179617,29.0413412,19.777045167229854,0,15,0.45,0.15,0.7606835220681974,0.0,0.38570505662045923,1,0,0,0,0
1496266554,Merve Parkı,,leisure:park,park,41.0066027,29.2384453,21.821263608639573,2,2,0.45,0.15,0.7359080310546989,0.029411764705882353,0.38562535049288027,1,0,0,0,0
1023413399,Korugan 679,,historic:yes,historic,41.2649736,28.4988329,49.27644435387337,1,13,0.82,0.1,0.4031571028523141,0.014705882352941176,0.3856236014439295,0,1,0,0,0
384953012,Başakşehir Sular Vadisi,,leisure:park,park,41.1021674,28.8072933,17.74876871099867,0,19,0.45,0.1,0.7852657996253807,0.0,0.3855797398876142,1,0,0,0,0
525555055,Ahmet Dicle Parkı,,leisure:park,park,40.9831403,28.7082035,22.84693276283641,3,18,0.45,0.15,0.7234771399141698,0.04411764705882353,0.3855725537389569,1,0,0,0,0
1309166445,Ceyhan Parkı,,leisure:park,park,41.0148536,29.238654,21.84921534213677,2,2,0.45,0.15,0.7355692620131703,0.029411764705882353,0.3855237197804217,1,0,0,0,0
1309473266,Yumurcak Çocuk Parkı,,leisure:park,park,41.0147317,29.2511046,22.892900996076563,3,2,0.45,0.15,0.7229200147427706,0.04411764705882353,0.3854054161875371,1,0,0,0,0
278992011,75. Yıl Parkı,,leisure:park,park,41.2463858,29.0371777,26.938756541610957,7,15,0.45,0.15,0.6738851094313916,0.10294117647058823,0.38540082694706457,1,0,0,0,0
715678516,Çeşme Yanı Parkı,,leisure:park,park,41.1759139,29.0902781,20.873115793769045,1,15,0.45,0.15,0.7473993801155133,0.014705882352941176,0.3853962846228893,1,0,0,0,0
290452099,Çavlan Parkı,,leisure:park,park,41.0673604,28.6789754,25.960580494050703,6,18,0.45,0.15,0.6857403942605589,0.08823529411764706,0.38528094180757944,1,0,0,0,0
1023413416,Korugan 20,,historic:yes,historic,41.2959531,28.5133758,50.395271723980805,2,13,0.82,0.1,0.3895971540267682,0.029411764705882353,0.385232087384501,0,1,0,0,0
1383348083,Yıldız Parkı,,leisure:park,park,40.9097592,29.2185092,22.94217831261202,3,4,0.45,0.15,0.7223227841884119,0.04411764705882353,0.3852262470212295,1,0,0,0,0
1309478802,Afacan Çocuk Parkı,,leisure:park,park,41.0124808,29.2520036,22.962134350738463,3,2,0.45,0.15,0.7220809212674777,0.04411764705882353,0.3851536881449492,1,0,0,0,0
1023413413,Korugan 27,,historic:yes,historic,41.2940583,28.5264757,49.41743655743797,1,13,0.82,0.1,0.40144830745079174,0.014705882352941176,0.3851109628234728,0,1,0,0,0
218504461,Mehmehçik Parkı,,leisure:park,park,41.0095734,28.6440289,28.057034946153557,8,0,0.45,0.15,0.6603318139512724,0.11764705882352941,0.38501130889126406,1,0,0,0,0
1356444731,Mehmet Akif Ersoy Dinlenme Yeri,,leisure:park,park,41.1685105,29.0005302,17.921963552630427,0,15,0.45,0.1,0.7831667151266258,0.0,0.3849500145379878,1,0,0,0,0
989289371,Karlıtepe Mesire Alanı,,leisure:park,park,41.1263622,29.1239826,17.932985795600498,0,15,0.45,0.1,0.783033127895378,0.0,0.3849099383686134,1,0,0,0,0
881414117,Dereseki Köyü Parkı,,leisure:park,park,41.1506792,29.1241147,20.00431436261163,0,15,0.45,0.15,0.7579290679483416,0.0,0.3848787203845025,1,0,0,0,0
562580871,Bulgaristan Varna Parkı,,leisure:park,park,40.8946361,29.1934922,22.039999532305043,2,4,0.45,0.15,0.7332569983659585,0.029411764705882353,0.3848300406862581,1,0,0,0,0
446770462,Fatih Sultan Mehmet Parkı,,leisure:park,park,40.9120651,29.2218839,23.071390028629754,3,4,0.45,0.15,0.7207567657805022,0.04411764705882353,0.38475644149885657,1,0,0,0,0
1309155883,Seyhan Parkı,,leisure:park,park,41.0115117,29.2413631,22.067625487787748,2,2,0.45,0.15,0.732922177684403,0.029411764705882353,0.3847295944817915,1,0,0,0,0
889145668,Örnek Köy Parkı,,leisure:park,park,41.1390547,29.1435834,20.085932626026917,0,15,0.45,0.15,0.7569398720234735,0.0,0.38458196160704206,1,0,0,0,0
225173865,Sancaktepe Meydan Parkı,,leisure:park,park,40.9928158,29.2292775,21.122851069608508,1,2,0.45,0.15,0.7443726418976312,0.014705882352941176,0.38448826315752466,1,0,0,0,0
9437899869,Korugan 23,,historic:yes,historic,41.3011676,28.5159078,50.60180197159812,2,13,0.82,0.1,0.3870940515254867,0.029411764705882353,0.3844811566341165,0,1,0,0,0
741236422,535 Ada Parkı,,leisure:park,park,41.1035876,28.7599921,21.16305451557719,1,19,0.45,0.15,0.7438853847170229,0.014705882352941176,0.3843420860033422,1,0,0,0,0
468573621,Polonezköy Parkı,,leisure:park,park,41.1101003,29.2057404,22.17473593967414,2,2,0.45,0.15,0.7316240218785426,0.029411764705882353,0.3843401477400334,1,0,0,0,0
218509297,Şirinler Parkı,,leisure:park,park,41.0060434,28.6536384,27.252085357577677,7,0,0.45,0.15,0.6700876310861223,0.10294117647058823,0.38426158344348377,1,0,0,0,0
1023413414,Korugan 25,,historic:yes,historic,41.2950352,28.5239162,49.65120415792555,1,13,0.82,0.1,0.3986150940486404,0.014705882352941176,0.3842609988028274,0,1,0,0,0
1461854461,Taşkent Parkı,,leisure:park,park,40.9814846,28.7404657,20.18874839071224,0,18,0.45,0.15,0.7556937669094571,0.0,0.38420813007283716,1,0,0,0,0
1253829007,Zerzevatçı Köyü Parkı,,leisure:park,park,41.128183,29.159615,20.218483641088586,0,15,0.45,0.15,0.7553333820241828,0.0,0.38410001460725485,1,0,0,0,0
733827913,Derman Parkı,,leisure:park,park,40.9642922,29.2126908,20.262772345843178,0,4,0.45,0.15,0.7547966123794033,0.0,0.383938983713821,1,0,0,0,0
1265286326,Kartal Atatürk Parkı,,leisure:park,park,40.8876595,29.190414,22.287137997637338,2,4,0.45,0.15,0.7302617329369334,0.029411764705882353,0.3839314610575506,1,0,0,0,0
314705200,Güvercintepe Parkı,,leisure:park,park,41.0732263,28.7511158,20.387187372980737,0,18,0.45,0.15,0.7532887288164976,0.0,0.3834866186449493,1,0,0,0,0
1067392824,Koru Park,,leisure:park,park,40.9913255,29.2324026,21.398390235473087,1,2,0.45,0.15,0.7410331660424789,0.014705882352941176,0.38348642040097897,1,0,0,0,0
1148631436,Filli Park,,leisure:park,park,41.1784121,28.8879399,20.388427316147506,0,3,0.45,0.15,0.753273700970078,0.0,0.3834821102910234,1,0,0,0,0
1186191832,Avcılar Sahil Parkı-1,,leisure:park,park,40.9707767,28.7279929,21.42549426225355,1,18,0.45,0.15,0.7407046710253486,0.014705882352941176,0.3833878718958399,1,0,0,0,0
552387088,Yakakent Site Parkı,,leisure:park,park,40.9204424,29.2193994,22.465577956388174,2,4,0.45,0.15,0.728099078738671,0.029411764705882353,0.3832826647980719,1,0,0,0,0
462641263,çocuk parkı,,leisure:park,park,41.0321663,29.2203596,20.473205892722476,0,2,0.45,0.15,0.7522462027245275,0.0,0.38317386081735827,1,0,0,0,0
1183800507,Ulusal Egemenlik Parkı,,leisure:park,park,40.971656,28.7145926,22.511868010098524,2,18,0.45,0.15,0.7275380531718904,0.029411764705882353,0.3831143571280377,1,0,0,0,0
1383969804,Aydos Kozalak Piknik Alanı,,leisure:park,park,40.9405914,29.2178632,21.463200244744552,3,4,0.45,0.1,0.7402476825688133,0.04411764705882353,0.3831037165353499,1,0,0,0,0
218997507,Paşa Eli Kent Parkı,,leisure:park,park,40.9857188,28.7359112,20.5035486666226,0,18,0.45,0.15,0.7518784547838677,0.0,0.38306353643516033,1,0,0,0,0
1023413397,Korugan 680,,historic:yes,historic,41.2664695,28.5047539,48.97014679478992,0,13,0.82,0.1,0.4068693638655233,0.0,0.38306080915965696,0,1,0,0,0
1411625613,Komşuluk Ve Dayanışma Meydanı,,leisure:park,park,40.910181,29.1703859,19.460044063345304,1,16,0.45,0.1,0.7645255077588973,0.014705882352941176,0.38303412291590444,1,0,0,0,0
257735444,Gül Parkı,,leisure:park,park,41.0657584,28.6831826,25.57451949305762,5,18,0.45,0.15,0.6904193711580426,0.07352941176470588,0.3830081642885893,1,0,0,0,0
764344228,248 Ada Parkı,,leisure:park,park,41.0671698,28.6836346,25.57734400945386,5,18,0.45,0.15,0.6903851386224314,0.07352941176470588,0.3829978945279059,1,0,0,0,0
820399252,Denizköşkler Spor Sahası Parkı,,leisure:park,park,40.9745636,28.7379182,20.527479137147314,0,18,0.45,0.15,0.7515884225909163,0.0,0.3829765267772749,1,0,0,0,0
9434859019,Korugan 29,,historic:yes,historic,41.3065035,28.5293046,50.13815413475452,1,13,0.82,0.1,0.39271336430657333,0.014705882352941176,0.38249047988020723,0,1,0,0,0
9434859020,Korugan 26,,historic:yes,historic,41.3040645,28.5260578,50.16456241459388,1,13,0.82,0.1,0.39239330159380825,0.014705882352941176,0.38239446106637776,0,1,0,0,0
6746010854,Çocuk Parkı,,leisure:park,park,41.2102317,29.020361,22.738337798366924,2,15,0.45,0.15,0.7247932876955534,0.029411764705882353,0.3822909274851366,1,0,0,0,0
6345489656,Tarihi Hamam,,historic:ruins,historic,41.1761776,29.6118871,56.27765495931962,7,7,0.82,0.1,0.3183039252637073,0.10294117647058823,0.3822264716967593,0,1,0,0,0
1309470653,Çocuk Parkı,,leisure:park,park,41.0133223,29.2496847,22.769608362060378,2,2,0.45,0.15,0.724414295140707,0.029411764705882353,0.3821772297186827,1,0,0,0,0
764344240,Funda Parkı,,leisure:park,park,41.0646332,28.6799607,25.805736914823207,5,18,0.45,0.15,0.687617065377469,0.07352941176470588,0.3821674725544172,1,0,0,0,0
737884983,Meşeli Park,,leisure:park,park,40.9744304,29.2218272,20.773292328761215,0,2,0.45,0.15,0.748609219196376,0.0,0.3820827657589128,1,0,0,0,0
525555087,Uğur Mumcu Parkı,,leisure:park,park,40.9860977,28.7080579,22.820802937739437,2,18,0.45,0.15,0.7237938278149149,0.029411764705882353,0.381991089520945,1,0,0,0,0
1375432563,Savcı Özgür Katip Kaya Parkı,,leisure:park,park,40.90833,29.2159159,22.828109577022946,2,4,0.45,0.15,0.7237052729069655,0.029411764705882353,0.38196452304856027,1,0,0,0,0
764249318,Yalçın Çiftçioğlu Parkı,,leisure:park,park,41.0653403,28.6915245,24.88590414477089,4,18,0.45,0.15,0.698765242141121,0.058823529411764705,0.3818354549952775,1,0,0,0,0
764227421,Defne Parkı,,leisure:park,park,41.0631719,28.689662,24.977259396585218,4,18,0.45,0.15,0.697658035995969,0.058823529411764705,0.3815032931517319,1,0,0,0,0
6746010855,Çocuk Parkı,,leisure:park,park,41.2119899,29.0234173,22.972150577834643,2,15,0.45,0.15,0.7219595267338097,0.029411764705882353,0.3814407991966135,1,0,0,0,0
718392641,Tuncel Kurtiz Parkı,,leisure:park,park,41.2119984,29.0233801,22.972571420159035,2,15,0.45,0.15,0.7219544262146993,0.029411764705882353,0.3814392690408804,1,0,0,0,0
1295380114,Ihlamur Koşu Parkı,,leisure:park,park,40.9856337,29.239059,22.018959767742498,1,2,0.45,0.15,0.733511995819893,0.014705882352941176,0.38123006933420317,1,0,0,0,0
1156136781,661. Sokak Parkı,,leisure:park,park,41.0386736,28.6824123,25.06058042121757,4,18,0.45,0.15,0.696648202968736,0.058823529411764705,0.381200343243562,1,0,0,0,0
552387092,Çiçek Parkı,,leisure:park,park,40.9187848,29.2260871,23.05180102807087,2,4,0.45,0.15,0.7209941802844899,0.029411764705882353,0.38115119526181757,1,0,0,0,0
1023044061,Korugan 31,,historic:yes,historic,41.3146662,28.5327898,50.52566367518257,1,13,0.82,0.1,0.3880168314204405,0.014705882352941176,0.3810815200143674,0,1,0,0,0
218502545,Kuğulu Park,,leisure:park,park,41.0056237,28.6431009,28.13678803073357,7,0,0.45,0.15,0.6593652235956213,0.10294117647058823,0.38104486119633346,1,0,0,0,0
1468050080,Kubilay Aytaç Parkı,,leisure:park,park,41.2482156,29.0374904,27.1435710196057,6,15,0.45,0.15,0.6714028016915721,0.08823529411764706,0.3809796640368834,1,0,0,0,0
906121841,Ihlamur Koşu Parkı,,leisure:park,park,40.9869032,29.2402361,22.101325152246847,1,2,0.45,0.15,0.7325137449469562,0.014705882352941176,0.38093059407232216,1,0,0,0,0
532946535,Rıza Çalımbay Çocuk ve Spor Parkı,,leisure:park,park,40.9617439,29.2346294,22.11930965695457,1,4,0.45,0.15,0.7322957765900808,0.014705882352941176,0.38086520356525955,1,0,0,0,0
218716754,75. Yıl Parkı,,leisure:park,park,41.0421205,28.6816952,25.174108491740174,4,18,0.45,0.15,0.6952722669953413,0.058823529411764705,0.38078756245154355,1,0,0,0,0
218509065,Eray Altın Korluğu 1,,leisure:park,park,41.0071547,28.654374,27.189324673896973,8,0,0.45,0.1,0.6708482771712148,0.11764705882352941,0.3806662478572468,1,0,0,0,0
1331301709,Başakşehir Çam ve Sakura Millet Bahçesi,,leisure:park,park,41.0951267,28.7819259,19.101287597572362,0,19,0.45,0.1,0.7688735595197758,0.0,0.3806620678559327,1,0,0,0,0
1468050075,Ethem Paşa Seymen Parkı,,leisure:park,park,41.2488154,29.0392582,27.236467406691872,6,15,0.45,0.15,0.6702769173159998,0.08823529411764706,0.3806418987242117,1,0,0,0,0
9434859024,Korugan 32,,historic:yes,historic,41.3180905,28.5340275,50.70647600217423,1,13,0.82,0.1,0.3858254246256646,0.014705882352941176,0.3804240979759346,0,1,0,0,0
686626356,Keklik Sokağı Parkı,,leisure:park,park,41.0263181,29.2303592,21.234654784932733,0,2,0.45,0.15,0.743017604741044,0.0,0.38040528142231317,1,0,0,0,0
993166526,Kıvırcık Ali Parkı,,leisure:park,park,40.8994838,29.2291816,24.283188216227117,3,4,0.45,0.15,0.7060700304987835,0.04411764705882353,0.38035042091434096,1,0,0,0,0
218506077,Barış Parkı,,leisure:park,park,41.0007684,28.6527908,27.33573977124897,6,0,0.45,0.15,0.669073757454925,0.08823529411764706,0.3802809507658893,1,0,0,0,0
660296476,Trafo alanı,,leisure:park,park,41.003674,28.6524743,27.353832560219182,8,0,0.45,0.1,0.6688544767159099,0.11764705882352941,0.38006810772065536,1,0,0,0,0
683306297,Yeşilbağlar Muhtarlık Yanı Parkı,,leisure:park,park,40.8941054,29.2263374,24.3828212738315,3,4,0.45,0.15,0.7048624991149933,0.04411764705882353,0.3799881614992039,1,0,0,0,0
1486539247,Park Of İstanbul,,leisure:park,park,41.0528455,29.2507133,23.375174191616306,2,2,0.45,0.15,0.7170749665913088,0.029411764705882353,0.3799754311538632,1,0,0,0,0
727414064,Atatürk Parkı,,leisure:park,park,40.8943856,29.2126373,23.391020433416916,2,4,0.45,0.15,0.7168829135242902,0.029411764705882353,0.3799178152337576,1,0,0,0,0
738863870,Başakşehir Spor Parkı,,leisure:park,park,41.1241945,28.7751066,21.373587824400527,0,19,0.45,0.15,0.7413337659686872,0.0,0.37990012979060617,1,0,0,0,0
678449192,Orkide Parkı,,leisure:park,park,40.9108331,29.2263379,23.466530149727436,2,4,0.45,0.15,0.7159677518859904,0.029411764705882353,0.3796432667422677,1,0,0,0,0
480839362,Cemal Güngör Parkı,,leisure:park,park,41.0347415,29.2317643,21.459307179610494,0,2,0.45,0.15,0.7402948656869625,0.0,0.37958845970608873,1,0,0,0,0
274515889,Bahriye Üçok Parkı,,leisure:park,park,41.1973428,29.029281,21.45949350251197,0,15,0.45,0.15,0.7402926074931816,0.0,0.3795877822479545,1,0,0,0,0
727714135,Şehit Mustafa Piroğlu Parkı,,leisure:park,park,40.8928478,29.2127102,23.4892976018099,2,4,0.45,0.15,0.7156918152282229,0.029411764705882353,0.37956048574493745,1,0,0,0,0
544276744,Volkan Parkı,,leisure:park,park,41.0217019,29.2338467,21.484734786153147,0,2,0.45,0.15,0.7399866885251529,0.0,0.3794960065575459,1,0,0,0,0
1129495540,Begonya Parkı,,leisure:park,park,41.0030927,28.6979382,23.54117666294145,2,18,0.45,0.15,0.7150630520849028,0.029411764705882353,0.37937185680194146,1,0,0,0,0
13098644668,Esenyurt Belediyesi Sardunya Parkı,,leisure:park,park,41.0036325,28.6971041,23.60968383265528,2,18,0.45,0.15,0.7142327598161203,0.029411764705882353,0.37912276912130666,1,0,0,0,0
12149919696,Mısırlı Hatice Hanım Çeşmesi,,historic:fountain,historic,41.1761619,29.6101176,56.137219776924674,6,7,0.82,0.1,0.32000596968759265,0.08823529411764706,0.3790606144356895,0,1,0,0,0
1468067558,Kum Zambakları Parkı,,leisure:park,park,41.2445631,29.0328017,26.674482466664802,5,15,0.45,0.15,0.6770880547900167,0.07352941176470588,0.3790087693781815,1,0,0,0,0
1317437752,Altınşehir Millet Bahçesi,,leisure:park,park,41.0671106,28.7583536,19.58376758130471,0,18,0.45,0.1,0.7630260051395745,0.0,0.37890780154187237,1,0,0,0,0
764227420,Turgut Özal Parkı,,leisure:park,park,41.0611117,28.6922837,24.70892747884931,3,18,0.45,0.15,0.7009101615427458,0.04411764705882353,0.3788024602275296,1,0,0,0,0
564292131,Kartal Özgürlük Parkı,,leisure:park,park,40.8872164,29.1807715,21.67619019077185,0,4,0.45,0.15,0.7376662899021246,0.0,0.37879988697063743,1,0,0,0,0
1153470407,Şht. J. Er Erdoğan Akçıkrık Parkı,,leisure:park,park,40.9815749,28.7093367,22.774780238620593,1,18,0.45,0.15,0.7243516131011338,0.014705882352941176,0.3784819545185754,1,0,0,0,0
1154810040,Yonca Parkı,,leisure:park,park,41.0378312,28.6854003,24.79977933974179,3,18,0.45,0.15,0.699809056388079,0.04411764705882353,0.3784721286811296,1,0,0,0,0
1381658749,Ahmet Keleşoğlu Parkı,,leisure:park,park,40.8913981,29.2301759,24.81527737311073,3,4,0.45,0.15,0.6996212235329002,0.04411764705882353,0.378415778824576,1,0,0,0,0
740935202,Kayaşehir Bölge Parkı,,leisure:park,park,41.1096309,28.7554193,21.834370586571037,0,19,0.45,0.15,0.7357491772808669,0.0,0.3782247531842601,1,0,0,0,0
218502661,Atrium Parkı,,leisure:park,park,41.0068247,28.6453647,27.945535615868085,6,0,0.45,0.15,0.6616831620261845,0.08823529411764706,0.3780637721372671,1,0,0,0,0
1023413415,Korugan 16,,historic:yes,historic,41.2916053,28.5092492,50.35975678647519,0,13,0.82,0.1,0.3900275874859286,0.0,0.37800827624577854,0,1,0,0,0
562580002,Gelincik Parkı,,leisure:park,park,40.9013595,29.1975802,21.907211363025105,0,4,0.45,0.15,0.7348663626237358,0.0,0.37795990878712077,1,0,0,0,0
1154774124,659. Sokak Parkı,,leisure:park,park,41.0371669,28.6834937,24.94879598691865,3,18,0.45,0.15,0.6980030064434135,0.04411764705882353,0.37793031369773,1,0,0,0,0
218505568,Mehmet Akif Ersoy Koruluğu,,leisure:park,park,41.0088063,28.645329,27.947773853864398,8,0,0.45,0.1,0.6616560350595941,0.11764705882352941,0.37790857522376065,1,0,0,0,0
218502848,Barış Manço Parkı,,leisure:park,park,41.0119447,28.6448095,27.99371361587468,6,0,0.45,0.15,0.6610992549534216,0.08823529411764706,0.3778886000154382,1,0,0,0,0
218997956,İBB Sosyal Tesisler Bahçesi,,leisure:park,park,40.9765061,28.7444148,19.95202111741033,0,18,0.45,0.1,0.7585628509141473,0.0,0.3775688552742442,1,0,0,0,0
274567156,Aygaz Parkı,,leisure:park,park,41.2044996,29.0133401,22.02298315807467,0,15,0.45,0.15,0.7334632331881707,0.0,0.37753896995645125,1,0,0,0,0
792108495,Kayaşehir Millet Bahçesi,,leisure:park,park,41.1074284,28.7652741,21.00173877674543,1,19,0.45,0.1,0.7458404970263541,0.014705882352941176,0.3774286196961415,1,0,0,0,0
1023044064,Korugan 475,,historic:yes,historic,41.36839,28.5909158,51.53108381715688,1,13,0.82,0.1,0.375831353984332,0.014705882352941176,0.37742587678353484,0,1,0,0,0
1023044063,Korugan 476,,historic:yes,historic,41.3678576,28.5898979,51.53885437823183,1,13,0.82,0.1,0.3757371764433304,0.014705882352941176,0.3773976235212344,0,1,0,0,0
218509020,Eray Altın Korluğu 2,,leisure:park,park,41.0067802,28.6554381,27.100324390399926,7,18,0.45,0.1,0.6719269416032113,0.10294117647058823,0.37731337659861053,1,0,0,0,0
820400484,Pelikan Çocuk Parkı,,leisure:park,park,40.9911805,28.716149,22.08941431214374,0,18,0.45,0.15,0.7326581017857167,0.0,0.377297430535715,1,0,0,0,0
256959646,Şerife Bacı Deprem Parkı,,leisure:park,park,40.890665,29.2619104,27.161417932599374,5,4,0.45,0.15,0.6711865009168914,0.07352941176470588,0.37723830321624385,1,0,0,0,0
727375614,Şehit İbrahim Doğan Parkı,,leisure:park,park,40.8985088,29.2128431,23.160342847337162,1,4,0.45,0.15,0.7196786766116211,0.014705882352941176,0.37708007357172163,1,0,0,0,0
660087336,Dragos Botanik Parkı,,leisure:park,park,40.8908079,29.2080355,23.28802276227197,1,4,0.45,0.15,0.7181312233057551,0.014705882352941176,0.3766158375799618,1,0,0,0,0
1160645110,Karanfil Parkı,,leisure:park,park,41.0434319,28.6793459,25.390821626241824,3,18,0.45,0.15,0.6926457500793457,0.04411764705882353,0.3763231367885096,1,0,0,0,0
478658932,Tacettin Özgüder Parkı,,leisure:park,park,40.9009237,29.2453896,25.396868986368002,3,4,0.45,0.15,0.6925724573658927,0.04411764705882353,0.37630114897447375,1,0,0,0,0
547669699,Botaş Parkı,,leisure:park,park,40.8887354,29.2648535,27.481732595624223,5,4,0.45,0.15,0.6673043555969465,0.07352941176470588,0.3760736596202604,1,0,0,0,0
692372905,Olimpiyat Parkı,,leisure:park,park,40.9016279,29.2476002,25.524352776835883,3,4,0.45,0.15,0.691027381046688,0.04411764705882353,0.3758376260787123,1,0,0,0,0
907783097,Emin Batmazoğlu Parkı,,leisure:park,park,41.03589,28.6872341,24.619744688562196,2,18,0.45,0.15,0.7019910379180677,0.029411764705882353,0.3754502525518909,1,0,0,0,0
547921293,Mevlana Parkı,,leisure:park,park,40.8998985,29.2483186,25.667722526861443,3,4,0.45,0.15,0.6892897702897298,0.04411764705882353,0.37531634285162485,1,0,0,0,0
741167317,Kayaşehir Millet Bahçesi,,leisure:park,park,41.1001856,28.7652224,20.594647439535443,0,19,0.45,0.1,0.7507743571082366,0.0,0.375232307132471,1,0,0,0,0
218714565,Sultan Süleyman Parkı,,leisure:park,park,41.001547,28.6721491,25.709305297090292,3,18,0.45,0.15,0.6887857959936117,0.04411764705882353,0.37516515056278943,1,0,0,0,0
218505831,Mehmet Akif Ersoy Koruluğu,,leisure:park,park,41.0086659,28.6483251,27.696370701683225,7,0,0.45,0.1,0.6647029875826006,0.10294117647058823,0.37514619039242725,1,0,0,0,0
1383598431,Beşir Sancak Sağlıklı Yaşam ve Spor Parkı,,leisure:park,park,40.8925565,29.2297012,24.713892986010826,2,4,0.45,0.15,0.7008499806562194,0.029411764705882353,0.37510793537333637,1,0,0,0,0
97450386,Bahçeşehir Doğa Parkı,,leisure:park,park,41.0670298,28.6937855,24.751289970101325,2,18,0.45,0.15,0.7003967371943185,0.029411764705882353,0.3749719623347661,1,0,0,0,0
727039929,Kültür Parkı,,leisure:park,park,40.8895577,29.1988464,22.73357756119262,0,4,0.45,0.15,0.7248509807536656,0.0,0.3749552942260997,1,0,0,0,0
1338911974,Keloğlan Çocuk Parkı,,leisure:park,park,40.9636405,29.2427627,22.736491934571646,0,4,0.45,0.15,0.72481565917061,0.0,0.37494469775118305,1,0,0,0,0
1023044062,Korugan 477,,historic:yes,historic,41.3613041,28.5854354,51.21548823143395,0,13,0.82,0.1,0.37965630509502946,0.0,0.3748968915285088,0,1,0,0,0
218714575,Karabekir Parkı,,leisure:park,park,41.0017008,28.6708079,25.821289489950473,3,18,0.45,0.15,0.6874285714878254,0.04411764705882353,0.3747579832110536,1,0,0,0,0
314702269,Şamlar Parkı,,leisure:park,park,41.1253697,28.7552762,22.795708739395078,0,19,0.45,0.15,0.7240979641405527,0.0,0.37472938924216587,1,0,0,0,0
1382110462,Şehit İbrahim Ateş Parkı,,leisure:park,park,40.9056132,29.2546526,25.851144683492908,3,4,0.45,0.15,0.6870667329169893,0.04411764705882353,0.3746494316398027,1,0,0,0,0
204587443,Şelale Parkı,,leisure:park,park,41.0703319,28.6813747,25.851756054549274,3,18,0.45,0.15,0.6870593232303305,0.04411764705882353,0.3746472087338051,1,0,0,0,0
226425679,Yurt Parkı,,leisure:park,park,41.0324737,29.2611729,23.876019450472754,1,2,0.45,0.15,0.7110048289980905,0.014705882352941176,0.37447791928766244,1,0,0,0,0
230063839,Kartal Sahil Parkı,,leisure:park,park,40.8848471,29.196231,22.865888332762893,0,4,0.45,0.15,0.723247402454192,0.0,0.37447422073625763,1,0,0,0,0
1164954114,Şehit J. Komando Çavuş Ali Bolcay Parkı,,leisure:park,park,41.0167669,28.7058954,22.884078298012223,0,18,0.45,0.15,0.7230269439594237,0.0,0.3744080831878271,1,0,0,0,0
1468127814,Uskumruköy Parkı,,leisure:park,park,41.2193508,29.0319591,23.903816897163896,1,15,0.45,0.15,0.7106679298797067,0.014705882352941176,0.3743768495521473,1,0,0,0,0
1468127812,Sarıyer Organik Yaşam Parkı,,leisure:park,park,41.2195037,29.0330103,23.937190571825152,1,15,0.45,0.15,0.7102634480690021,0.014705882352941176,0.37425550500893595,1,0,0,0,0
967887165,Takdir Sokak Yanı Parkı,,leisure:park,park,40.9072494,29.2302388,23.94236063421761,1,4,0.45,0.15,0.7102007880167548,0.014705882352941176,0.3742367069932618,1,0,0,0,0
541679508,B.Hayrettin Parkı,,leisure:park,park,40.9074417,29.2573594,25.9666506279454,3,4,0.45,0.15,0.6856668255338942,0.04411764705882353,0.3742294594248742,1,0,0,0,0
485212650,Velibaba Parkı,,leisure:park,park,40.9065497,29.2569206,25.976561052350267,3,4,0.45,0.15,0.6855467133062532,0.04411764705882353,0.3741934257565819,1,0,0,0,0
792165051,Başakşehir Millet Bahçesi,,leisure:park,park,41.1196104,28.7774494,20.91182810692621,0,19,0.45,0.1,0.7469301951461831,0.0,0.3740790585438549,1,0,0,0,0
676661204,Şehit Ayhan Abbas Çatalçam Parkı,,leisure:park,park,40.9068854,29.2306462,23.991614497602306,1,4,0.45,0.15,0.7096038417095754,0.014705882352941176,0.3740576231011079,1,0,0,0,0
356926158,Milli Egemenlik Parkı,,leisure:park,park,41.0341058,28.7065882,22.98433746275037,0,18,0.45,0.15,0.7218118242908633,0.0,0.374043547287259,1,0,0,0,0
1389151889,Şehit Hasan Kapan Parkı,,leisure:park,park,40.8961587,29.2226424,23.99877583460053,1,4,0.45,0.15,0.7095170478342976,0.014705882352941176,0.37403158493852456,1,0,0,0,0
683651590,Ahmet Erişen Parkı,,leisure:park,park,40.8753512,29.2337371,26.041896458462947,3,4,0.45,0.15,0.6847548621350585,0.04411764705882353,0.3739558704052235,1,0,0,0,0
991781492,Bahtiyar Konuksan Parkı,,leisure:park,park,40.9047993,29.2437919,25.077435911373914,2,4,0.45,0.15,0.696443918027148,0.029411764705882353,0.37378611658461497,1,0,0,0,0
683338048,Tahtakale Gençlik Parkı,,leisure:park,park,41.0655586,28.7142187,23.057346489207088,0,18,0.45,0.15,0.7209269704796262,0.0,0.3737780911438879,1,0,0,0,0
684830579,Kuzey Sokak Parkı,,leisure:park,park,40.8881396,29.2592845,27.10589232642284,4,4,0.45,0.15,0.6718594594075198,0.058823529411764705,0.3737637201751971,1,0,0,0,0
1165191097,111 Ada Parkı,,leisure:park,park,41.0222428,28.7041101,23.065994532921085,0,18,0.45,0.15,0.7208221580364058,0.0,0.37374664741092173,1,0,0,0,0
764344229,Funda Belediye Parkı,,leisure:park,park,41.065334,28.6765414,26.102736130926033,3,18,0.45,0.15,0.6840174982957352,0.04411764705882353,0.37373466125342647,1,0,0,0,0
1225825727,Aydos Millet Bahçesi,,leisure:park,park,40.9581984,29.2328421,22.070025599362104,1,4,0.45,0.1,0.7328930888446111,0.014705882352941176,0.37354439724161864,1,0,0,0,0
685372771,Tenzile Erdoğan Parkı 2,,leisure:park,park,40.8921723,29.2638768,27.226243732118405,4,4,0.45,0.15,0.6704008260687968,0.058823529411764705,0.37332613017358024,1,0,0,0,0
218505071,Fatih Sultan Mehmet Koruluğu,,leisure:park,park,41.0092954,28.6422507,28.206147955586815,7,0,0.45,0.1,0.6585245961166355,0.10294117647058823,0.37329267295263774,1,0,0,0,0
685372770,Tenzile Erdoğan Parkı 1,,leisure:park,park,40.8919099,29.2641768,27.26230208062936,4,4,0.45,0.15,0.6699638065842849,0.058823529411764705,0.3731950243282267,1,0,0,0,0
198280202,Bahçeşehir Atatürk Parkı,,leisure:park,park,41.0620431,28.685329,25.300000545096477,2,18,0.45,0.15,0.6937464821900496,0.029411764705882353,0.3729768858334855,1,0,0,0,0
218461073,Gaziler Parkı II.Kısım,,leisure:park,park,41.0258889,28.6655589,26.32041464761422,3,18,0.45,0.15,0.6813792811537742,0.04411764705882353,0.37294319611083815,1,0,0,0,0
571661735,Sefa Tepesi,,leisure:park,park,41.0126196,29.2556773,23.270613430171508,2,2,0.45,0.1,0.7183422206934456,0.029411764705882353,0.37285560738450424,1,0,0,0,0
764249334,Badem Parkı,,leisure:park,park,41.0621707,28.6966742,24.37995521610032,1,18,0.45,0.15,0.7048972351227136,0.014705882352941176,0.3726456411250494,1,0,0,0,0
487484996,İnceğiz Mağaraları,,historic:archaeological_site,historic,41.1814832,28.4038104,51.86215763490829,0,9,0.82,0.1,0.3718188100064741,0.0,0.3725456430019422,0,1,0,0,0
718392637,Doruk Parkı,,leisure:park,park,41.215454,29.028067,23.418251146403048,0,15,0.45,0.15,0.7165528830973982,0.0,0.37246586492921946,1,0,0,0,0
993166537,Yıldıray Çınar Parkı,,leisure:park,park,40.8997721,29.2317811,24.45689881167123,1,4,0.45,0.15,0.7039646951739503,0.014705882352941176,0.3723658791404204,1,0,0,0,0
1156136783,Esenyurt Belediyesi Yenikent Kültür Merkezi,,leisure:park,park,41.0396658,28.6779888,25.443058427435844,4,18,0.45,0.1,0.6920126512028558,0.058823529411764705,0.3723096777137979,1,0,0,0,0
218505936,Enver Adakan Parkı,,leisure:park,park,41.0024543,28.6500464,27.560594312123897,4,0,0.45,0.15,0.6663485684320976,0.058823529411764705,0.3721104528825705,1,0,0,0,0
1023413424,Korugan 474,,historic:yes,historic,41.3741845,28.5724273,53.010359028726775,1,13,0.82,0.1,0.35790285428570556,0.014705882352941176,0.3720473268739469,0,1,0,0,0
1023413425,Korugan 473,,historic:yes,historic,41.3751305,28.5739314,53.01055920239612,1,13,0.82,0.1,0.3579004282235756,0.014705882352941176,0.37204659905530796,0,1,0,0,0
218714577,Millî Egemenlik Parkı,,leisure:park,park,41.0002537,28.673949,25.563149217516724,2,18,0.45,0.15,0.6905571764697344,0.029411764705882353,0.3720200941173909,1,0,0,0,0
1165210652,Çiğdem Parkı,,leisure:park,park,41.0158046,28.6975683,23.5782595803496,0,18,0.45,0.15,0.7146136150441302,0.0,0.3718840845132391,1,0,0,0,0
1160647479,Sarmaşık Parkı,,leisure:park,park,41.0441651,28.6769565,25.601349159568475,2,18,0.45,0.15,0.6900942013287965,0.029411764705882353,0.37188120157510957,1,0,0,0,0
218455802,Ihlamur Parkı,,leisure:park,park,41.0172632,28.6493517,27.626767085810965,4,0,0.45,0.15,0.6655465685447022,0.058823529411764705,0.3718698529163519,1,0,0,0,0
492215848,Botaş Parkı,,leisure:park,park,40.8891333,29.2671184,27.627111366000932,4,11,0.45,0.15,0.665542395942313,0.058823529411764705,0.37186860113563514,1,0,0,0,0
218508348,Şener Şen Parkı,,leisure:park,park,40.9976184,28.6494695,27.627676835939493,4,0,0.45,0.15,0.6655355425674009,0.058823529411764705,0.3718665451231615,1,0,0,0,0
1167194367,Esenyurt Anaokulu Çocuk Parkı,,leisure:park,park,41.0392226,28.6752597,25.66325926815347,2,18,0.45,0.15,0.689343864032243,0.029411764705882353,0.3716561003861435,1,0,0,0,0
403797760,Gazi parkı,,leisure:park,park,40.9930604,29.2604044,23.725370771139605,0,2,0.45,0.15,0.7128306588240068,0.0,0.37134919764720203,1,0,0,0,0
1144495946,Mehmet Ali Aybar Parkı,,leisure:park,park,41.0242789,28.6964059,23.72655909742384,0,18,0.45,0.15,0.7128162565631818,0.0,0.3713448769689546,1,0,0,0,0
219009930,Osmanlı Parkı,,leisure:park,park,41.0367818,28.6733992,25.783539096957462,2,18,0.45,0.15,0.6878860981901623,0.029411764705882353,0.3712187706335193,1,0,0,0,0
529036126,Torapk Dede Hayrettin Karaca Parkı,,leisure:park,park,40.8735673,29.2290935,25.836297575529134,2,4,0.45,0.15,0.6872466766952476,0.029411764705882353,0.37102694418504484,1,0,0,0,0
875757607,Mahmut Ş.Paşa Köyü Parkı,,leisure:park,park,41.1534227,29.187795,23.849353546555854,0,15,0.45,0.15,0.7113280140596656,0.0,0.3708984042178997,1,0,0,0,0
283593747,Şehit Serhat Yurttaş Parkı,,leisure:park,park,40.8729118,29.229285,25.891774786285193,2,4,0.45,0.15,0.6865743047467817,0.029411764705882353,0.3708252326005051,1,0,0,0,0
682060230,Şehit Orgeneral Eşref Bitlis Parkı,,leisure:park,park,40.8777682,29.2341323,25.917569271801035,2,4,0.45,0.15,0.6862616810901558,0.029411764705882353,0.37073144550351733,1,0,0,0,0
218508840,Vali Recep Yazıcıoğlu Koruluğu,,leisure:park,park,41.0059294,28.6576382,26.91661137265398,5,18,0.45,0.1,0.6741535041505526,0.07352941176470588,0.3706284041863423,1,0,0,0,0
1386532609,Şehit Saffet Odaman Parkı,,leisure:park,park,40.911583,29.2862907,27.997183571938436,4,11,0.45,0.15,0.6610571998268591,0.058823529411764705,0.3705230423009989,1,0,0,0,0
1167188176,Hüseyin Gürocak Parkı,,leisure:park,park,41.0343221,28.6707163,25.97538321179687,2,18,0.45,0.15,0.6855609884822592,0.029411764705882353,0.37052123772114837,1,0,0,0,0
218489510,Yürüyüş Parkı,,leisure:park,park,41.0171,28.6550152,27.151266748450205,3,18,0.45,0.15,0.6713095311012247,0.04411764705882353,0.36992227109507336,1,0,0,0,0
1383352495,Şehit Mesut Acu Parkı,,leisure:park,park,40.8875495,29.2315643,25.140969348005513,1,4,0.45,0.15,0.6956739063412944,0.014705882352941176,0.36987864249062363,1,0,0,0,0
10053367424,Fatih Parkı,,leisure:park,park,41.0301672,28.6796621,25.181521496806926,1,18,0.45,0.15,0.6951824229568109,0.014705882352941176,0.36973119747527855,1,0,0,0,0
218587458,Recep Tayyip Erdoğan Parkı,,leisure:park,park,41.0170548,28.6893447,24.272837737518568,0,18,0.45,0.15,0.7061954760906215,0.0,0.3693586428271865,1,0,0,0,0
892985342,Poyraz Köyü Atatürk Parkı,,leisure:park,park,41.2041266,29.1319261,25.300053122853367,1,15,0.45,0.15,0.6937458449588628,0.014705882352941176,0.3693002240758942,1,0,0,0,0
875757840,Kaynarca Köyü Parkı,,leisure:park,park,41.1800095,29.1590377,24.374551483714285,0,15,0.45,0.15,0.7049627272053882,0.0,0.3689888181616165,1,0,0,0,0
547742951,Bosna Parkı,,leisure:park,park,40.8877408,29.2210618,24.38781226508293,0,4,0.45,0.15,0.7048020093667388,0.0,0.36894060281002167,1,0,0,0,0
679049499,Muhsin Yazıcıoğlu Caddesi Parkı,,leisure:park,park,40.8825578,29.2597281,27.449825527260863,3,4,0.45,0.15,0.6676910624524811,0.04411764705882353,0.3688367305004503,1,0,0,0,0
493669316,Mehmet Akif Ersoy  Parkı,,leisure:park,park,41.0293046,28.6883189,24.449547713755642,0,18,0.45,0.15,0.7040537889110274,0.0,0.3687161366733082,1,0,0,0,0
540618045,Muhsin Yazıcıoğlu Parkı 2-3 No'lu,,leisure:park,park,40.8801079,29.2150704,24.454263664080557,0,4,0.45,0.15,0.7039966326000735,0.0,0.3686989897800221,1,0,0,0,0
457891138,Hatice hatun kız kuran kursu,,leisure:park,park,41.0019599,29.2451813,22.39730089841763,0,2,0.45,0.1,0.72892658210226,0.0,0.36867797463067803,1,0,0,0,0
875125304,Botaş Parkı (Pendik),,leisure:park,park,40.8814143,29.2595422,27.501526067465978,3,4,0.45,0.15,0.6670644629446705,0.04411764705882353,0.3686487506481071,1,0,0,0,0
677429141,Vildan Sokak Parkı,,leisure:park,park,40.9151162,29.2821577,27.52626867042892,3,11,0.45,0.15,0.66676458787998,0.04411764705882353,0.3685587881286999,1,0,0,0,0
218479003,Beylikdüzü Belediye Çamlığı,,leisure:park,park,41.010357,28.6505383,27.511307116451935,5,0,0.45,0.1,0.6669459187194813,0.07352941176470588,0.3684661285570208,1,0,0,0,0
541679469,Kaynarca Bölge Parkı,,leisure:park,park,40.8845065,29.2626957,27.55556828301616,3,4,0.45,0.15,0.6664094828316891,0.04411764705882353,0.36845225661421266,1,0,0,0,0
677429142,Tenvir Sokak Parkı,,leisure:park,park,40.9133015,29.2817207,27.56919728138862,3,11,0.45,0.15,0.6662443022815776,0.04411764705882353,0.36840270244917916,1,0,0,0,0
683365277,Şehit Mustafa Erdoğan Parkı,,leisure:park,park,40.8816664,29.2327724,25.58152245167832,1,4,0.45,0.15,0.6903344967948823,0.014705882352941176,0.3682768196267,1,0,0,0,0
677429144,Sülüntepe Parkı,,leisure:park,park,40.9118633,29.2815371,27.616847628422764,3,11,0.45,0.15,0.6656667902501725,0.04411764705882353,0.36822944883975767,1,0,0,0,0
1157417943,Defne Parkı,,leisure:park,park,41.042574,28.6883719,24.628172872375828,0,18,0.45,0.15,0.7018888901298936,0.0,0.3680666670389681,1,0,0,0,0
894874007,Poyraz Köyü Parkı,,leisure:park,park,41.2062627,29.1367082,25.709160769897597,1,15,0.45,0.15,0.6887875476323266,0.014705882352941176,0.36781273487793326,1,0,0,0,0
226420385,QUAD,,leisure:park,park,41.0312299,29.2587126,23.6557991910768,1,2,0.45,0.1,0.7136738515189383,0.014705882352941176,0.36777862604391676,1,0,0,0,0
764388598,Balaban Deresi Çıkmazı Parkı,,leisure:park,park,41.0715596,28.6955898,24.74326639908029,0,18,0.45,0.15,0.7004939811618422,0.0,0.3676481943485527,1,0,0,0,0
532891539,ersin sokak parkı,,leisure:park,park,40.9942259,29.2728168,24.7558025350134,0,2,0.45,0.15,0.7003420458711399,0.0,0.367602613761342,1,0,0,0,0
1346018948,Atmaca Parkı,,leisure:park,park,40.9894455,28.6118802,30.829477982818524,6,0,0.45,0.15,0.6267303963390916,0.08823529411764706,0.3675779424311392,1,0,0,0,0
692372895,Ethem Sıra Kaptan Parkı,,leisure:park,park,40.9016417,29.2379038,24.80530047330234,0,4,0.45,0.15,0.6997421414282377,0.0,0.3674226424284713,1,0,0,0,0
12306783601,Çekmeköy Belediyesi Reşadiye Mesire Alanı,,leisure:park,park,41.0655818,29.2391712,22.783347487513566,0,2,0.45,0.1,0.7242477798738923,0.0,0.3672743339621677,1,0,0,0,0
1227964247,Nişantepe Spor Tesisleri Parkı,,leisure:park,park,41.0416146,29.2717157,24.88468199514355,0,2,0.45,0.15,0.698780054333642,0.0,0.3671340163000926,1,0,0,0,0
493669318,Nazım Hikmet Parkı,,leisure:park,park,41.025685,28.6825826,24.894637342028503,0,18,0.45,0.15,0.6986593976551345,0.0,0.36709781929654034,1,0,0,0,0
218714453,Yakuplu Kent Ormanı,,leisure:park,park,41.0043814,28.6688178,25.981112406060245,3,18,0.45,0.1,0.6854915518711264,0.04411764705882353,0.36667687732604387,1,0,0,0,0
219010069,Bilal Yazkurt Parkı,,leisure:park,park,41.0323631,28.6697835,26.030146449092996,1,18,0.45,0.15,0.6848972697396749,0.014705882352941176,0.3666456515101378,1,0,0,0,0
540605152,100.Yıl Parkı,,leisure:park,park,40.877386,29.2210075,25.036276214920953,0,4,0.45,0.15,0.6969427647594402,0.0,0.3665828294278321,1,0,0,0,0
1385447986,Şehit Engin Ergül Parkı,,leisure:park,park,40.9168909,29.2905296,28.106681105907526,3,11,0.45,0.15,0.6597301130958634,0.04411764705882353,0.3664484456934649,1,0,0,0,0
1377986677,Şehit Selçuk Paker Parkı,,leisure:park,park,40.8967969,29.2517476,26.08485733522354,1,4,0.45,0.15,0.684234185482039,0.014705882352941176,0.36644672623284696,1,0,0,0,0
682713943,Rahmet Tepesi,,leisure:park,park,40.9046188,29.2575775,26.120507873599397,3,4,0.45,0.1,0.6838021085692858,0.04411764705882353,0.36617004433549166,1,0,0,0,0
218506146,Enver Adakan Parkı,,leisure:park,park,40.9991483,28.6547488,27.17792026958777,2,0,0.45,0.15,0.670986496116291,0.029411764705882353,0.3661488900113579,1,0,0,0,0
218714631,Dostluk Parkı,,leisure:park,park,41.005229,28.6660739,26.209801746197957,1,18,0.45,0.15,0.6827198859000683,0.014705882352941176,0.3659924363582558,1,0,0,0,0
765164088,Mesa Nurol Parkı,,leisure:park,park,41.077996,28.6917469,25.26188116499405,0,18,0.45,0.15,0.6942084809373636,0.0,0.3657625442812091,1,0,0,0,0
677458274,100.Yıl Çanakkale Parkı,,leisure:park,park,40.9078895,29.2889376,28.36222172887077,3,11,0.45,0.15,0.6566330153104409,0.04411764705882353,0.3655193163578382,1,0,0,0,0
11075394008,Akevler Mahallesi 1062. Sokak Parkı,,leisure:park,park,41.0218272,28.676951,25.337172540827524,0,18,0.45,0.15,0.6932959655390241,0.0,0.3654887896617072,1,0,0,0,0
677458281,Şehit S.Yüksel Parkı,,leisure:park,park,40.9079643,29.2892629,28.384058510483985,3,11,0.45,0.15,0.6563683581800372,0.04411764705882353,0.3654399192187171,1,0,0,0,0
218489076,Yunus Balta Parkı,,leisure:park,park,41.0152993,28.6517869,27.41583350196714,2,0,0.45,0.15,0.6681030385408167,0.029411764705882353,0.3652838527387156,1,0,0,0,0
218507593,Bizimkent Atatürk Koruluğu,,leisure:park,park,41.0107972,28.6390679,28.47408965204146,5,0,0.45,0.1,0.6552771999684647,0.07352941176470588,0.3649655129317159,1,0,0,0,0
1395319500,Meşeli parkı,,leisure:park,park,40.9162173,29.295584,28.529734071105132,3,11,0.45,0.15,0.654602801491014,0.04411764705882353,0.3649102522120101,1,0,0,0,0
218596527,Nazım Hikmet Yıldızhan Parkı,,leisure:park,park,40.99046,28.6150477,30.556547628106838,5,0,0.45,0.15,0.6300382539601231,0.07352941176470588,0.3648938291292134,1,0,0,0,0
218596761,Nigar Şahin Parkı,,leisure:park,park,40.9947755,28.6506063,27.54828019154773,2,0,0.45,0.15,0.6664978129440802,0.029411764705882353,0.36480228505969464,1,0,0,0,0
1378135441,Şehit Tacettin Akyüz Parkı,,leisure:park,park,40.8941361,29.2429935,25.586027790454747,0,4,0.45,0.15,0.6902798930509249,0.0,0.3645839679152775,1,0,0,0,0
218596673,Yaşar Acar Parkı,,leisure:park,park,40.9935208,28.6488974,27.699611801837268,2,0,0.45,0.15,0.664663706140797,0.029411764705882353,0.36425205301870967,1,0,0,0,0
510163879,Festival Park,,leisure:park,park,41.0565787,28.6659165,26.757051903083855,1,18,0.45,0.15,0.6760873308514443,0.014705882352941176,0.36400266984366864,1,0,0,0,0
1382110858,Şehit Mehmet Kaya Parkı,,leisure:park,park,40.9194355,29.2617639,25.758955053505296,0,4,0.45,0.15,0.6881840515474389,0.0,0.36395521546423165,1,0,0,0,0
218458576,Şehitler Parkı,,leisure:park,park,41.0172475,28.6715048,25.769302496756165,0,18,0.45,0.15,0.6880586427446997,0.0,0.3639175928234099,1,0,0,0,0
643467902,Şile Kalesi,Şile Castle,historic:castle,historic,41.1815938,29.6091743,56.26471880763737,2,7,0.82,0.1,0.31846070865987497,0.029411764705882353,0.36389115377443304,0,1,0,0,0
674607123,Molla Gürani Parkı,,leisure:park,park,40.9167725,29.2866435,27.807490912198038,2,11,0.45,0.15,0.6633562343583566,0.029411764705882353,0.36385981148397756,1,0,0,0,0
1383724860,Şehit Savcı Mehmet Selim Kiraz Parkı,,leisure:park,park,40.9135514,29.2588505,25.79410998820679,0,4,0.45,0.15,0.687757981245394,0.0,0.3638273943736182,1,0,0,0,0
1295377855,Sultanbeyli Millet Bahçesi,,leisure:park,park,40.9992047,29.2614942,23.776965949386284,0,2,0.45,0.1,0.7122053362806346,0.0,0.3636616008841904,1,0,0,0,0
801391610,Atmaca Parkı,,leisure:park,park,40.9883785,28.6109751,30.91374300742544,5,0,0.45,0.15,0.6257091222337366,0.07352941176470588,0.3635950896112975,1,0,0,0,0
684827243,Tac Mahal Sokak Parkı,,leisure:park,park,40.8885701,29.2563755,26.869737214012105,1,4,0.45,0.15,0.6747216089443809,0.014705882352941176,0.36359295327154956,1,0,0,0,0
31549799,Onur Parkı,,leisure:park,park,40.8381179,29.2996912,32.95993298025862,7,11,0.45,0.15,0.6009097366803615,0.10294117647058823,0.3635082151217555,1,0,0,0,0
1385807920,Kemal Kalkuz Parkı,,leisure:park,park,40.8885779,29.2430665,25.904026251248837,0,4,0.45,0.15,0.6864258196074442,0.0,0.3634277458822333,1,0,0,0,0
544552072,Kaynarca (Botaş) Parkı,,leisure:park,park,40.8782465,29.2492355,26.94962000571492,1,4,0.45,0.15,0.6737534465660975,0.014705882352941176,0.3633025045580645,1,0,0,0,0
35458495,Bahçelievler Parkı,,leisure:park,park,40.8823258,29.2387556,25.962991706704152,0,4,0.45,0.15,0.6857111708780588,0.0,0.36321335126341764,1,0,0,0,0
1415716382,Mimar Sinan Parkı,,leisure:park,park,41.0548242,28.650177,28.015159820630448,2,18,0.45,0.15,0.6608393315311312,0.029411764705882353,0.36310474063580994,1,0,0,0,0
1346055303,Merkez Mahallesi Muhtarlık Parkı,,leisure:park,park,40.9927479,28.608646,31.077040715321267,5,0,0.45,0.15,0.6237299888825534,0.07352941176470588,0.3630013496059425,1,0,0,0,0
1239574898,Gazi Osmanpaşa Parkı,,leisure:park,park,41.0470665,28.672396,26.0303430764659,0,18,0.45,0.15,0.6848948866579005,0.0,0.36296846599737015,1,0,0,0,0
545701552,Botaş Parkı,,leisure:park,park,40.8796713,29.2518893,27.053793196797645,1,4,0.45,0.15,0.6724908897339921,0.014705882352941176,0.36292373750843293,1,0,0,0,0
1344462786,Cumhuriyet Parkı,,leisure:park,park,40.9885983,28.6086012,31.11068818294536,5,0,0.45,0.15,0.6233221887596012,0.07352941176470588,0.36287900956905683,1,0,0,0,0
677458284,Ulubatlı Hasan Parkı,,leisure:park,park,40.906881,29.284662,28.077460074457836,2,11,0.45,0.15,0.6600842657575465,0.029411764705882353,0.3628782209037345,1,0,0,0,0
874890146,Demirciköy Parkı,,leisure:park,park,41.2352796,29.0569871,26.09411393526481,0,15,0.45,0.15,0.6841219974660753,0.0,0.3627365992398226,1,0,0,0,0
218502369,Sezen Aksu Parkı,,leisure:park,park,41.0016489,28.6429427,28.15887710025422,2,0,0.45,0.15,0.6590975087896498,0.029411764705882353,0.3625821938133655,1,0,0,0,0
1383713144,Süleyman Şah Parkı,,leisure:park,park,40.9153074,29.2645039,26.150194650571603,0,4,0.45,0.15,0.683442311171319,0.0,0.36253269335139576,1,0,0,0,0
637830571,Buhara Parkı,,leisure:park,park,40.8874237,29.2743474,28.251638777536787,2,11,0.45,0.15,0.6579732570681329,0.029411764705882353,0.36224491829691047,1,0,0,0,0
219009961,Koru Parkı,,leisure:park,park,41.0395986,28.6683165,26.246008215734683,0,18,0.45,0.15,0.6822810712203518,0.0,0.3621843213661055,1,0,0,0,0
591738819,Botaş Parkı,,leisure:park,park,40.890349,29.2770867,28.30169376894523,2,11,0.45,0.15,0.6573666012603683,0.029411764705882353,0.36206292155458103,1,0,0,0,0
1270387389,Yaşar Kemal Meydanı,,leisure:park,park,41.0282176,28.6666263,26.251338534965438,2,18,0.45,0.1,0.6822164688894435,0.029411764705882353,0.36201788184330363,1,0,0,0,0
685180736,Yeşim Sokak Parkı,,leisure:park,park,40.91879,29.2941564,28.315675070833613,2,11,0.45,0.15,0.6571971508668704,0.029411764705882353,0.36201208643653165,1,0,0,0,0
1415716334,Haramidere Yaşam Vadisi,,leisure:park,park,41.0269609,28.6661288,26.281715318479055,2,18,0.45,0.1,0.6818483087595302,0.029411764705882353,0.36190743380432966,1,0,0,0,0
218506374,Cumhuriyet Parkı,,leisure:park,park,41.0042442,28.640259,28.377502681594308,2,0,0.45,0.15,0.6564478134263318,0.029411764705882353,0.36178728520437015,1,0,0,0,0
12602251825,Mavi Korsan Taksi,,leisure:park,park,41.0341339,28.6786674,25.310279621783696,1,18,0.45,0.1,0.6936219019754637,0.014705882352941176,0.36176304118087443,1,0,0,0,0
658290902,Düzevler Parkı,,leisure:park,park,40.8839107,29.2737166,28.393689827601005,2,11,0.45,0.15,0.6562516286731278,0.029411764705882353,0.36172842977840897,1,0,0,0,0
557630637,Kaynarca Kılıç Reis Parkı,,leisure:park,park,40.8774261,29.2688705,28.40220817794215,2,11,0.45,0.15,0.6561483880858933,0.029411764705882353,0.36169745760223854,1,0,0,0,0
895290849,Yeşilkent 3 parkı,,leisure:park,park,41.0019917,28.6272898,29.470953554301904,3,0,0.45,0.15,0.6431954223306978,0.04411764705882353,0.3614880384639153,1,0,0,0,0
658290908,Hayri Ekşi Çocuk Parkı,,leisure:park,park,40.8811122,29.272861,28.484486687216833,2,11,0.45,0.15,0.6551511901221898,0.029411764705882353,0.3613982982131275,1,0,0,0,0
480959388,Pendik Doğı Parkı,,leisure:park,park,40.8757523,29.2407424,26.503709864189364,0,4,0.45,0.15,0.6791577822674111,0.0,0.36124733468022335,1,0,0,0,0
9156308526,Reyhan Sokak Dinlenme Alanı,,leisure:park,park,40.9073787,29.2373521,24.464963007047533,0,4,0.45,0.1,0.7038669588479152,0.0,0.3611600876543746,1,0,0,0,0
218596334,Atatürk Parkı,,leisure:park,park,40.9918642,28.6137783,30.65288099787125,4,0,0.45,0.15,0.6288707140883801,0.058823529411764705,0.36086709657945526,1,0,0,0,0
666148767,Huzur Parkı,,leisure:park,park,40.8420591,29.2994793,32.69508746514427,6,11,0.45,0.15,0.6041196077718072,0.08823529411764706,0.3607947058609539,1,0,0,0,0
517350579,Çamçeşme Parkı,,leisure:park,park,40.8783772,29.2733905,28.67544164713908,2,11,0.45,0.15,0.6528368567820237,0.029411764705882353,0.36070399821107774,1,0,0,0,0
385929432,Selçuklu Parkı,,leisure:park,park,40.9268338,29.2906892,27.737274658209092,1,11,0.45,0.15,0.6642072403636173,0.014705882352941176,0.3604386426973205,1,0,0,0,0
333776640,Muhsin Yazıcıoğlu Parkı,,leisure:park,park,41.0477541,28.6641031,26.728923697827106,0,18,0.45,0.15,0.6764282386930172,0.0,0.3604284716079052,1,0,0,0,0
1415716820,Mimar Sinan Parkı,,leisure:park,park,41.0525136,28.6522001,27.802199629858414,1,18,0.45,0.15,0.6634203635704796,0.014705882352941176,0.3602025796593792,1,0,0,0,0
278992019,Kamil İlhan Parkı,,leisure:park,park,41.244213,29.0432935,26.80045039123262,0,15,0.45,0.15,0.6755613504418421,0.0,0.3601684051325526,1,0,0,0,0
1381818753,Şehit Hasan Genç Parkı,,leisure:park,park,40.9027957,29.2666877,26.897287756653608,0,4,0.45,0.15,0.6743877022503582,0.0,0.3598163106751075,1,0,0,0,0
218590107,19 Mayıs Gençlik Parkı,,leisure:park,park,41.0353298,28.6595694,26.91698990662537,0,18,0.45,0.15,0.6741489163996467,0.0,0.35974467491989404,1,0,0,0,0
654925725,Okaliptus Parkı,,leisure:park,park,40.830451,29.3225986,35.02910536775365,8,11,0.45,0.15,0.5758318091686572,0.11764705882352941,0.35966130745647956,1,0,0,0,0
463412316,Merdekan Parkı,Merdekan Park,leisure:park,park,40.8411157,29.3033686,33.02426477941925,6,11,0.45,0.15,0.6001300490111283,0.08823529411764706,0.35959783823275027,1,0,0,0,0
746650124,Hasbahçe,,leisure:park,park,41.0601894,28.6770097,25.93210744152195,1,18,0.45,0.1,0.6860854815774341,0.014705882352941176,0.35950211506146557,1,0,0,0,0
1346022098,80. Yıl Parkı,,leisure:park,park,40.9870203,28.6090019,31.090312455674642,4,0,0.45,0.15,0.6235691382233489,0.058823529411764705,0.35927662381994585,1,0,0,0,0
192681740,Cumhuriyet Parkı,,leisure:park,park,41.0168183,28.6439718,28.07622721577369,1,0,0.45,0.15,0.6600992077415493,0.014705882352941176,0.3592062329107001,1,0,0,0,0
688408034,Pendik Millet Bahçesi,,leisure:park,park,40.8837292,29.2548695,27.03226033002725,2,4,0.45,0.1,0.6727518634813949,0.029411764705882353,0.35917850022088904,1,0,0,0,0
639965701,Arnavutköy Şehir Parkı,,leisure:park,park,41.1800135,28.7493804,27.079885857276455,0,19,0.45,0.15,0.6721746522604836,0.0,0.3591523956781451,1,0,0,0,0
1415716342,Mimar Sinan Parkı,,leisure:park,park,41.0718034,28.641519,29.125580885187297,2,18,0.45,0.15,0.647381265333883,0.029411764705882353,0.35906732077663545,1,0,0,0,0
746656605,Havana,,leisure:park,park,41.0572791,28.67467,26.054300107276642,1,18,0.45,0.1,0.6846045325599538,0.014705882352941176,0.3590578303562214,1,0,0,0,0
1415716348,Mimar Sinan Parkı,,leisure:park,park,41.0565099,28.6493267,28.120110993938948,1,18,0.45,0.15,0.65956734572057,0.014705882352941176,0.3590466743044063,1,0,0,0,0
678730723,Yenişehir Parkı,,leisure:park,park,40.9239963,29.2942573,28.124640241602062,1,11,0.45,0.15,0.6595124522060108,0.014705882352941176,0.35903020625003856,1,0,0,0,0
218596150,Sami Aksu Parkı,,leisure:park,park,40.9922981,28.6197564,30.149129503733825,3,0,0.45,0.15,0.6349760746326434,0.04411764705882353,0.35902223415449896,1,0,0,0,0
218596183,Şehit Nail Sarıgan Parkı,,leisure:park,park,40.9931359,28.6195862,30.157879267063652,3,0,0.45,0.15,0.634870029369399,0.04411764705882353,0.3589904205755256,1,0,0,0,0
658252123,Kocayusuf Çocuk Parkı,,leisure:park,park,40.8921611,29.2764119,28.158271196344927,1,11,0.45,0.15,0.6591048522156533,0.014705882352941176,0.3589079262529313,1,0,0,0,0
218458917,Haramidere Yaşam Vadisi,,leisure:park,park,41.022547,28.6679093,26.099087487256256,1,18,0.45,0.1,0.6840617190779279,0.014705882352941176,0.35889498631161365,1,0,0,0,0
263153261,YunusEmre Parkı,,leisure:park,park,40.8273211,29.3234213,35.28398469946258,8,11,0.45,0.15,0.5727427260920332,0.11764705882352941,0.3587345825334924,1,0,0,0,0
1449704440,Ketenci Yakup Ağa Alamana Parkı,,leisure:park,park,41.2321518,29.1088688,27.194998757659032,0,15,0.45,0.15,0.6707795084875903,0.0,0.3587338525462771,1,0,0,0,0
1415716341,Mimar Sinan Parkı,,leisure:park,park,41.073115,28.6405696,29.238218475361517,2,18,0.45,0.15,0.6460161217921687,0.029411764705882353,0.35865777771412116,1,0,0,0,0
1415716339,Mimar Sinan Parkı,,leisure:park,park,41.0743127,28.6399317,29.32291915483067,2,18,0.45,0.15,0.6449895676429076,0.029411764705882353,0.35834981146934286,1,0,0,0,0
218596102,Kıvırcık Ali Parkı,,leisure:park,park,40.9902487,28.6296284,29.33722028048006,2,0,0.45,0.15,0.6448162410537174,0.029411764705882353,0.35829781349258577,1,0,0,0,0
260615853,Newresidence Orta Bahçe,,leisure:park,park,41.0196748,28.653618,27.279778639778424,2,18,0.45,0.1,0.6697519944191203,0.029411764705882353,0.35827853950220667,1,0,0,0,0
1247221021,Tıp Kent Parkı,,leisure:park,park,40.8240512,29.3225143,35.43086361687895,8,11,0.45,0.15,0.5709625849756015,0.11764705882352941,0.3582005401985628,1,0,0,0,0
684214502,Pendik sahil geziboyu parkı,,leisure:park,park,40.8710919,29.249003,27.36922751837808,0,4,0.45,0.15,0.6686678931102674,0.0,0.35810036793308025,1,0,0,0,0
218509788,Mevlana Parkı,,leisure:park,park,41.0064234,28.6278607,29.414635421427356,2,0,0.45,0.15,0.64387798607568,0.029411764705882353,0.3580163369991746,1,0,0,0,0
897669441,Anadolu feneri köyü parkı,,leisure:park,park,41.21631,29.1539729,27.41987383327006,0,15,0.45,0.15,0.6680540705881461,0.0,0.3579162211764439,1,0,0,0,0
673977601,Kosovali Şehit Adem Yaşari Parkı,,leisure:park,park,40.9243355,29.2855946,27.42694261812834,0,11,0.45,0.15,0.6679683984250421,0.0,0.35789051952751266,1,0,0,0,0
682399845,Şehit Hakan Öcalan Parkı,,leisure:park,park,40.912291,29.3055587,29.46908893103382,2,11,0.45,0.15,0.643218021166559,0.029411764705882353,0.3578183475264383,1,0,0,0,0
852190246,Şehit Şaban Aras Parkı,,leisure:park,park,40.8750843,29.2686254,28.519173417074274,1,11,0.45,0.15,0.6547307943628804,0.014705882352941176,0.3575957088970994,1,0,0,0,0
685237699,Şehit Mustafa Piroğlu Parkı,,leisure:park,park,40.9004503,29.273673,27.53931463250447,0,11,0.45,0.15,0.666606473605293,0.0,0.35748194208158796,1,0,0,0,0
7816988589,Sarıkavak Kalesi,,historic:castle,historic,41.0185817,29.6458173,56.01003495054791,0,7,0.82,0.1,0.32154742262585,0.0,0.35746422678775497,0,1,0,0,0
691165234,Yenişehir Parkı,,leisure:park,park,40.933222,29.2914319,27.5719887465016,0,11,0.45,0.15,0.6662104703204623,0.0,0.3573631410961387,1,0,0,0,0
685388353,Şehit Erol Karakoç Parkı,,leisure:park,park,40.8945659,29.270494,27.59359057901492,0,11,0.45,0.15,0.6659486607229812,0.0,0.35728459821689434,1,0,0,0,0
677315090,Nasrettin Hoca Parkı,,leisure:park,park,40.9132614,29.2950718,28.60978601685263,1,11,0.45,0.15,0.653632589001828,0.014705882352941176,0.3572662472887837,1,0,0,0,0
218596106,Atakent Parkı,,leisure:park,park,40.9903697,28.6252799,29.70038628921365,2,0,0.45,0.15,0.6404147465737134,0.029411764705882353,0.35697736514858464,1,0,0,0,0
218596096,Kemal Sunal Parkı,,leisure:park,park,40.9895825,28.6253181,29.70333640263648,2,0,0.45,0.15,0.6403789918289584,0.029411764705882353,0.3569666387251581,1,0,0,0,0
218596572,Çambaşı Caddesi Üzeri Parkı,,leisure:park,park,41.005901,28.6244183,29.704043371777413,2,0,0.45,0.15,0.6403704235139275,0.029411764705882353,0.3569640682306488,1,0,0,0,0
652036584,Cumhuriyet Parkı,,leisure:park,park,40.8701257,29.2957549,30.762206167655165,3,11,0.45,0.15,0.6275457163745044,0.04411764705882353,0.3567931266770572,1,0,0,0,0
1333563419,Ekrem İmamoğlu Parkı,,leisure:park,park,40.9956727,28.6231688,29.84263090259314,2,0,0.45,0.15,0.6386907722326582,0.029411764705882353,0.356460172846268,1,0,0,0,0
218595767,Çamlık Parkı,,leisure:park,park,40.9974558,28.6349048,28.84960676910103,1,0,0.45,0.15,0.6507260126928484,0.014705882352941176,0.3563942743960898,1,0,0,0,0
845754524,Çiçekçiler Parkı,,leisure:park,park,40.8275469,29.3186405,34.94020395953022,7,11,0.45,0.15,0.5769092752534499,0.10294117647058823,0.3563080766936821,1,0,0,0,0
875137498,Arnavutköy Zeminüstü Parkı,,leisure:park,park,41.1831749,28.739781,27.899470261201163,0,19,0.45,0.15,0.6622414642885381,0.0,0.35617243928656145,1,0,0,0,0
652021613,Şehit Yüzbaşı Sezgin Keskin Park,,leisure:park,park,40.8715477,29.2991769,30.933388702427262,3,11,0.45,0.15,0.6254710206052062,0.04411764705882353,0.35617071794626776,1,0,0,0,0
677697805,Cem Karaca Parkı,,leisure:park,park,40.9277812,29.3060858,28.929432876550404,1,11,0.45,0.15,0.649758537315613,0.014705882352941176,0.3561040317829192,1,0,0,0,0
684303740,Kaynarca Sahil Parkı,,leisure:park,park,40.8694033,29.2557326,27.943962880969035,0,4,0.45,0.15,0.6617022232373392,0.0,0.3560106669712018,1,0,0,0,0
1491430313,şeyh edebali parkı 2013,,leisure:park,park,40.8745123,29.2601702,27.948427939924322,0,11,0.45,0.15,0.661648107676213,0.0,0.35599443230286393,1,0,0,0,0
11919753137,Elephant,,tourism:attraction,attraction,41.1791526,29.6220333,57.18837528491055,4,7,0.78,0.1,0.307266189381172,0.058823529411764705,0.35588573916729277,0,0,0,1,0
690877275,Türk - Macar Dostluk Parkı,,leisure:park,park,40.9313794,29.3093793,29.071753509980322,1,11,0.45,0.15,0.6480336416277789,0.014705882352941176,0.35558656307656894,1,0,0,0,0
1124680405,Şehir P.ER. Murat Erden Parkı ve Çeşmesi,,leisure:park,park,40.9136884,29.3013781,29.085341980554542,1,11,0.45,0.15,0.6478689522659284,0.014705882352941176,0.3555371562680138,1,0,0,0,0
448471289,Ali Aktürk Parkı,,leisure:park,park,41.1912269,28.7465642,28.134802722147114,0,19,0.45,0.15,0.6593892851117715,0.0,0.35531678553353147,1,0,0,0,0
684941131,Şehit T.Turgay Kahraman Parkı 1,,leisure:park,park,40.8805321,29.2815014,29.14827390216927,1,11,0.45,0.15,0.6471062308136395,0.014705882352941176,0.3553083398323272,1,0,0,0,0
764261113,Tatarcık Parkı,,leisure:park,park,41.1052752,28.6684566,28.14060785762303,0,18,0.45,0.15,0.6593189281093582,0.0,0.35529567843280746,1,0,0,0,0
686139096,Şehit T.Turgay Kahraman Parkı 2,,leisure:park,park,40.8800488,29.2813413,29.1628329357637,1,11,0.45,0.15,0.6469297784352257,0.014705882352941176,0.355255404118803,1,0,0,0,0
690877264,Yenişehir Temalı Park ve Yaşam Korusu,,leisure:park,park,40.9341292,29.3000597,28.23352393336239,0,11,0.45,0.15,0.6581928051115133,0.0,0.35495784153345405,1,0,0,0,0
218714921,şehit binbaşı ümit çelik parkı,,leisure:park,park,41.0004231,28.6298394,29.262050247142344,1,0,0.45,0.15,0.6457272858069183,0.014705882352941176,0.35489465633031075,1,0,0,0,0
12308392901,Nefes Orman,,leisure:park,park,41.0434993,29.2871058,26.192185091651208,0,2,0.45,0.1,0.6829333959915387,0.0,0.3548800187974616,1,0,0,0,0
1415716344,Mimar Sinan Parkı,,leisure:park,park,41.0630685,28.647687,28.401452010336552,0,18,0.45,0.15,0.6561575526758108,0.0,0.3543472658027433,1,0,0,0,0
1420213574,75. Yıl Parkı,,leisure:park,park,40.9880388,28.6044014,31.466790776942734,3,0,0.45,0.15,0.6190063013579685,0.04411764705882353,0.3542313021720965,1,0,0,0,0
218589249,Abdullah Gül Parkı,,leisure:park,park,41.0366762,28.6408437,28.494535770347387,0,0,0.45,0.15,0.6550293973804007,0.0,0.35400881921412025,1,0,0,0,0
652034400,Orhangazi Çocuk Parkı,,leisure:park,park,40.8714946,29.294133,30.568011258332053,2,11,0.45,0.15,0.6298993172095912,0.029411764705882353,0.35382273633934797,1,0,0,0,0
1185939723,Yaşam Vadisi,,leisure:park,park,40.8405193,29.2980427,32.693178443826895,6,11,0.45,0.1,0.6041427447025456,0.08823529411764706,0.35330164694017546,1,0,0,0,0
276152620,Şehit Muhammet Oğuz Kılınç Parkı,,leisure:park,park,40.9237002,29.3015733,28.715416329303192,0,11,0.45,0.15,0.6523523721698796,0.0,0.35320571165096387,1,0,0,0,0
1415716343,Mimar Sinan Parkı,,leisure:park,park,41.067373,28.6448858,28.735870545167607,0,18,0.45,0.15,0.6521044714411357,0.0,0.35313134143234076,1,0,0,0,0
1066522699,Yaşam Vadisi,,leisure:park,park,40.839597,29.2980813,32.75458771531191,6,11,0.45,0.1,0.6033984774447014,0.08823529411764706,0.35307836676282217,1,0,0,0,0
1378090143,Kumsallar Parkı,,leisure:park,park,41.0206873,28.5757644,33.81026490970549,5,0,0.45,0.15,0.5906038952645227,0.07352941176470588,0.35306352152053333,1,0,0,0,0
823265333,Japon Bahçesi,,leisure:park,park,41.0087307,28.6357652,28.75025856399287,2,0,0.45,0.1,0.651930091725208,0.029411764705882353,0.352931968694033,1,0,0,0,0
260612750,Beylikdüzü Yaşam Vadisi,,leisure:park,park,41.0083032,28.6356795,28.757484585803084,2,0,0.45,0.1,0.6518425138838209,0.029411764705882353,0.35290569534161687,1,0,0,0,0
466133921,Duravit Parkı,,leisure:park,park,40.8372362,29.2974279,32.86114176057095,4,11,0.45,0.15,0.6021070651683564,0.058823529411764705,0.35283800190344816,1,0,0,0,0
1217386477,Yaşam Vadisi,,leisure:park,park,40.8387352,29.2987514,32.85577841149575,6,11,0.45,0.1,0.6021720678139266,0.08823529411764706,0.35271044387358974,1,0,0,0,0
219002156,Kültür Park,Cultural Park,leisure:park,park,41.0227135,28.5746499,33.91314833340987,5,0,0.45,0.15,0.5893569701376424,0.07352941176470588,0.3526894439824692,1,0,0,0,0
690893709,Şehit Onur Kılıç Parkı,,leisure:park,park,40.9107388,29.3099994,29.879479542625234,1,11,0.45,0.15,0.6382441745836589,0.014705882352941176,0.35264972296333297,1,0,0,0,0
840205734,Yaşam Vadisi,,leisure:park,park,40.8293237,29.3204565,34.95203852768315,8,11,0.45,0.1,0.5767658428144394,0.11764705882352941,0.35244151755021424,1,0,0,0,0
1112787964,Beylikdüzü Yaşam Vadisi,,leisure:park,park,40.9824366,28.6479698,27.87922878081415,1,0,0.45,0.1,0.6624867867087206,0.014705882352941176,0.3524225066008515,1,0,0,0,0
532143686,Harmandere Mehmetçik Parkı,,leisure:park,park,40.9356308,29.3224633,29.99198085603555,1,11,0.45,0.15,0.6368806826872244,0.014705882352941176,0.3522406753944026,1,0,0,0,0
677456847,Şehit Turan Kutlu Parkı,,leisure:park,park,40.9075311,29.2967729,28.98375151391481,0,11,0.45,0.15,0.6491002070292667,0.0,0.35223006210878005,1,0,0,0,0
1343269575,Beylikdüzü Yaşam Vadisi,,leisure:park,park,40.9789377,28.6475408,27.958380065005745,1,0,0.45,0.1,0.6615274900452763,0.014705882352941176,0.3521347176018182,1,0,0,0,0
565157735,Viaport Theme Park,,leisure:park,park,40.9390041,29.3241845,30.032186583442023,1,11,0.45,0.15,0.6363933978560772,0.014705882352941176,0.3520944899450585,1,0,0,0,0
652403565,Nene Hatun Parkı,,leisure:park,park,40.8635327,29.2809084,30.07483221609441,1,11,0.45,0.15,0.635876541894336,0.014705882352941176,0.3519394331565361,1,0,0,0,0
466131416,Evliya Çelebi Parkı,Evliya Celebi Park,leisure:park,park,40.8408238,29.3043499,33.11074090920886,4,11,0.45,0.15,0.5990819767830904,0.058823529411764705,0.3519304753878683,1,0,0,0,0
652348317,Şehit Fatih Derdavut Parkı,,leisure:park,park,40.8643409,29.2821774,30.116993238123484,1,11,0.45,0.15,0.6353655593098716,0.014705882352941176,0.3517861383811968,1,0,0,0,0
840130154,Yaşam Vadisi,,leisure:park,park,40.8280163,29.3229611,35.208048826846216,8,11,0.45,0.1,0.5736630526537638,0.11764705882352941,0.3515106805020115,1,0,0,0,0
1059942292,Kumalıgerme Su Kemeri,,historic:aqueduct,historic,41.3070519,28.4156709,57.65173228572754,0,13,0.82,0.1,0.3016504014706265,0.0,0.3514951204411879,0,1,0,0,0
651929579,Millî Egemenlik Parkı,,leisure:park,park,40.8666875,29.2994474,31.222887217887926,2,11,0.45,0.15,0.6219623604136513,0.029411764705882353,0.35144164930056593,1,0,0,0,0
565157737,Harmandere Çocuk Parki,,leisure:park,park,40.9286326,29.3226641,30.228228107769255,1,11,0.45,0.15,0.6340174164414432,0.014705882352941176,0.3513816955206683,1,0,0,0,0
592437681,Ramazan Güngör Parkı,,leisure:park,park,41.192047,28.7119176,30.27379407227166,1,19,0.45,0.15,0.6334651666812501,0.014705882352941176,0.3512160205926103,1,0,0,0,0
589339000,Arnavutköy Vadi Parkı,,leisure:park,park,41.1899227,28.7249215,29.316237755785984,0,19,0.45,0.15,0.6450705447726683,0.0,0.3510211634318005,1,0,0,0,0
691949705,Ahmet Yesevi Parkı,,leisure:park,park,40.8704218,29.3044071,31.377932946464206,2,11,0.45,0.15,0.6200832392897981,0.029411764705882353,0.35087791296341003,1,0,0,0,0
655694583,Mareşal Fevzi Çakma Parkı,,leisure:park,park,40.8250305,29.3244401,35.500281612458906,6,11,0.45,0.15,0.5701212536918077,0.08823529411764706,0.35059519963695407,1,0,0,0,0
677492431,Site Sokak Parkı 2,,leisure:park,park,40.9315576,29.3267756,30.465280776033172,1,11,0.45,0.15,0.631144388719294,0.014705882352941176,0.3505197872040235,1,0,0,0,0
1346055305,Anarşalılar Parkı,,leisure:park,park,40.9915271,28.6035762,31.50983858449806,2,0,0.45,0.15,0.618484571122279,0.029411764705882353,0.3503983125131543,1,0,0,0,0
648850020,Hoca Ahmet Yesevi Parkı,,leisure:park,park,40.8665697,29.3038586,31.550038355949386,2,11,0.45,0.15,0.6179973584760364,0.029411764705882353,0.3502521487192815,1,0,0,0,0
52405048,Bolluca Millet Bahçesi,,leisure:park,park,41.1965173,28.7646794,27.552876813226394,0,19,0.45,0.1,0.6664421028708388,0.0,0.3499326308612517,1,0,0,0,0
655738172,Nehir Parkı,,leisure:park,park,40.8296337,29.3171399,34.70346414939978,5,11,0.45,0.15,0.579778511201825,0.07352941176470588,0.349815906301724,1,0,0,0,0
739586035,Mustafa Yeşil Parkı,,leisure:park,park,41.1950757,28.7090453,30.67846106858859,1,19,0.45,0.15,0.6285606890933286,0.014705882352941176,0.3497446773162339,1,0,0,0,0
6502392074,Atatürk Anıtı,,historic:monument,historic,41.1958042,28.3302282,58.17864309019945,0,6,0.82,0.1,0.2952643550302536,0.0,0.3495793065090761,0,1,0,0,0
1232724323,Mimar Sinan Parkı,,leisure:park,park,41.1984851,28.7282825,29.780598654317473,0,19,0.45,0.15,0.6394425898361826,0.0,0.3493327769508548,1,0,0,0,0
7498460446,Prestij 4 Konakları,,leisure:park,park,40.9990821,28.6357263,28.773434990717206,1,0,0.45,0.1,0.6516491983821082,0.014705882352941176,0.34917123010286777,1,0,0,0,0
654554613,Nur Parkı,,leisure:park,park,40.8609503,29.2910208,30.947312326625234,1,11,0.45,0.15,0.6253022692530004,0.014705882352941176,0.34876715136413544,1,0,0,0,0
892460472,Büyükçekmece Kordonboyu Sahil Parkı,,leisure:park,park,41.0126068,28.5975623,31.95858331200954,2,0,0.45,0.15,0.6130458808440773,0.029411764705882353,0.34876670542969374,1,0,0,0,0
1059942291,Keçigerme Su Kemeri,,historic:aqueduct,historic,41.3073213,28.4049136,58.40693425952792,0,6,0.82,0.1,0.29249751480438313,0.0,0.34874925444131494,0,1,0,0,0
897673813,Paşamandıra Köyü Parkı,,leisure:park,park,41.1841795,29.2507881,30.065039124887004,0,2,0.45,0.15,0.6359952320686777,0.0,0.3482985696206033,1,0,0,0,0
546762844,pınartepe çocuk parkı,,leisure:park,park,41.0043274,28.608053,31.079523615338594,1,0,0.45,0.15,0.6236998966645102,0.014705882352941176,0.34828643958758837,1,0,0,0,0
892461146,Riva Parkı,,leisure:park,park,41.2231818,29.2166494,31.141534268112707,1,15,0.45,0.15,0.6229483407938534,0.014705882352941176,0.3480609728263913,1,0,0,0,0
899268169,Bozhane Köyü Parkı,,leisure:park,park,41.1649294,29.2717794,30.137828050109185,0,2,0.45,0.15,0.6351130458374055,0.0,0.34803391375122167,1,0,0,0,0
219010531,Gürpınar Atatürk Parkı,,leisure:park,park,40.9965917,28.6070828,31.186503987710385,1,0,0.45,0.15,0.6224033173945911,0.014705882352941176,0.3478974658066126,1,0,0,0,0
651472605,Esenyalı Çocuk Parkı,,leisure:park,park,40.8587312,29.293893,31.283085087984578,1,11,0.45,0.15,0.6212327750819668,0.014705882352941176,0.34754630311282536,1,0,0,0,0
1410877917,Bolluca Millet Bahçesi,,leisure:park,park,41.20055,28.7587792,28.214735969039687,0,19,0.45,0.1,0.6584205112273618,0.0,0.3475261533682086,1,0,0,0,0
1330882293,Hastürk Caddesi Parkı,,leisure:park,park,41.0535023,28.622264,30.294657824429848,0,0,0.45,0.15,0.6332123024600729,0.0,0.3474636907380219,1,0,0,0,0
899269549,İshaklı Köyü Parkı,,leisure:park,park,41.1386827,29.295997,30.319884349534682,0,2,0.45,0.15,0.6329065623623533,0.0,0.347371968708706,1,0,0,0,0
822888295,Beylikdüzü Yaşam Vadisi,,leisure:park,park,40.9945738,28.6421328,28.259577230316427,0,0,0.45,0.1,0.6578770447155198,0.0,0.347363113414656,1,0,0,0,0
1098921673,Ekin 1. Sokak Parkı,,leisure:park,park,41.0080047,28.6049076,31.339609665101488,1,0,0.45,0.15,0.6205477092768485,0.014705882352941176,0.3473407833712899,1,0,0,0,0
840130155,Yaşam Vadisi,,leisure:park,park,40.8272936,29.3249197,35.38924486262634,7,11,0.45,0.1,0.571466995390404,0.10294117647058823,0.3471753927347683,1,0,0,0,0
840205735,Yaşam Vadisi,,leisure:park,park,40.8313675,29.3167842,34.568628587031085,6,11,0.45,0.1,0.5814126894266638,0.08823529411764706,0.3464826303574109,1,0,0,0,0
1417143812,Kadirova Parkı,,leisure:park,park,41.0853346,29.3288357,30.6137084253419,0,2,0.45,0.15,0.6293454773030233,0.0,0.346303643190907,1,0,0,0,0
677500672,Yenişehir Mesire Alanı,,leisure:park,park,40.9457491,29.308473,28.566272891866028,0,11,0.45,0.1,0.6541599587854267,0.0,0.34624798763562803,1,0,0,0,0
875499084,Göllü Köyü Parkı,,leisure:park,park,41.1755692,29.2692149,30.664403935675413,0,2,0.45,0.15,0.6287310585426551,0.0,0.3461193175627965,1,0,0,0,0
655738179,Çiçekçiler Parkı,,leisure:park,park,40.8277962,29.3168559,34.80159049813191,4,11,0.45,0.15,0.5785892408078432,0.058823529411764705,0.34578265459529417,1,0,0,0,0
652508913,Evora Parkı,,leisure:park,park,40.8576609,29.3007189,31.832938974526257,1,11,0.45,0.15,0.614568663385882,0.014705882352941176,0.3455470696039999,1,0,0,0,0
688336981,Ramazanoğlu 2,,leisure:park,park,40.8968656,29.287898,28.78942290348068,0,11,0.45,0.1,0.6514554282932703,0.0,0.34543662848798107,1,0,0,0,0
630237169,Fatih Sultan Mehmet Parkı,,leisure:park,park,40.8562332,29.3002,31.879980215395204,1,11,0.45,0.15,0.6139985335911382,0.014705882352941176,0.34537603066557676,1,0,0,0,0
677492469,Dedepaşa Mesire Alanı,,leisure:park,park,40.9389499,29.3113699,28.995185352102272,0,11,0.45,0.1,0.6489616313518709,0.0,0.3446884894055613,1,0,0,0,0
627904159,Şehit Er Bekir Demir Parkı,,leisure:park,park,40.8677738,29.3262262,33.12779149590363,2,11,0.45,0.15,0.5988753273131149,0.029411764705882353,0.3445155393704051,1,0,0,0,0
816399537,Hoşdere Millet Bahçesi,,leisure:park,park,41.0922164,28.6504519,29.043915720080623,0,18,0.45,0.1,0.6483710296972359,0.0,0.3445113089091708,1,0,0,0,0
884123209,Kılıçlı Köyü Parkı,,leisure:park,park,41.1591323,29.2913623,31.140006101350902,0,2,0.45,0.15,0.6229668618487012,0.0,0.3443900585546104,1,0,0,0,0
685193444,Değirmen Parkı,,leisure:park,park,41.0178265,28.5951306,32.17539843571282,1,0,0.45,0.15,0.6104181278407355,0.014705882352941176,0.3443019089404559,1,0,0,0,0
739719712,Çilingir Meydan Parkı,,leisure:park,park,41.1883063,28.6776549,32.18943049850231,1,19,0.45,0.15,0.610248062235955,0.014705882352941176,0.34425088925902175,1,0,0,0,0
1015679704,Georgios Kilisesi,,historic:ruins,historic,41.450488,28.3824672,70.01642107840472,2,6,0.82,0.3,0.15179301350164698,0.029411764705882353,0.3438908452269646,0,1,0,0,1
454284953,Büyükçekmece Belediyesi Halk Akademisi El Sanatları Parkı,,leisure:park,park,41.0171385,28.5902958,32.578578223893786,1,0,0.45,0.15,0.6055316748978625,0.014705882352941176,0.34283597305759406,1,0,0,0,0
5389752334,Mim Sitesi Parkı,,leisure:park,park,40.8162302,29.2870768,33.59263903963438,2,11,0.45,0.15,0.5932414743407262,0.029411764705882353,0.34282538347868846,1,0,0,0,0
665180781,Yalıboyu Parkı,,leisure:park,park,40.8184984,29.2899743,33.621844227739544,2,11,0.45,0.15,0.5928875136969958,0.029411764705882353,0.3427191952855693,1,0,0,0,0
630135038,Cumhuriyet Parkı,,leisure:park,park,40.8469317,29.3047339,32.75973978466845,1,11,0.45,0.15,0.6033360354642074,0.014705882352941176,0.3421772812274975,1,0,0,0,0
1217386476,Yaşam Vadisi,,leisure:park,park,40.8362284,29.3103657,33.81706652905153,4,11,0.45,0.1,0.59052146109038,0.058823529411764705,0.3418623206800552,1,0,0,0,0
12061260084,Neffen Akaemi,,leisure:park,park,41.0184956,28.6238099,29.773169014647525,0,0,0.45,0.1,0.6395326354825517,0.0,0.3418597906447655,1,0,0,0,0
218590720,Gürpınar Sahil Parkı (Piri Reis Parkı),,leisure:park,park,41.0007328,28.5983829,31.899653698511557,0,0,0.45,0.15,0.6137600951765932,0.0,0.34162802855297797,1,0,0,0,0
630135050,İçmeler Parkı,,leisure:park,park,40.8462967,29.3070312,32.96005222977413,1,11,0.45,0.15,0.6009082914016965,0.014705882352941176,0.34144895800874425,1,0,0,0,0
624724922,Şelale Park,,leisure:park,park,40.8580635,29.3172741,33.00121330890128,1,11,0.45,0.15,0.6004094279116885,0.014705882352941176,0.3412992989617419,1,0,0,0,0
8068541139,Piri Reis park,,leisure:park,park,40.9803967,28.5990086,31.990986507908307,0,0,0.45,0.15,0.6126531610287502,0.0,0.3412959483086251,1,0,0,0,0
13686451864,Çocuk Parkı,,leisure:park,park,40.8646668,29.3235864,33.09819762980249,1,11,0.45,0.15,0.5992339986511632,0.014705882352941176,0.34094667018358427,1,0,0,0,0
895186431,Kamil Abduş Parkı,,leisure:park,park,40.8352857,29.2845174,32.11221257981055,0,11,0.45,0.15,0.6111839269223676,0.0,0.3408551780767103,1,0,0,0,0
660126547,Tersaneler Önü Parkı,,leisure:park,park,40.8448253,29.2936275,32.115207323941355,0,11,0.45,0.15,0.6111476312629618,0.0,0.34084428937888855,1,0,0,0,0
621809805,Aydınlı Merkez Parkı,,leisure:park,park,40.8693076,29.3285679,33.221469284726716,1,11,0.45,0.15,0.5977399725153418,0.014705882352941176,0.3404984623428378,1,0,0,0,0
665137731,Osman Gazi Park,,leisure:park,park,40.8194812,29.3016286,34.3228481427359,2,11,0.45,0.15,0.5843914959306936,0.029411764705882353,0.34017038995567866,1,0,0,0,0
1248888671,Yayla Yolu Parkı,,leisure:park,park,40.8219645,29.3041736,34.32462233208439,2,11,0.45,0.15,0.5843699931346278,0.029411764705882353,0.3401639391168589,1,0,0,0,0
661647738,Göl Boyu Parkı,,leisure:park,park,40.8221334,29.28927,33.32276728109012,1,11,0.45,0.15,0.5965122624293022,0.014705882352941176,0.34013014931702595,1,0,0,0,0
691833496,Büyügerme Su Kemeri,,historic:aqueduct,historic,41.3241096,28.3848685,60.84699283417956,0,6,0.82,0.1,0.26292452589865645,0.0,0.33987735776959693,0,1,0,0,0
5389728328,Derya Sitesi Parkı,,leisure:park,park,40.8141909,29.2840381,33.54156490925842,1,11,0.45,0.15,0.5938604818951632,0.014705882352941176,0.33933461515678426,1,0,0,0,0
11016217305,Yaşam Vadisi,,leisure:park,park,40.8372094,29.3068203,33.50962482229692,3,11,0.45,0.1,0.5942475889290568,0.04411764705882353,0.33930368844342296,1,0,0,0,0
665171974,Lavanta Parkı,,leisure:park,park,40.8244424,29.2835441,32.785989367891545,0,11,0.45,0.15,0.6030178961205455,0.0,0.3384053688361636,1,0,0,0,0
5259653414,Dumankaya Adres Panorama Havuz Parkı,,leisure:park,park,40.8604292,29.3441174,34.83966199612493,2,11,0.45,0.15,0.5781278223814708,0.029411764705882353,0.33829128789091184,1,0,0,0,0
677500675,Kurnaköy Piknik Alanı,,leisure:park,park,40.9469993,29.3378279,30.931304781003885,0,11,0.45,0.1,0.6254962772878835,0.0,0.3376488831863651,1,0,0,0,0
1216891552,Yaşam Vadisi,,leisure:park,park,40.8353268,29.3117386,33.96905495652888,3,11,0.45,0.1,0.5886793938030288,0.04411764705882353,0.33763322990561456,1,0,0,0,0
655704886,Filiz Parkı,,leisure:park,park,40.8219843,29.3150809,35.05860509533524,2,11,0.45,0.15,0.5754742787693646,0.029411764705882353,0.33749522480727995,1,0,0,0,0
1363922579,İçmeler Spor Parkı,,leisure:park,park,40.8521442,29.3134769,33.06813168694926,0,11,0.45,0.15,0.5995983914586457,0.0,0.3373795174375937,1,0,0,0,0
666142056,Yaşam Vadisi,,leisure:park,park,40.8337912,29.313385,34.18005685022151,3,11,0.45,0.1,0.5861220959061328,0.04411764705882353,0.33686604053654573,1,0,0,0,0
547119128,Çamlıbelde Parkı,,leisure:park,park,40.8251525,29.3066553,34.278959416487766,1,11,0.45,0.15,0.584923417921381,0.014705882352941176,0.3366534959646496,1,0,0,0,0
626359881,Sedef Parkı,,leisure:park,park,40.8756568,29.3342847,33.32792504160694,0,11,0.45,0.15,0.5964497514731609,0.0,0.3364349254419483,1,0,0,0,0
5259653415,Dumankaya Adres Panorama Çocuk Parkı,,leisure:park,park,40.8597028,29.3433677,34.8225176675532,1,11,0.45,0.15,0.5783356079829785,0.014705882352941176,0.33467715298312883,1,0,0,0,0
964389871,Bölge Parkı,,leisure:park,park,40.863714,29.3463541,34.83481923525745,1,11,0.45,0.15,0.5781865156091233,0.014705882352941176,0.3346324252709723,1,0,0,0,0
875128094,Mimar Sinan Sahil Atatürk Parkı,,leisure:park,park,41.0158669,28.5625371,34.90321907410631,1,0,0.45,0.15,0.577357524167506,0.014705882352941176,0.3343837278384871,1,0,0,0,0
654316609,Şehit J. Er Bahtiyar Maden Parkı,,leisure:park,park,40.8452348,29.3617068,36.951145387771525,3,11,0.45,0.15,0.5525370945340027,0.04411764705882353,0.3342905401249067,1,0,0,0,0
4528008760,7 den 77 ye Barış Parkı,,leisure:park,park,40.9948031,28.5377524,37.008254762660385,3,0,0.45,0.15,0.5518449411047588,0.04411764705882353,0.33408289409613356,1,0,0,0,0
6654822991,Barış Manço Parkı,,leisure:park,park,40.9940824,28.5375018,37.03278010699643,3,0,0.45,0.15,0.5515476991682359,0.04411764705882353,0.3339937215151767,1,0,0,0,0
1086495906,Barış Manço Parkı,,leisure:park,park,40.9948773,28.5373437,37.042172502568015,3,0,0.45,0.15,0.5514338653394408,0.04411764705882353,0.3339595713665382,1,0,0,0,0
467382409,Tuzla Sahil Parkı,,leisure:park,park,40.8132042,29.3079037,35.16862704595581,1,11,0.45,0.15,0.5741408362205302,0.014705882352941176,0.3334187214543944,1,0,0,0,0
1391760941,Gizlibahçe Sitesi Korusu,,leisure:park,park,40.8732804,29.3205006,32.4154700056029,0,11,0.45,0.1,0.6075085116754951,0.0,0.3322525535026486,1,0,0,0,0
634120048,Anıt Parkı,,leisure:park,park,40.8957703,29.3625991,34.60271662810369,0,11,0.45,0.15,0.5809995496475902,0.0,0.3317998648942771,1,0,0,0,0
1459046830,Kömürcü Sokak Parkı,,leisure:park,park,40.8424459,29.3618722,37.116859101166874,2,11,0.45,0.15,0.5505286797120483,0.029411764705882353,0.33001154509008507,1,0,0,0,0
640522078,Barış Manço Parkı,,leisure:park,park,40.8408973,29.3616424,37.18627459943667,2,11,0.45,0.15,0.5496873786951204,0.029411764705882353,0.32975915478500667,1,0,0,0,0
1059942293,Talas Su Kemeri,,historic:aqueduct,historic,41.3543473,28.3725823,63.65483864865802,0,6,0.82,0.1,0.2288940341788347,0.0,0.3296682102536504,0,1,0,0,0
895555786,15 Temmuz Şehitleri ve Gazileri Hatıra Ormanı,,leisure:park,park,41.1086018,28.5553564,37.18575807595034,4,9,0.45,0.1,0.5496936388494829,0.058823529411764705,0.3296139740077861,1,0,0,0,0
688477893,İshakpaşa Parkı,,leisure:park,park,40.9030901,29.3792524,35.633415157569246,0,11,0.45,0.15,0.5685077035527131,0.0,0.32805231106581395,1,0,0,0,0
1086495907,Mimarsinan Sahil Parkı,,leisure:park,park,41.0030088,28.5531688,35.68699795340915,0,0,0.45,0.15,0.5678582915085216,0.0,0.32785748745255655,1,0,0,0,0
654316608,Şeyh Edebali Park,,leisure:park,park,40.8469297,29.3627114,36.9324868179562,1,11,0.45,0.15,0.552763232416051,0.014705882352941176,0.3270054403130506,1,0,0,0,0
6654822990,Büyük Atatürk Parkı,,leisure:park,park,41.0012198,28.5380949,36.9558724364749,1,0,0.45,0.15,0.5524798037130717,0.014705882352941176,0.32692041170215685,1,0,0,0,0
4511416267,Barış Manço & Arkadaşım Eşşek,,leisure:park,park,40.9950715,28.5379999,36.98623678911424,3,0,0.45,0.1,0.5521117942427003,0.04411764705882353,0.326662950037516,1,0,0,0,0
1097273213,Medeniyet Bulvarı Parkı,,leisure:park,park,40.9132003,29.38953,36.10254381316764,0,11,0.45,0.15,0.5628219644186225,0.0,0.32634658932558674,1,0,0,0,0
878206321,Mimar Sinan Sahil,,leisure:park,park,41.0127976,28.5601709,35.09588174150014,1,0,0.45,0.1,0.5750224937774265,0.014705882352941176,0.3261832187214633,1,0,0,0,0
655704890,Fatih Spor Tesisi,,leisure:park,park,40.8182415,29.3119803,35.09821837685811,1,11,0.45,0.1,0.5749941742558233,0.014705882352941176,0.3261747228649823,1,0,0,0,0
1274736997,Piri Reis Caddesi Parkı,,leisure:park,park,41.0101343,28.5472927,36.17409170537945,0,0,0.45,0.15,0.5619548192424416,0.0,0.32608644577273255,1,0,0,0,0
1297689834,Tuzla Belediyesi Kudret Parkı,,leisure:park,park,40.9084728,29.3899296,36.29296431281397,0,11,0.45,0.15,0.5605141086228789,0.0,0.3256542325868637,1,0,0,0,0
334810229,Mimaroba Atatürk Parkı,,leisure:park,park,41.0065899,28.5423216,36.591989762371256,0,0,0.45,0.15,0.5568899840243331,0.0,0.3245669952073,1,0,0,0,0
631115224,Sosyal Tesisler Parkı,,leisure:park,park,40.9269613,29.4157164,37.8124637430354,1,11,0.45,0.15,0.5420980999831634,0.014705882352941176,0.3238059005831843,1,0,0,0,0
689894179,6. Cadde Parkı,,leisure:park,park,40.9244699,29.4205787,38.276132015701336,1,11,0.45,0.15,0.5364785395242737,0.014705882352941176,0.3221200324455174,1,0,0,0,0
310503763,Şehit İbrahim Doğan Parkı,,leisure:park,park,40.8280148,29.3542032,37.39657895910846,0,11,0.45,0.15,0.5471385347616144,0.0,0.32164156042848435,1,0,0,0,0
654313105,Mimar Sinan Parkı,,leisure:park,park,40.834328,29.3622346,37.60107220440697,0,11,0.45,0.15,0.5446601202934813,0.0,0.3208980360880444,1,0,0,0,0
1108097141,Kurşunlugerme Su Kemeri,,historic:ruins,historic,41.3456501,28.3110051,67.28995407548031,1,6,0.82,0.1,0.18483721140202924,0.014705882352941176,0.32012763400884403,0,1,0,0,0
240067842,Kurşunlugerme Su Kemeri,,historic:aqueduct,historic,41.345627,28.3109834,67.29003759276485,1,6,0.82,0.1,0.18483619919037397,0.014705882352941176,0.32012733034534746,0,1,0,0,0
462011867,Dinlenme Alanı,,leisure:park,park,41.0012237,28.5378925,36.972842635829906,1,0,0.45,0.1,0.5522741285204893,0.014705882352941176,0.3193587091443821,1,0,0,0,0
654305071,Şehit İbrahim Doğan Parkı,,leisure:park,park,40.8322123,29.367584,38.10798563524173,0,11,0.45,0.15,0.5385164377516061,0.0,0.31905493132548185,1,0,0,0,0
835343286,İfaket Genç Parkı,,leisure:park,park,41.0002458,28.5194367,38.52383894483334,0,0,0.45,0.15,0.5334763844353787,0.0,0.31754291533061363,1,0,0,0,0
10139098094,Dervişkapı Germesi Kalıntıları,,historic:ruins,historic,41.3401596,28.3027031,67.53419067041774,0,6,0.82,0.1,0.1818771160225615,0.0,0.31556313480676845,0,1,0,0,0
835343285,Atatürk Parkı,,leisure:park,park,40.9986923,28.512773,39.087624593112736,0,0,0.45,0.15,0.5266434227618438,0.0,0.3154930268285532,1,0,0,0,0
10139098103,Ballıgerme Su kemer,,historic:ruins,historic,41.3480864,28.2894756,68.94024892531837,1,6,0.82,0.1,0.16483599020494943,0.014705882352941176,0.3141272676497201,0,1,0,0,0
487484995,Ballıgerme Su kemeri,,historic:aqueduct,historic,41.3480876,28.2894067,68.94514434193582,1,6,0.82,0.1,0.1647766588008509,0.014705882352941176,0.3141094682284905,0,1,0,0,0
1029660963,Ahmetiye Parkı,,leisure:park,park,41.0902942,28.5171388,39.74260657647543,0,9,0.45,0.15,0.5187051809800041,0.0,0.3131115542940012,1,0,0,0,0
10139098105,Gümüşpınar Germesi,,historic:ruins,historic,41.3394205,28.290729,68.33157712158004,0,6,0.82,0.1,0.17221296249822815,0.0,0.31266388874946843,0,1,0,0,0
857878120,Seymen Tümülüsü,,historic:archaeological_site,historic,41.1515783,28.1525751,71.03115469885816,0,8,0.82,0.1,0.13949465869505318,0.0,0.30284839760851595,0,1,0,0,0
8204835317,Evcik Plajı,Evcik Beach,tourism:attraction,attraction,41.4505511,28.38378,69.94323903098338,2,6,0.78,0.1,0.15267996429003072,0.029411764705882353,0.3021569304634798,0,0,0,1,0
8204836917,Anastasias Walls,,tourism:attraction,attraction,41.4501814,28.3817695,70.0341174051642,2,6,0.78,0.1,0.15157853779997055,0.029411764705882353,0.3018265025164617,0,0,0,1,0
6502395905,Atatürk Büstü,,historic:monument,historic,41.0688232,28.1268291,71.7391697670737,0,8,0.82,0.1,0.13091366724880682,0.0,0.300274100174642,0,1,0,0,0
677360853,Atatürk Parkı,,leisure:park,park,41.1427762,28.4573671,46.16731816751895,1,9,0.45,0.15,0.4408390483476966,0.014705882352941176,0.29342818509254426,1,0,0,0,0
1221971698,Çatalca 100. yıl Cumhuriyet Parkı,,leisure:park,park,41.1482065,28.456328,46.44690203478712,1,9,0.45,0.15,0.43745055157518686,0.014705882352941176,0.2924116360607914,1,0,0,0,0
370855853,Ulusal Egemenlik Parkı,,leisure:park,park,41.1378208,28.4639808,45.46709116727798,0,9,0.45,0.15,0.4493256500730559,0.0,0.29229769502191677,1,0,0,0,0
1059942295,Karamanoğlu Su Kemeri,,historic:aqueduct,historic,41.3927321,28.2428956,74.93191104478588,0,6,0.82,0.1,0.0922183247002708,0.0,0.28866549741008124,0,1,0,0,0
230833299,Çatalca Millet Bahçesi,,leisure:park,park,41.1449674,28.4634363,45.76604588265619,1,9,0.45,0.1,0.44570238275765695,0.014705882352941176,0.2873871854155324,1,0,0,0,0
1375786126,Rıdvan Yavuzbilge Yaşam Vadisi,,leisure:park,park,41.0452457,28.4289983,46.27073693405133,1,9,0.45,0.1,0.4395856349800512,0.014705882352941176,0.2855521610822507,1,0,0,0,0
12051923470,Ağva Feneri,,tourism:attraction,attraction,41.140838,29.8513446,74.64580393539435,2,20,0.78,0.1,0.09568588177442539,0.029411764705882353,0.28505870570879815,0,0,0,1,0
1375785342,Rıdvan Yavuzbilge Yaşam Vadisi,,leisure:park,park,41.0427568,28.4254221,46.546755021140655,1,9,0.45,0.1,0.4362403547019178,0.014705882352941176,0.28454857699881064,1,0,0,0,0
1080802195,Çantaköy Tümülüsü 1,,historic:tomb,historic,41.1147937,28.0688131,77.17647435779352,1,8,0.82,0.1,0.06501469662209935,0.014705882352941176,0.28418087957486504,0,1,0,0,0
9906334032,Çantaköy Tümülüsü 2,,historic:tomb,historic,41.1111664,28.0675176,77.22505829031398,1,8,0.82,0.1,0.06442586973394593,0.014705882352941176,0.284004231508419,0,1,0,0,0
875153620,Balibey İ.Ö. Okulu Yanı Parkı,,leisure:park,park,41.1764858,29.6136193,56.425846597196774,8,7,0.45,0.15,0.31650787425559246,0.11764705882352941,0.28186412698256014,1,0,0,0,0
875136147,75. Yıl Parkı,,leisure:park,park,41.1752219,29.6152508,56.50899040389303,8,7,0.45,0.15,0.315500189071904,0.11764705882352941,0.28156182142745356,1,0,0,0,0
8146165426,Balibey Muhtarlık Parkı,,leisure:park,park,41.1764232,29.6186149,56.81869678905622,7,7,0.45,0.15,0.31174661381448576,0.10294117647058823,0.2767592782619928,1,0,0,0,0
899466200,Balibey Muhtarlık Parkı,,leisure:park,park,41.176401,29.6186298,56.81907179160551,7,7,0.45,0.15,0.3117420688636616,0.10294117647058823,0.2767579147767456,1,0,0,0,0
1223138744,İBB Darlık Köy Parkı,,leisure:park,park,41.0425791,29.5759339,50.27117818388832,0,7,0.45,0.15,0.3911011412353341,0.0,0.2748303423706003,1,0,0,0,0
693972125,Vadi İçi Parkı,,leisure:park,park,41.1786918,29.6123936,56.41007450499693,6,7,0.45,0.15,0.31669902864528277,0.08823529411764706,0.2745685321229966,1,0,0,0,0
1080802196,Çantaköy Tümülüsü 3,,historic:tomb,historic,41.1134712,28.0484625,78.84167960663397,0,8,0.82,0.1,0.04483276457288732,0.0,0.2744498293718662,0,1,0,0,0
877945667,Kumbaba İBB Parkı,,leisure:park,park,41.1665962,29.5806343,53.45711920897782,3,7,0.45,0.15,0.35248821629654536,0.04411764705882353,0.27427587665366954,1,0,0,0,0
875157619,Çınar Parkı,,leisure:park,park,41.1732495,29.6068615,55.773672493584854,5,7,0.45,0.15,0.32441208513441167,0.07352941176470588,0.27320597848149997,1,0,0,0,0
875156654,Kadın Heykeli Parkı,,leisure:park,park,41.1751271,29.6074891,55.89161656708646,5,7,0.45,0.15,0.3229826281478484,0.07352941176470588,0.272777141385531,1,0,0,0,0
371474893,Boyacıdere Parkı,,leisure:park,park,41.1737321,29.6151465,56.44707265752428,5,7,0.45,0.15,0.31625061893676576,0.07352941176470588,0.2707575386222062,1,0,0,0,0
662233973,ağaçlık,,leisure:park,park,41.0487436,28.3923037,49.370115614668904,0,9,0.45,0.1,0.40202182717284096,0.0,0.2706065481518523,1,0,0,0,0
899467283,Kaymakamlık Yanı Parkı,,leisure:park,park,41.1717804,29.6067084,55.708562548665086,4,7,0.45,0.15,0.32520120376409034,0.058823529411764705,0.2697662434821683,1,0,0,0,0
875160223,Kumbaba Rekreasyon Alanı Parkı,,leisure:park,park,41.1683927,29.5830159,53.71087439632936,2,7,0.45,0.15,0.34941275760949764,0.029411764705882353,0.26967676845931987,1,0,0,0,0
7107675458,Atatürk Anıtı,,historic:monument,historic,41.4132745,28.1853018,80.18842075809195,0,6,0.82,0.1,0.028510549383180872,0.0,0.2695531648149542,0,1,0,0,0
875159220,Kocakoru Parkı,,leisure:park,park,41.1649056,29.5860743,53.82725957658549,2,7,0.45,0.15,0.34800219407620336,0.029411764705882353,0.2692535993993316,1,0,0,0,0
7177998220,Binkılıç Bizans Kalesi,,historic:castle,historic,41.419602,28.189778,80.27512524387915,0,6,0.82,0.1,0.027459709529212395,0.0,0.2692379128587637,0,1,0,0,0
899467170,Dostluk Parkı,,leisure:park,park,41.1715705,29.608686,55.85772278441756,4,7,0.45,0.15,0.3233934135565485,0.058823529411764705,0.26922390641990573,1,0,0,0,0
8146208979,Mesut Sokak Parkı,,leisure:park,park,41.1709054,29.6104261,55.97194942615906,4,7,0.45,0.15,0.3220090110491448,0.058823529411764705,0.2688085856676846,1,0,0,0,0
875151427,Tavanlı Parkı,,leisure:park,park,41.1766559,29.6208599,57.00478456130805,5,7,0.45,0.15,0.30949126974960794,0.07352941176470588,0.26872973386605886,1,0,0,0,0
691446435,7 EKİM PARKI,,leisure:park,park,41.1648542,29.5775549,53.1503506721085,1,7,0.45,0.15,0.35620618545995275,0.014705882352941176,0.26803832622622115,1,0,0,0,0
662233974,çimenlik piknik alanı,,leisure:park,park,41.0513922,28.383546,50.12807497719517,0,9,0.45,0.1,0.3928355215440177,0.0,0.2678506564632053,1,0,0,0,0
875156146,Maşatlık Parkı,,leisure:park,park,41.1798901,29.6134635,56.53892019484921,4,7,0.45,0.15,0.31513744639634167,0.058823529411764705,0.2667471162718437,1,0,0,0,0
9526312417,Çulsuz'un Yeri,Çulsuz Home,tourism:attraction,attraction,41.2992017,28.1221174,78.65504689548428,0,6,0.78,0.1,0.0470947131808479,0.0,0.26312841395425435,0,0,0,1,0
1301876829,Tümülüs,,historic:tomb,historic,41.111327,28.0034825,82.54081776173022,0,8,0.82,0.1,0.0,0.0,0.26099999999999995,0,1,0,0,0
875158926,Bayrak Parkı,,leisure:park,park,41.1668894,29.6088021,55.701633278487094,1,7,0.45,0.15,0.32528518503905934,0.014705882352941176,0.2587620260999531,1,0,0,0,0
1223137531,Ağlayan Kaya Mesire Alanı,,leisure:park,park,41.1773594,29.6232563,57.21988645226894,4,7,0.45,0.1,0.30688428076128194,0.058823529411764705,0.25677116658132576,1,0,0,0,0
691576270,Saklı Nehir Piknik Alanı,,leisure:park,park,41.153374,29.5936198,54.033432405381,0,7,0.45,0.1,0.3455034234147235,0.0,0.25365102702441705,1,0,0,0,0
1419056179,Yunus Can Toprakkaya Parkı,,leisure:park,park,41.0707671,28.2638224,60.33369375065748,2,8,0.45,0.15,0.269145601187591,0.029411764705882353,0.2455966215327479,1,0,0,0,0
1419056175,Kaptan Üstündağ Parkı,,leisure:park,park,41.0703121,28.2631039,60.38795084808244,2,8,0.45,0.15,0.2684880167521705,0.029411764705882353,0.24539934620212173,1,0,0,0,0
1419056172,Bozok Parkı,,leisure:park,park,41.0696636,28.2596681,60.66635628262955,2,8,0.45,0.15,0.2651138023326125,0.029411764705882353,0.24438708187625435,1,0,0,0,0
675322090,Şair Ahmet Erhan Parkı,,leisure:park,park,41.0789679,28.2566964,61.03450370672196,1,8,0.45,0.15,0.26065193416212773,0.014705882352941176,0.2393720508368736,1,0,0,0,0
1231332187,Silivri Belediyesi Parkı,,leisure:park,park,41.0857696,28.2582752,61.00244529577776,0,8,0.45,0.15,0.26104047525742635,0.0,0.2358121425772279,1,0,0,0,0
1295530289,Silivri Millet Bahçesi,,leisure:park,park,41.0775638,28.2554908,61.11550923332043,2,8,0.45,0.1,0.2596701644766434,0.029411764705882353,0.2352539905194636,1,0,0,0,0
1419056225,Kalepark,,leisure:park,park,41.0696046,28.2484386,61.601566295518914,0,8,0.45,0.15,0.2537792566692363,0.0,0.2336337770007709,1,0,0,0,0
454668410,Silivri Belediyesi Lozan Parkı,,leisure:park,park,41.0734152,28.2433336,62.07339879274142,0,8,0.45,0.15,0.24806074755200547,0.0,0.23191822426560163,1,0,0,0,0
1295513369,Atatürk Parkı,,leisure:park,park,41.0817367,28.24244,62.25870931192508,0,8,0.45,0.15,0.24581482362834917,0.0,0.23124444708850475,1,0,0,0,0
1022480204,Boğluca Yaşam Vadisi 1. Etap,,leisure:park,park,41.0788185,28.2502094,61.57197523033552,1,8,0.45,0.1,0.2541378940607596,0.014705882352941176,0.22991783880646316,1,0,0,0,0
12775914205,Masal Çocuk Diyarı Silivri,,leisure:park,park,41.0921011,28.257057,61.20404863215627,0,8,0.45,0.1,0.2585970858683292,0.0,0.22757912576049877,1,0,0,0,0
1115710134,Söğütlü Parkı,,leisure:park,park,41.0843555,28.1890414,66.73563563905661,0,8,0.45,0.15,0.1915554324893809,0.0,0.21496662974681427,1,0,0,0,0
861443571,Seymen Parkı,,leisure:park,park,41.159441,28.1684392,69.93714586141749,0,8,0.45,0.15,0.15275381220411133,0.0,0.2033261436612334,1,0,0,0,0
12042126578,Küçük Sinekli Gölet Orman Parkı,,leisure:park,park,41.2355825,28.1958655,70.25564265285698,0,8,0.45,0.15,0.1488936990996158,0.0,0.20216810972988475,1,0,0,0,0
691635753,Şuayipli Parkı,,leisure:park,park,41.1335501,29.8003413,70.29843582491954,0,20,0.45,0.15,0.14837505499172687,0.0,0.20201251649751806,1,0,0,0,0
875086270,Ağva Kıyı Rekreasyon Alanı Parkı,Ağva Coastal Recreation Area Park,leisure:park,park,41.1380152,29.8514943,74.59827624771347,3,20,0.45,0.15,0.09626190720066019,0.04411764705882353,0.19740798392490394,1,0,0,0,0
875150422,Demir Kofa Parkı,,leisure:park,park,41.1342744,29.8508022,74.46397261251926,2,20,0.45,0.15,0.09788963858172528,0.029411764705882353,0.19421983275098817,1,0,0,0,0
643530592,Öğretmenler Parkı,,leisure:park,park,41.1394293,29.8539692,74.83155348544909,2,20,0.45,0.15,0.09343463689035669,0.029411764705882353,0.1928833322435776,1,0,0,0,0
386498439,Ağva Büyük Şehir Parkı,,leisure:park,park,41.1354882,29.8455594,74.05740032611114,1,20,0.45,0.15,0.1028172078787205,0.014705882352941176,0.19202163295185143,1,0,0,0,0
875085177,Yakuplu Çeşmeli Parkı,,leisure:park,park,41.1319527,29.8409338,73.60423390697748,0,20,0.45,0.15,0.10830948811523111,0.0,0.18999284643456935,1,0,0,0,0
1221517781,Çanta Parkı,,leisure:park,park,41.0799007,28.0837299,75.4525696411758,0,8,0.45,0.15,0.08590805368683463,0.0,0.18327241610605038,1,0,0,0,0
677149483,Büyükbucaklı Köyü Parkı,,leisure:park,park,41.1176156,29.8866855,77.11592640048859,0,20,0.45,0.15,0.06574852493599492,0.0,0.1772245574807985,1,0,0,0,0
454668417,İBB Değirmenköy Parkı,,leisure:park,park,41.0967836,28.0254446,80.51267159275876,0,8,0.45,0.15,0.024580698503415266,0.0,0.16487420955102458,1,0,0,0,0
1184338886,Barış Parkı,,leisure:park,park,41.0996044,28.0101143,81.82527847070044,0,8,0.45,0.15,0.008672183420128099,0.0,0.16010165502603843,1,0,0,0,0
